business_id,business_name,plan_tier,seats,mrr,signup_date,renewal_date,is_power_user_seed
BUS-000000,Umbra Logistics,Mid,3,81.91,2024-12-19,2026-12-19,False
BUS-000001,Acme Retail,Mid,3,32.09,2025-02-11,2027-02-11,False
BUS-000002,Cedar Labs,Mid,14,68.15,2025-02-07,2027-02-07,False
BUS-000003,Stellar Media,Mid,5,78.87,2024-06-07,2026-06-07,False
BUS-000004,Pioneer Auto,Free,2,0.0,2025-10-18,2026-10-18,False
BUS-000005,Apex Logistics,Mid,15,33.04,2023-10-07,2026-10-06,False
BUS-000006,Initech Trading,Mid,16,74.0,2024-04-24,2027-04-24,False
BUS-000007,Umbra Supply,Mid,15,50.26,2025-11-22,2026-11-22,False
BUS-000008,Vertex Auto,Free,3,0.0,2024-04-17,2027-04-17,False
BUS-000009,Initech Consulting,Free,3,0.0,2024-11-04,2026-11-04,False
BUS-000010,Iron Supply,Free,1,0.0,2025-06-04,2026-06-04,False
BUS-000011,Harbor Trading,Free,3,0.0,2025-02-09,2027-02-09,False
BUS-000012,Apex Builders,Free,1,0.0,2024-07-27,2026-07-27,False
BUS-000013,Stellar Partners,Free,3,0.0,2024-07-29,2026-07-29,False
BUS-000014,Nova Builders,Free,3,0.0,2023-10-08,2026-10-07,False
BUS-000015,Bright Supply,Free,3,0.0,2024-11-12,2026-11-12,False
BUS-000016,Cobalt Logistics,Free,1,0.0,2023-06-26,2026-06-25,False
BUS-000017,Bright Logistics,Mid,16,37.68,2025-06-11,2026-06-11,False
BUS-000018,Cedar Labs,Free,3,0.0,2023-09-19,2026-09-18,False
BUS-000019,Harbor Bakery,Mid,4,77.72,2024-11-04,2026-11-04,False
BUS-000020,Acme Builders,Free,1,0.0,2023-10-18,2026-10-17,False
BUS-000021,Summit Retail,Premium,32,454.61,2025-09-29,2026-09-29,False
BUS-000022,Harbor Partners,Free,1,0.0,2026-05-03,2027-05-03,False
BUS-000023,Quantum Trading,Free,2,0.0,2024-08-13,2026-08-13,False
BUS-000024,Initech Partners,Free,3,0.0,2025-11-24,2026-11-24,False
BUS-000025,Cobalt Consulting,Mid,15,67.29,2025-08-20,2026-08-20,True
BUS-000026,Stellar Retail,Free,3,0.0,2023-12-20,2026-12-19,False
BUS-000027,Iron Bakery,Mid,9,99.66,2024-03-31,2027-03-31,False
BUS-000028,Acme Foods,Free,1,0.0,2024-06-11,2026-06-11,False
BUS-000029,Globex Media,Mid,3,34.97,2026-01-04,2027-01-04,False
BUS-000030,Cobalt Retail,Free,1,0.0,2024-10-11,2026-10-11,False
BUS-000031,Quantum Partners,Free,3,0.0,2023-09-09,2026-09-08,False
BUS-000032,Bright Works,Mid,6,36.6,2023-12-04,2026-12-03,False
BUS-000033,Globex Supply,Premium,16,554.02,2025-10-15,2026-10-15,False
BUS-000034,Iron Studios,Mid,15,90.32,2024-12-11,2026-12-11,False
BUS-000035,Quantum Logistics,Free,2,0.0,2023-09-30,2026-09-29,False
BUS-000036,Globex Labs,Free,3,0.0,2025-10-16,2026-10-16,False
BUS-000037,Cobalt Retail,Premium,40,249.79,2023-08-14,2026-08-13,False
BUS-000038,Apex Builders,Premium,17,248.78,2026-04-30,2027-04-30,False
BUS-000039,Nova Retail,Premium,68,321.15,2023-08-12,2026-08-11,False
BUS-000040,Harbor Trading,Free,1,0.0,2025-12-31,2026-12-31,False
BUS-000041,Vertex Trading,Free,2,0.0,2023-07-10,2026-07-09,False
BUS-000042,Initech Foods,Premium,20,660.81,2025-12-15,2026-12-15,False
BUS-000043,Globex Logistics,Free,3,0.0,2024-12-16,2026-12-16,False
BUS-000044,Harbor Builders,Free,3,0.0,2023-05-30,2027-05-29,False
BUS-000045,Quantum Builders,Free,3,0.0,2024-07-30,2026-07-30,False
BUS-000046,Iron Media,Free,3,0.0,2024-08-28,2026-08-28,False
BUS-000047,Initech Retail,Premium,19,155.59,2025-10-12,2026-10-12,False
BUS-000048,Initech Foods,Free,1,0.0,2024-05-20,2027-05-20,False
BUS-000049,Summit Labs,Free,1,0.0,2023-11-19,2026-11-18,False
BUS-000050,Nova Builders,Mid,11,50.96,2025-10-04,2026-10-04,False
BUS-000051,Cedar Health,Free,1,0.0,2025-06-20,2026-06-20,False
BUS-000052,Cedar Trading,Mid,14,54.0,2024-11-10,2026-11-10,False
BUS-000053,Globex Labs,Free,2,0.0,2024-10-15,2026-10-15,False
BUS-000054,Vertex Works,Free,1,0.0,2024-11-14,2026-11-14,False
BUS-000055,Nova Trading,Mid,9,69.26,2025-09-17,2026-09-17,True
BUS-000056,Summit Auto,Mid,12,68.68,2023-12-06,2026-12-05,True
BUS-000057,Quantum Bakery,Premium,15,689.35,2025-02-28,2027-02-28,False
BUS-000058,Nova Foods,Free,3,0.0,2024-01-23,2027-01-22,False
BUS-000059,Vertex Media,Premium,32,678.85,2026-03-15,2027-03-15,False
BUS-000060,Umbra Supply,Mid,9,86.16,2024-12-12,2026-12-12,False
BUS-000061,Pioneer Health,Premium,70,283.46,2023-10-05,2026-10-04,False
BUS-000062,Apex Media,Mid,16,45.93,2026-03-17,2027-03-17,False
BUS-000063,Pioneer Supply,Free,1,0.0,2024-10-10,2026-10-10,False
BUS-000064,Cedar Consulting,Mid,16,67.54,2026-03-09,2027-03-09,True
BUS-000065,Harbor Group,Mid,7,32.68,2023-11-27,2026-11-26,False
BUS-000066,Bright Labs,Mid,11,38.1,2025-04-10,2027-04-10,False
BUS-000067,Pioneer Group,Free,3,0.0,2025-03-27,2027-03-27,False
BUS-000068,Harbor Bakery,Free,3,0.0,2024-06-27,2026-06-27,False
BUS-000069,Summit Studios,Mid,7,65.5,2024-01-19,2027-01-18,False
BUS-000070,Vertex Health,Free,3,0.0,2024-03-19,2027-03-19,False
BUS-000071,Summit Retail,Free,1,0.0,2024-08-20,2026-08-20,False
BUS-000072,Iron Works,Free,3,0.0,2024-07-14,2026-07-14,False
BUS-000073,Cobalt Consulting,Free,1,0.0,2023-06-23,2026-06-22,False
BUS-000074,Quantum Health,Mid,7,66.08,2024-06-17,2026-06-17,True
BUS-000075,Acme Trading,Free,1,0.0,2025-07-07,2026-07-07,False
BUS-000076,Iron Group,Free,2,0.0,2025-12-06,2026-12-06,False
BUS-000077,Cobalt Supply,Premium,83,266.66,2024-03-09,2027-03-09,False
BUS-000078,Umbra Group,Free,3,0.0,2026-04-23,2027-04-23,False
BUS-000079,Iron Trading,Free,3,0.0,2023-06-09,2026-06-08,False
BUS-000080,Iron Media,Mid,17,89.38,2023-10-13,2026-10-12,True
BUS-000081,Bright Works,Premium,66,517.59,2023-07-06,2026-07-05,False
BUS-000082,Cedar Partners,Premium,70,420.04,2024-12-14,2026-12-14,False
BUS-000083,Harbor Media,Mid,7,60.79,2024-09-26,2026-09-26,False
BUS-000084,Apex Studios,Premium,20,233.02,2025-01-16,2027-01-16,False
BUS-000085,Bright Trading,Mid,4,59.04,2024-06-26,2026-06-26,False
BUS-000086,Acme Supply,Free,2,0.0,2024-02-27,2027-02-26,False
BUS-000087,Apex Group,Free,2,0.0,2024-08-31,2026-08-31,False
BUS-000088,Cobalt Foods,Free,3,0.0,2025-02-07,2027-02-07,False
BUS-000089,Apex Media,Free,2,0.0,2026-03-06,2027-03-06,False
BUS-000090,Nova Labs,Mid,15,58.3,2025-05-31,2027-05-31,False
BUS-000091,Initech Group,Premium,85,488.64,2026-03-10,2027-03-10,False
BUS-000092,Globex Builders,Free,2,0.0,2025-04-27,2027-04-27,False
BUS-000093,Harbor Media,Free,1,0.0,2023-10-16,2026-10-15,False
BUS-000094,Initech Partners,Mid,9,49.48,2023-12-23,2026-12-22,False
BUS-000095,Pioneer Foods,Free,3,0.0,2026-01-18,2027-01-18,False
BUS-000096,Quantum Retail,Mid,15,97.01,2026-02-11,2027-02-11,False
BUS-000097,Umbra Retail,Mid,12,40.67,2025-08-19,2026-08-19,False
BUS-000098,Vertex Bakery,Free,2,0.0,2024-04-09,2027-04-09,False
BUS-000099,Summit Supply,Mid,5,97.53,2025-09-25,2026-09-25,False
BUS-000100,Initech Foods,Free,3,0.0,2025-03-24,2027-03-24,False
BUS-000101,Globex Auto,Free,2,0.0,2025-08-30,2026-08-30,False
BUS-000102,Initech Media,Free,3,0.0,2024-04-06,2027-04-06,False
BUS-000103,Umbra Group,Free,2,0.0,2023-08-05,2026-08-04,False
BUS-000104,Nova Group,Premium,91,684.95,2023-10-06,2026-10-05,False
BUS-000105,Cobalt Works,Free,3,0.0,2024-10-28,2026-10-28,False
BUS-000106,Harbor Foods,Free,3,0.0,2024-11-01,2026-11-01,False
BUS-000107,Iron Supply,Mid,4,49.52,2023-10-24,2026-10-23,False
BUS-000108,Vertex Partners,Free,2,0.0,2024-07-08,2026-07-08,False
BUS-000109,Cedar Builders,Free,2,0.0,2024-06-06,2026-06-06,False
BUS-000110,Bright Partners,Mid,11,96.36,2025-11-10,2026-11-10,False
BUS-000111,Acme Logistics,Mid,6,78.34,2023-08-03,2026-08-02,False
BUS-000112,Summit Auto,Free,2,0.0,2024-12-22,2026-12-22,False
BUS-000113,Bright Media,Free,3,0.0,2024-05-30,2027-05-30,False
BUS-000114,Summit Builders,Free,2,0.0,2024-10-27,2026-10-27,False
BUS-000115,Harbor Bakery,Free,3,0.0,2025-04-05,2027-04-05,False
BUS-000116,Cobalt Builders,Mid,15,78.31,2025-04-07,2027-04-07,False
BUS-000117,Stellar Health,Mid,15,66.72,2024-10-02,2026-10-02,False
BUS-000118,Acme Studios,Free,1,0.0,2024-08-23,2026-08-23,False
BUS-000119,Nova Partners,Free,1,0.0,2024-09-13,2026-09-13,False
BUS-000120,Cobalt Partners,Free,1,0.0,2024-09-29,2026-09-29,False
BUS-000121,Cedar Partners,Free,1,0.0,2026-01-19,2027-01-19,False
BUS-000122,Cobalt Logistics,Free,1,0.0,2024-02-04,2027-02-03,False
BUS-000123,Summit Logistics,Mid,13,33.75,2025-07-03,2026-07-03,False
BUS-000124,Quantum Supply,Premium,25,484.84,2024-01-03,2027-01-02,False
BUS-000125,Bright Health,Free,2,0.0,2024-09-03,2026-09-03,False
BUS-000126,Stellar Retail,Mid,3,72.67,2025-10-13,2026-10-13,False
BUS-000127,Quantum Consulting,Free,1,0.0,2025-06-17,2026-06-17,False
BUS-000128,Cobalt Health,Mid,5,30.19,2023-10-25,2026-10-24,False
BUS-000129,Iron Logistics,Free,2,0.0,2024-10-02,2026-10-02,False
BUS-000130,Quantum Studios,Mid,17,48.52,2025-03-25,2027-03-25,False
BUS-000131,Summit Health,Premium,28,192.85,2025-05-30,2027-05-30,False
BUS-000132,Apex Builders,Free,2,0.0,2024-08-20,2026-08-20,False
BUS-000133,Initech Trading,Free,2,0.0,2023-11-20,2026-11-19,False
BUS-000134,Initech Foods,Premium,51,512.23,2026-03-13,2027-03-13,False
BUS-000135,Cedar Trading,Premium,83,502.27,2026-03-23,2027-03-23,False
BUS-000136,Vertex Group,Mid,5,62.94,2023-11-11,2026-11-10,False
BUS-000137,Harbor Media,Mid,10,97.83,2023-09-15,2026-09-14,False
BUS-000138,Summit Supply,Mid,16,41.26,2024-01-12,2027-01-11,False
BUS-000139,Harbor Bakery,Mid,11,32.57,2025-11-05,2026-11-05,False
BUS-000140,Iron Group,Premium,61,668.95,2026-05-02,2027-05-02,False
BUS-000141,Cobalt Works,Free,3,0.0,2024-04-24,2027-04-24,False
BUS-000142,Iron Partners,Mid,6,48.69,2025-08-09,2026-08-09,False
BUS-000143,Vertex Health,Free,3,0.0,2024-12-30,2026-12-30,False
BUS-000144,Umbra Works,Mid,11,58.56,2025-01-29,2027-01-29,False
BUS-000145,Summit Builders,Premium,92,649.29,2023-07-19,2026-07-18,False
BUS-000146,Quantum Works,Free,2,0.0,2023-09-10,2026-09-09,False
BUS-000147,Nova Logistics,Mid,9,43.34,2023-06-29,2026-06-28,False
BUS-000148,Cedar Labs,Free,2,0.0,2024-06-07,2026-06-07,False
BUS-000149,Nova Works,Free,2,0.0,2023-08-06,2026-08-05,False
BUS-000150,Apex Works,Free,2,0.0,2024-06-23,2026-06-23,False
BUS-000151,Apex Foods,Premium,34,738.46,2024-12-31,2026-12-31,False
BUS-000152,Apex Supply,Premium,62,176.19,2023-09-09,2026-09-08,False
BUS-000153,Globex Studios,Premium,93,738.49,2023-07-25,2026-07-24,False
BUS-000154,Umbra Works,Free,3,0.0,2024-06-24,2026-06-24,False
BUS-000155,Nova Group,Free,2,0.0,2026-04-03,2027-04-03,False
BUS-000156,Harbor Supply,Premium,29,194.9,2024-11-08,2026-11-08,False
BUS-000157,Cobalt Trading,Mid,16,53.0,2024-03-17,2027-03-17,False
BUS-000158,Initech Group,Mid,6,74.18,2024-09-23,2026-09-23,False
BUS-000159,Iron Consulting,Premium,91,572.33,2025-10-11,2026-10-11,False
BUS-000160,Summit Auto,Mid,17,32.03,2024-07-09,2026-07-09,False
BUS-000161,Bright Consulting,Free,1,0.0,2024-12-20,2026-12-20,False
BUS-000162,Quantum Partners,Free,1,0.0,2024-03-12,2027-03-12,False
BUS-000163,Iron Builders,Premium,28,289.31,2024-11-30,2026-11-30,False
BUS-000164,Vertex Logistics,Mid,17,86.32,2024-09-22,2026-09-22,False
BUS-000165,Bright Builders,Free,2,0.0,2024-08-30,2026-08-30,False
BUS-000166,Apex Partners,Free,2,0.0,2025-03-23,2027-03-23,False
BUS-000167,Summit Health,Free,2,0.0,2024-04-29,2027-04-29,False
BUS-000168,Cedar Labs,Free,3,0.0,2024-02-14,2027-02-13,False
BUS-000169,Cobalt Health,Mid,13,84.48,2026-01-24,2027-01-24,False
BUS-000170,Stellar Builders,Mid,6,72.49,2024-05-13,2027-05-13,False
BUS-000171,Globex Health,Mid,14,83.72,2025-07-28,2026-07-28,False
BUS-000172,Summit Media,Mid,3,70.57,2025-08-08,2026-08-08,True
BUS-000173,Cedar Consulting,Mid,5,44.06,2024-04-15,2027-04-15,False
BUS-000174,Harbor Bakery,Free,2,0.0,2024-09-07,2026-09-07,False
BUS-000175,Quantum Supply,Free,1,0.0,2025-07-20,2026-07-20,False
BUS-000176,Acme Builders,Premium,81,369.47,2024-02-16,2027-02-15,False
BUS-000177,Cedar Supply,Free,2,0.0,2024-04-10,2027-04-10,False
BUS-000178,Harbor Foods,Mid,8,37.58,2025-01-11,2027-01-11,False
BUS-000179,Umbra Studios,Mid,13,87.67,2024-08-24,2026-08-24,False
BUS-000180,Cobalt Bakery,Free,1,0.0,2024-08-19,2026-08-19,False
BUS-000181,Apex Works,Free,3,0.0,2025-07-31,2026-07-31,False
BUS-000182,Nova Group,Free,3,0.0,2023-12-28,2026-12-27,False
BUS-000183,Cedar Trading,Mid,16,64.25,2024-01-20,2027-01-19,False
BUS-000184,Umbra Auto,Mid,6,61.04,2025-01-06,2027-01-06,False
BUS-000185,Globex Supply,Free,3,0.0,2024-04-30,2027-04-30,False
BUS-000186,Initech Retail,Free,1,0.0,2023-10-16,2026-10-15,False
BUS-000187,Quantum Studios,Mid,12,97.98,2026-01-21,2027-01-21,False
BUS-000188,Quantum Media,Mid,6,34.8,2025-03-06,2027-03-06,False
BUS-000189,Nova Studios,Mid,15,93.04,2026-04-29,2027-04-29,False
BUS-000190,Acme Studios,Free,1,0.0,2025-09-21,2026-09-21,False
BUS-000191,Acme Consulting,Free,1,0.0,2024-07-10,2026-07-10,False
BUS-000192,Umbra Logistics,Free,1,0.0,2023-12-24,2026-12-23,False
BUS-000193,Umbra Works,Free,2,0.0,2023-06-18,2026-06-17,False
BUS-000194,Summit Works,Free,3,0.0,2026-02-05,2027-02-05,False
BUS-000195,Bright Bakery,Mid,3,34.26,2023-08-28,2026-08-27,False
BUS-000196,Initech Media,Free,2,0.0,2025-12-05,2026-12-05,False
BUS-000197,Summit Works,Mid,4,38.83,2024-07-08,2026-07-08,False
BUS-000198,Umbra Retail,Free,2,0.0,2025-10-13,2026-10-13,False
BUS-000199,Harbor Works,Free,1,0.0,2024-01-08,2027-01-07,False
BUS-000200,Harbor Group,Free,3,0.0,2025-10-22,2026-10-22,False
BUS-000201,Nova Partners,Free,2,0.0,2024-03-29,2027-03-29,False
BUS-000202,Bright Bakery,Free,1,0.0,2025-10-26,2026-10-26,False
BUS-000203,Harbor Bakery,Mid,8,86.82,2026-01-02,2027-01-02,False
BUS-000204,Globex Health,Free,3,0.0,2023-12-20,2026-12-19,False
BUS-000205,Cobalt Foods,Mid,8,37.25,2023-06-30,2026-06-29,False
BUS-000206,Cedar Foods,Mid,8,89.18,2024-04-12,2027-04-12,True
BUS-000207,Cedar Labs,Mid,16,69.27,2026-03-12,2027-03-12,False
BUS-000208,Harbor Auto,Free,3,0.0,2024-08-10,2026-08-10,False
BUS-000209,Initech Studios,Free,1,0.0,2024-02-04,2027-02-03,False
BUS-000210,Iron Media,Mid,3,36.42,2025-02-18,2027-02-18,False
BUS-000211,Initech Trading,Free,2,0.0,2024-07-09,2026-07-09,False
BUS-000212,Initech Builders,Free,3,0.0,2026-01-23,2027-01-23,False
BUS-000213,Iron Group,Free,2,0.0,2023-08-14,2026-08-13,False
BUS-000214,Pioneer Group,Free,3,0.0,2025-09-13,2026-09-13,False
BUS-000215,Summit Trading,Free,3,0.0,2023-08-12,2026-08-11,False
BUS-000216,Acme Retail,Free,3,0.0,2026-01-12,2027-01-12,False
BUS-000217,Cedar Health,Free,1,0.0,2025-07-27,2026-07-27,False
BUS-000218,Bright Consulting,Free,1,0.0,2023-07-21,2026-07-20,False
BUS-000219,Pioneer Logistics,Free,3,0.0,2025-01-18,2027-01-18,False
BUS-000220,Bright Labs,Free,3,0.0,2026-02-07,2027-02-07,False
BUS-000221,Bright Supply,Free,1,0.0,2024-08-01,2026-08-01,False
BUS-000222,Harbor Consulting,Mid,9,50.27,2024-01-26,2027-01-25,True
BUS-000223,Umbra Foods,Mid,12,62.21,2024-04-23,2027-04-23,True
BUS-000224,Initech Supply,Free,2,0.0,2023-05-27,2027-05-26,False
BUS-000225,Initech Bakery,Premium,53,282.94,2025-05-25,2027-05-25,False
BUS-000226,Pioneer Studios,Free,1,0.0,2024-05-19,2027-05-19,False
BUS-000227,Stellar Consulting,Free,1,0.0,2024-11-26,2026-11-26,False
BUS-000228,Cobalt Works,Mid,15,83.14,2025-12-01,2026-12-01,False
BUS-000229,Harbor Studios,Mid,15,70.56,2024-07-12,2026-07-12,False
BUS-000230,Summit Builders,Free,2,0.0,2023-11-11,2026-11-10,False
BUS-000231,Globex Trading,Mid,8,65.51,2024-08-07,2026-08-07,False
BUS-000232,Initech Supply,Free,2,0.0,2025-11-28,2026-11-28,False
BUS-000233,Iron Retail,Free,3,0.0,2026-02-09,2027-02-09,False
BUS-000234,Nova Trading,Free,2,0.0,2023-07-13,2026-07-12,False
BUS-000235,Vertex Trading,Free,2,0.0,2025-11-13,2026-11-13,False
BUS-000236,Vertex Auto,Free,2,0.0,2023-11-17,2026-11-16,False
BUS-000237,Bright Media,Free,2,0.0,2024-03-02,2027-03-02,False
BUS-000238,Umbra Supply,Mid,3,85.25,2024-06-18,2026-06-18,True
BUS-000239,Harbor Logistics,Free,3,0.0,2025-07-01,2026-07-01,False
BUS-000240,Apex Studios,Mid,5,94.17,2024-08-07,2026-08-07,False
BUS-000241,Harbor Studios,Mid,4,51.67,2024-03-24,2027-03-24,False
BUS-000242,Bright Auto,Mid,16,96.3,2023-05-22,2027-05-21,True
BUS-000243,Stellar Media,Free,2,0.0,2025-04-30,2027-04-30,False
BUS-000244,Nova Logistics,Premium,72,265.2,2025-07-27,2026-07-27,False
BUS-000245,Globex Media,Free,1,0.0,2023-06-30,2026-06-29,False
BUS-000246,Nova Consulting,Premium,89,228.63,2024-03-24,2027-03-24,False
BUS-000247,Iron Trading,Free,3,0.0,2025-05-30,2027-05-30,False
BUS-000248,Iron Health,Free,3,0.0,2025-01-03,2027-01-03,False
BUS-000249,Cobalt Retail,Mid,15,61.42,2024-12-31,2026-12-31,False
BUS-000250,Iron Health,Free,3,0.0,2023-11-14,2026-11-13,False
BUS-000251,Nova Builders,Mid,11,66.92,2025-06-07,2026-06-07,False
BUS-000252,Umbra Bakery,Free,2,0.0,2024-04-04,2027-04-04,False
BUS-000253,Iron Studios,Free,1,0.0,2024-10-23,2026-10-23,False
BUS-000254,Pioneer Labs,Mid,4,96.25,2025-02-04,2027-02-04,False
BUS-000255,Pioneer Foods,Free,2,0.0,2023-07-11,2026-07-10,False
BUS-000256,Quantum Labs,Free,1,0.0,2024-03-28,2027-03-28,False
BUS-000257,Nova Studios,Free,1,0.0,2024-06-17,2026-06-17,False
BUS-000258,Cobalt Works,Free,2,0.0,2025-07-24,2026-07-24,False
BUS-000259,Nova Group,Mid,17,35.55,2024-11-26,2026-11-26,False
BUS-000260,Summit Bakery,Free,2,0.0,2025-01-03,2027-01-03,False
BUS-000261,Initech Bakery,Free,2,0.0,2023-10-11,2026-10-10,False
BUS-000262,Quantum Studios,Mid,10,71.77,2026-04-01,2027-04-01,False
BUS-000263,Quantum Group,Free,1,0.0,2024-05-12,2027-05-12,False
BUS-000264,Pioneer Logistics,Free,3,0.0,2025-11-10,2026-11-10,False
BUS-000265,Acme Supply,Premium,79,454.4,2023-06-30,2026-06-29,False
BUS-000266,Cedar Labs,Premium,15,531.4,2024-03-31,2027-03-31,False
BUS-000267,Quantum Bakery,Free,1,0.0,2024-05-28,2027-05-28,False
BUS-000268,Harbor Consulting,Mid,14,82.97,2025-08-04,2026-08-04,True
BUS-000269,Nova Logistics,Mid,13,62.52,2023-08-28,2026-08-27,False
BUS-000270,Stellar Trading,Mid,10,32.59,2025-03-18,2027-03-18,True
BUS-000271,Apex Partners,Free,2,0.0,2023-06-14,2026-06-13,False
BUS-000272,Summit Auto,Free,3,0.0,2025-04-08,2027-04-08,False
BUS-000273,Cedar Bakery,Premium,16,669.48,2024-06-24,2026-06-24,False
BUS-000274,Apex Media,Mid,9,92.26,2023-11-16,2026-11-15,False
BUS-000275,Cedar Logistics,Premium,73,565.24,2024-04-12,2027-04-12,False
BUS-000276,Harbor Bakery,Mid,4,60.14,2025-04-30,2027-04-30,False
BUS-000277,Summit Works,Free,3,0.0,2024-09-06,2026-09-06,False
BUS-000278,Globex Auto,Mid,9,41.67,2023-11-07,2026-11-06,False
BUS-000279,Apex Auto,Mid,9,49.22,2026-01-07,2027-01-07,True
BUS-000280,Acme Studios,Free,3,0.0,2025-06-11,2026-06-11,False
BUS-000281,Quantum Auto,Mid,13,84.69,2026-02-22,2027-02-22,True
BUS-000282,Nova Works,Free,3,0.0,2026-02-27,2027-02-27,False
BUS-000283,Nova Auto,Premium,57,416.36,2025-11-28,2026-11-28,False
BUS-000284,Quantum Bakery,Free,3,0.0,2024-10-11,2026-10-11,False
BUS-000285,Apex Bakery,Free,1,0.0,2023-07-17,2026-07-16,False
BUS-000286,Stellar Health,Free,2,0.0,2023-11-03,2026-11-02,False
BUS-000287,Iron Consulting,Mid,10,44.01,2025-07-31,2026-07-31,False
BUS-000288,Pioneer Logistics,Premium,66,748.36,2024-07-19,2026-07-19,False
BUS-000289,Vertex Consulting,Free,2,0.0,2024-08-28,2026-08-28,False
BUS-000290,Quantum Partners,Mid,11,45.7,2025-03-19,2027-03-19,False
BUS-000291,Iron Studios,Free,3,0.0,2024-04-09,2027-04-09,False
BUS-000292,Cobalt Group,Mid,4,34.6,2024-02-09,2027-02-08,False
BUS-000293,Initech Works,Mid,16,70.24,2025-08-21,2026-08-21,False
BUS-000294,Nova Consulting,Free,3,0.0,2024-05-29,2027-05-29,False
BUS-000295,Nova Health,Mid,5,60.28,2026-01-11,2027-01-11,False
BUS-000296,Pioneer Health,Free,2,0.0,2025-01-28,2027-01-28,False
BUS-000297,Summit Logistics,Mid,7,43.74,2024-10-19,2026-10-19,True
BUS-000298,Vertex Media,Free,1,0.0,2025-06-23,2026-06-23,False
BUS-000299,Cedar Retail,Mid,12,32.88,2026-03-07,2027-03-07,True
BUS-000300,Summit Health,Mid,9,73.27,2026-03-03,2027-03-03,False
BUS-000301,Summit Works,Free,3,0.0,2024-01-24,2027-01-23,False
BUS-000302,Iron Group,Free,1,0.0,2025-06-15,2026-06-15,False
BUS-000303,Nova Media,Free,1,0.0,2024-06-07,2026-06-07,False
BUS-000304,Apex Studios,Premium,50,590.52,2024-05-27,2027-05-27,False
BUS-000305,Umbra Builders,Mid,11,69.32,2024-07-20,2026-07-20,False
BUS-000306,Globex Health,Free,1,0.0,2025-10-18,2026-10-18,False
BUS-000307,Harbor Media,Premium,88,400.88,2025-06-11,2026-06-11,False
BUS-000308,Iron Partners,Free,1,0.0,2023-07-19,2026-07-18,False
BUS-000309,Iron Foods,Premium,73,163.91,2024-02-19,2027-02-18,False
BUS-000310,Globex Health,Free,2,0.0,2026-01-25,2027-01-25,False
BUS-000311,Summit Labs,Free,3,0.0,2023-09-14,2026-09-13,False
BUS-000312,Apex Auto,Mid,9,39.38,2024-11-09,2026-11-09,False
BUS-000313,Pioneer Health,Free,1,0.0,2025-04-01,2027-04-01,False
BUS-000314,Cedar Bakery,Free,3,0.0,2023-10-25,2026-10-24,False
BUS-000315,Pioneer Media,Free,1,0.0,2024-02-18,2027-02-17,False
BUS-000316,Apex Trading,Mid,8,82.85,2025-03-23,2027-03-23,False
BUS-000317,Cobalt Works,Free,1,0.0,2024-06-21,2026-06-21,False
BUS-000318,Harbor Media,Free,3,0.0,2025-07-22,2026-07-22,False
BUS-000319,Harbor Partners,Free,3,0.0,2024-08-30,2026-08-30,False
BUS-000320,Umbra Group,Mid,7,63.24,2026-03-31,2027-03-31,False
BUS-000321,Cedar Foods,Mid,15,92.91,2026-03-11,2027-03-11,False
BUS-000322,Apex Studios,Mid,12,63.63,2023-05-27,2027-05-26,False
BUS-000323,Iron Media,Mid,6,32.21,2025-09-21,2026-09-21,False
BUS-000324,Bright Partners,Free,2,0.0,2025-03-13,2027-03-13,False
BUS-000325,Stellar Media,Premium,17,573.47,2023-06-07,2026-06-06,False
BUS-000326,Vertex Works,Premium,71,465.29,2024-07-31,2026-07-31,False
BUS-000327,Cobalt Retail,Premium,53,477.76,2024-11-09,2026-11-09,False
BUS-000328,Summit Health,Premium,45,484.85,2025-01-29,2027-01-29,False
BUS-000329,Cedar Health,Mid,14,79.35,2024-07-24,2026-07-24,False
BUS-000330,Apex Auto,Free,3,0.0,2024-03-18,2027-03-18,False
BUS-000331,Initech Auto,Premium,28,324.27,2024-09-22,2026-09-22,False
BUS-000332,Stellar Retail,Premium,93,303.87,2023-08-27,2026-08-26,False
BUS-000333,Quantum Foods,Mid,7,95.31,2024-10-25,2026-10-25,True
BUS-000334,Quantum Trading,Free,3,0.0,2025-01-27,2027-01-27,False
BUS-000335,Umbra Studios,Free,2,0.0,2023-09-10,2026-09-09,False
BUS-000336,Bright Partners,Free,3,0.0,2025-06-15,2026-06-15,False
BUS-000337,Harbor Health,Free,1,0.0,2024-09-23,2026-09-23,False
BUS-000338,Globex Consulting,Mid,17,83.81,2025-01-14,2027-01-14,False
BUS-000339,Apex Partners,Free,1,0.0,2026-02-19,2027-02-19,False
BUS-000340,Globex Labs,Free,3,0.0,2024-09-19,2026-09-19,False
BUS-000341,Harbor Health,Free,3,0.0,2025-09-27,2026-09-27,False
BUS-000342,Cobalt Studios,Free,3,0.0,2023-05-27,2027-05-26,False
BUS-000343,Harbor Consulting,Premium,69,313.7,2025-09-16,2026-09-16,False
BUS-000344,Harbor Health,Mid,13,48.01,2025-04-18,2027-04-18,True
BUS-000345,Harbor Logistics,Mid,15,43.52,2024-01-25,2027-01-24,False
BUS-000346,Nova Partners,Free,1,0.0,2025-04-21,2027-04-21,False
BUS-000347,Cedar Supply,Free,1,0.0,2026-04-21,2027-04-21,False
BUS-000348,Summit Labs,Free,2,0.0,2024-06-28,2026-06-28,False
BUS-000349,Globex Bakery,Free,2,0.0,2025-01-06,2027-01-06,False
BUS-000350,Summit Bakery,Free,1,0.0,2024-01-25,2027-01-24,False
BUS-000351,Nova Partners,Mid,7,55.73,2025-02-06,2027-02-06,False
BUS-000352,Bright Partners,Free,3,0.0,2024-03-30,2027-03-30,False
BUS-000353,Initech Works,Mid,15,76.49,2025-02-11,2027-02-11,False
BUS-000354,Umbra Trading,Free,2,0.0,2025-11-26,2026-11-26,False
BUS-000355,Iron Bakery,Mid,17,65.38,2025-07-02,2026-07-02,True
BUS-000356,Iron Trading,Mid,14,70.82,2025-10-30,2026-10-30,False
BUS-000357,Iron Trading,Free,3,0.0,2024-01-05,2027-01-04,False
BUS-000358,Acme Retail,Mid,13,86.48,2026-03-21,2027-03-21,False
BUS-000359,Globex Logistics,Mid,3,59.66,2025-12-25,2026-12-25,False
BUS-000360,Vertex Studios,Premium,70,169.04,2024-01-18,2027-01-17,False
BUS-000361,Apex Works,Mid,14,75.21,2023-12-26,2026-12-25,False
BUS-000362,Pioneer Bakery,Premium,58,375.39,2025-08-05,2026-08-05,False
BUS-000363,Nova Foods,Free,3,0.0,2024-02-20,2027-02-19,False
BUS-000364,Bright Supply,Mid,15,31.59,2024-08-31,2026-08-31,False
BUS-000365,Umbra Trading,Mid,6,62.24,2025-06-21,2026-06-21,False
BUS-000366,Initech Bakery,Mid,9,73.04,2026-04-02,2027-04-02,False
BUS-000367,Globex Supply,Mid,10,71.84,2026-01-25,2027-01-25,False
BUS-000368,Globex Studios,Free,3,0.0,2025-02-14,2027-02-14,False
BUS-000369,Harbor Media,Free,2,0.0,2025-01-10,2027-01-10,False
BUS-000370,Quantum Group,Free,1,0.0,2023-06-02,2027-06-01,False
BUS-000371,Bright Partners,Free,1,0.0,2025-05-11,2027-05-11,False
BUS-000372,Harbor Group,Free,2,0.0,2024-03-15,2027-03-15,False
BUS-000373,Vertex Partners,Free,2,0.0,2024-03-25,2027-03-25,False
BUS-000374,Nova Works,Free,1,0.0,2024-08-27,2026-08-27,False
BUS-000375,Nova Supply,Premium,81,397.61,2024-01-02,2027-01-01,False
BUS-000376,Initech Works,Free,1,0.0,2024-06-27,2026-06-27,False
BUS-000377,Apex Trading,Mid,4,67.49,2025-04-09,2027-04-09,True
BUS-000378,Cobalt Retail,Premium,34,632.79,2025-02-14,2027-02-14,False
BUS-000379,Stellar Retail,Premium,52,331.91,2026-04-03,2027-04-03,False
BUS-000380,Quantum Retail,Premium,25,598.13,2023-08-28,2026-08-27,False
BUS-000381,Summit Supply,Free,1,0.0,2024-07-15,2026-07-15,False
BUS-000382,Summit Builders,Free,3,0.0,2024-04-29,2027-04-29,False
BUS-000383,Umbra Partners,Free,2,0.0,2023-09-23,2026-09-22,False
BUS-000384,Globex Foods,Mid,8,94.0,2024-04-05,2027-04-05,False
BUS-000385,Stellar Media,Mid,3,48.25,2023-12-31,2026-12-30,False
BUS-000386,Cobalt Media,Free,3,0.0,2024-12-17,2026-12-17,False
BUS-000387,Iron Consulting,Free,2,0.0,2023-08-04,2026-08-03,False
BUS-000388,Globex Trading,Mid,8,41.85,2023-08-08,2026-08-07,False
BUS-000389,Bright Studios,Mid,4,96.16,2026-01-25,2027-01-25,False
BUS-000390,Iron Auto,Mid,6,34.76,2025-06-29,2026-06-29,True
BUS-000391,Cobalt Labs,Free,3,0.0,2023-08-19,2026-08-18,False
BUS-000392,Acme Labs,Free,3,0.0,2024-01-13,2027-01-12,False
BUS-000393,Acme Group,Free,2,0.0,2024-09-24,2026-09-24,False
BUS-000394,Quantum Retail,Mid,17,42.55,2025-10-19,2026-10-19,False
BUS-000395,Initech Auto,Mid,7,87.07,2024-11-03,2026-11-03,False
BUS-000396,Summit Logistics,Premium,68,489.0,2025-01-27,2027-01-27,False
BUS-000397,Apex Supply,Mid,16,75.49,2026-03-01,2027-03-01,True
BUS-000398,Bright Media,Mid,3,74.57,2025-05-19,2027-05-19,True
BUS-000399,Cobalt Builders,Mid,16,98.17,2026-02-06,2027-02-06,False
BUS-000400,Globex Consulting,Free,1,0.0,2024-10-07,2026-10-07,False
BUS-000401,Nova Supply,Premium,50,159.39,2025-03-06,2027-03-06,False
BUS-000402,Apex Media,Premium,48,247.47,2024-12-28,2026-12-28,False
BUS-000403,Initech Auto,Free,3,0.0,2025-07-22,2026-07-22,False
BUS-000404,Initech Media,Free,2,0.0,2025-01-14,2027-01-14,False
BUS-000405,Harbor Labs,Mid,12,96.84,2024-02-12,2027-02-11,False
BUS-000406,Apex Group,Mid,15,99.48,2023-08-04,2026-08-03,False
BUS-000407,Initech Health,Free,3,0.0,2024-03-17,2027-03-17,False
BUS-000408,Nova Supply,Mid,14,35.15,2024-11-02,2026-11-02,True
BUS-000409,Acme Health,Free,1,0.0,2025-10-29,2026-10-29,False
BUS-000410,Nova Logistics,Free,2,0.0,2025-10-07,2026-10-07,False
BUS-000411,Bright Bakery,Free,2,0.0,2023-06-20,2026-06-19,False
BUS-000412,Harbor Supply,Free,2,0.0,2025-10-26,2026-10-26,False
BUS-000413,Initech Foods,Free,2,0.0,2024-03-01,2027-03-01,False
BUS-000414,Summit Builders,Mid,5,77.97,2025-05-22,2027-05-22,True
BUS-000415,Bright Builders,Free,1,0.0,2025-05-27,2027-05-27,False
BUS-000416,Pioneer Builders,Free,2,0.0,2025-11-28,2026-11-28,False
BUS-000417,Iron Bakery,Premium,90,447.48,2025-03-30,2027-03-30,False
BUS-000418,Harbor Supply,Free,1,0.0,2024-02-14,2027-02-13,False
BUS-000419,Nova Health,Mid,8,60.82,2023-12-05,2026-12-04,False
BUS-000420,Cobalt Media,Free,3,0.0,2025-03-19,2027-03-19,False
BUS-000421,Summit Partners,Free,2,0.0,2024-07-20,2026-07-20,False
BUS-000422,Apex Auto,Premium,41,345.53,2024-10-07,2026-10-07,False
BUS-000423,Vertex Labs,Free,3,0.0,2025-03-21,2027-03-21,False
BUS-000424,Iron Health,Premium,69,715.78,2025-03-01,2027-03-01,False
BUS-000425,Nova Health,Mid,4,87.33,2024-01-18,2027-01-17,False
BUS-000426,Bright Supply,Free,3,0.0,2025-06-23,2026-06-23,False
BUS-000427,Apex Group,Free,3,0.0,2023-08-27,2026-08-26,False
BUS-000428,Umbra Foods,Free,2,0.0,2025-11-11,2026-11-11,False
BUS-000429,Apex Media,Mid,8,41.64,2026-02-03,2027-02-03,False
BUS-000430,Cedar Foods,Premium,65,213.57,2025-10-15,2026-10-15,False
BUS-000431,Iron Auto,Free,3,0.0,2025-02-06,2027-02-06,False
BUS-000432,Nova Auto,Free,3,0.0,2023-07-15,2026-07-14,False
BUS-000433,Initech Bakery,Premium,71,212.73,2024-01-04,2027-01-03,False
BUS-000434,Stellar Partners,Mid,14,39.92,2024-08-04,2026-08-04,False
BUS-000435,Iron Media,Free,1,0.0,2023-11-19,2026-11-18,False
BUS-000436,Acme Media,Free,1,0.0,2025-09-11,2026-09-11,False
BUS-000437,Vertex Media,Mid,13,86.0,2024-12-21,2026-12-21,False
BUS-000438,Vertex Group,Mid,10,46.23,2024-01-26,2027-01-25,False
BUS-000439,Iron Group,Free,3,0.0,2025-03-26,2027-03-26,False
BUS-000440,Stellar Builders,Free,3,0.0,2025-02-19,2027-02-19,False
BUS-000441,Vertex Auto,Mid,15,85.72,2025-10-08,2026-10-08,False
BUS-000442,Cedar Partners,Free,2,0.0,2025-09-13,2026-09-13,False
BUS-000443,Apex Supply,Free,3,0.0,2024-08-01,2026-08-01,False
BUS-000444,Summit Logistics,Mid,8,54.64,2023-10-10,2026-10-09,False
BUS-000445,Pioneer Studios,Mid,8,38.25,2024-08-17,2026-08-17,True
BUS-000446,Apex Group,Free,2,0.0,2025-07-26,2026-07-26,False
BUS-000447,Vertex Partners,Free,3,0.0,2025-05-15,2027-05-15,False
BUS-000448,Iron Trading,Free,1,0.0,2024-07-29,2026-07-29,False
BUS-000449,Apex Partners,Premium,11,440.77,2025-03-31,2027-03-31,False
BUS-000450,Iron Partners,Free,2,0.0,2024-01-04,2027-01-03,False
BUS-000451,Quantum Health,Free,3,0.0,2026-03-02,2027-03-02,False
BUS-000452,Vertex Works,Free,1,0.0,2024-09-20,2026-09-20,False
BUS-000453,Umbra Builders,Mid,15,83.61,2023-06-23,2026-06-22,True
BUS-000454,Iron Retail,Mid,16,99.36,2026-02-08,2027-02-08,False
BUS-000455,Summit Trading,Premium,23,591.59,2024-12-14,2026-12-14,False
BUS-000456,Iron Bakery,Free,2,0.0,2025-11-07,2026-11-07,False
BUS-000457,Bright Consulting,Mid,6,44.69,2024-05-16,2027-05-16,False
BUS-000458,Pioneer Builders,Mid,15,44.46,2025-03-07,2027-03-07,False
BUS-000459,Cedar Bakery,Mid,5,52.66,2024-09-12,2026-09-12,False
BUS-000460,Cedar Studios,Free,2,0.0,2026-01-03,2027-01-03,False
BUS-000461,Apex Partners,Mid,5,47.48,2024-07-14,2026-07-14,False
BUS-000462,Bright Supply,Free,3,0.0,2024-10-31,2026-10-31,False
BUS-000463,Apex Builders,Free,3,0.0,2025-10-26,2026-10-26,False
BUS-000464,Acme Logistics,Mid,17,55.83,2023-08-09,2026-08-08,False
BUS-000465,Apex Retail,Mid,10,74.44,2024-05-01,2027-05-01,False
BUS-000466,Summit Media,Premium,37,446.83,2024-07-12,2026-07-12,False
BUS-000467,Harbor Trading,Free,1,0.0,2023-08-15,2026-08-14,False
BUS-000468,Acme Bakery,Free,3,0.0,2023-10-06,2026-10-05,False
BUS-000469,Bright Retail,Premium,30,414.77,2026-05-03,2027-05-03,False
BUS-000470,Vertex Builders,Premium,26,679.29,2024-08-24,2026-08-24,False
BUS-000471,Initech Auto,Free,2,0.0,2024-12-08,2026-12-08,False
BUS-000472,Quantum Group,Mid,13,41.59,2024-02-13,2027-02-12,False
BUS-000473,Nova Foods,Mid,14,36.66,2025-02-21,2027-02-21,False
BUS-000474,Acme Media,Free,2,0.0,2026-04-15,2027-04-15,False
BUS-000475,Quantum Supply,Mid,16,59.56,2025-08-07,2026-08-07,False
BUS-000476,Harbor Auto,Free,1,0.0,2025-10-05,2026-10-05,False
BUS-000477,Nova Logistics,Premium,27,379.63,2025-08-05,2026-08-05,False
BUS-000478,Iron Auto,Free,1,0.0,2025-06-02,2027-06-02,False
BUS-000479,Iron Retail,Mid,13,82.38,2024-01-12,2027-01-11,False
BUS-000480,Umbra Supply,Free,1,0.0,2025-07-22,2026-07-22,False
BUS-000481,Nova Foods,Free,2,0.0,2024-07-29,2026-07-29,False
BUS-000482,Summit Labs,Free,1,0.0,2024-12-12,2026-12-12,False
BUS-000483,Stellar Supply,Mid,13,91.31,2025-03-10,2027-03-10,False
BUS-000484,Cobalt Supply,Free,1,0.0,2024-12-30,2026-12-30,False
BUS-000485,Acme Auto,Free,2,0.0,2025-12-10,2026-12-10,False
BUS-000486,Pioneer Consulting,Premium,26,382.1,2023-12-25,2026-12-24,False
BUS-000487,Stellar Trading,Mid,15,35.11,2025-12-17,2026-12-17,True
BUS-000488,Bright Group,Premium,60,453.97,2023-07-13,2026-07-12,False
BUS-000489,Summit Logistics,Mid,4,74.84,2025-06-26,2026-06-26,False
BUS-000490,Harbor Supply,Free,1,0.0,2025-06-20,2026-06-20,False
BUS-000491,Bright Foods,Mid,15,88.42,2025-12-20,2026-12-20,False
BUS-000492,Umbra Works,Free,1,0.0,2023-11-27,2026-11-26,False
BUS-000493,Nova Labs,Mid,3,51.65,2025-05-10,2027-05-10,True
BUS-000494,Cedar Consulting,Free,2,0.0,2023-05-29,2027-05-28,False
BUS-000495,Umbra Labs,Free,3,0.0,2024-10-31,2026-10-31,False
BUS-000496,Initech Builders,Free,2,0.0,2024-10-24,2026-10-24,False
BUS-000497,Pioneer Trading,Mid,12,73.93,2023-07-23,2026-07-22,False
BUS-000498,Pioneer Consulting,Free,3,0.0,2025-05-28,2027-05-28,False
BUS-000499,Quantum Labs,Free,1,0.0,2025-09-10,2026-09-10,False
BUS-000500,Globex Partners,Free,1,0.0,2024-12-20,2026-12-20,False
BUS-000501,Globex Group,Free,1,0.0,2025-05-03,2027-05-03,False
BUS-000502,Harbor Builders,Free,1,0.0,2024-01-03,2027-01-02,False
BUS-000503,Globex Consulting,Mid,12,56.1,2023-07-11,2026-07-10,False
BUS-000504,Apex Logistics,Free,3,0.0,2026-01-30,2027-01-30,False
BUS-000505,Harbor Logistics,Premium,46,614.12,2024-08-06,2026-08-06,False
BUS-000506,Summit Foods,Mid,3,55.82,2024-09-14,2026-09-14,False
BUS-000507,Stellar Foods,Free,3,0.0,2023-07-29,2026-07-28,False
BUS-000508,Quantum Auto,Free,2,0.0,2026-03-17,2027-03-17,False
BUS-000509,Apex Health,Mid,14,91.4,2024-06-17,2026-06-17,True
BUS-000510,Bright Partners,Free,3,0.0,2025-01-02,2027-01-02,False
BUS-000511,Globex Foods,Premium,28,576.99,2025-10-26,2026-10-26,False
BUS-000512,Iron Logistics,Premium,76,397.83,2024-04-02,2027-04-02,False
BUS-000513,Globex Group,Mid,11,39.35,2024-02-17,2027-02-16,True
BUS-000514,Apex Media,Mid,5,46.57,2024-11-16,2026-11-16,False
BUS-000515,Initech Retail,Free,2,0.0,2025-01-11,2027-01-11,False
BUS-000516,Nova Bakery,Free,3,0.0,2025-09-23,2026-09-23,False
BUS-000517,Bright Bakery,Free,2,0.0,2024-07-30,2026-07-30,False
BUS-000518,Summit Works,Free,1,0.0,2023-10-22,2026-10-21,False
BUS-000519,Vertex Health,Free,1,0.0,2025-10-31,2026-10-31,False
BUS-000520,Harbor Studios,Mid,14,72.23,2025-02-18,2027-02-18,False
BUS-000521,Apex Trading,Free,1,0.0,2024-05-06,2027-05-06,False
BUS-000522,Apex Works,Mid,7,87.41,2025-05-13,2027-05-13,True
BUS-000523,Nova Bakery,Mid,11,47.49,2023-10-01,2026-09-30,True
BUS-000524,Stellar Supply,Free,1,0.0,2025-08-10,2026-08-10,False
BUS-000525,Cedar Logistics,Free,3,0.0,2025-11-13,2026-11-13,False
BUS-000526,Iron Studios,Free,1,0.0,2025-03-26,2027-03-26,False
BUS-000527,Globex Works,Free,2,0.0,2025-08-27,2026-08-27,False
BUS-000528,Apex Partners,Free,3,0.0,2023-11-29,2026-11-28,False
BUS-000529,Vertex Auto,Free,3,0.0,2023-12-13,2026-12-12,False
BUS-000530,Cedar Works,Free,1,0.0,2024-10-18,2026-10-18,False
BUS-000531,Summit Partners,Premium,14,518.46,2024-12-17,2026-12-17,False
BUS-000532,Globex Logistics,Free,3,0.0,2023-08-27,2026-08-26,False
BUS-000533,Stellar Foods,Free,1,0.0,2023-12-28,2026-12-27,False
BUS-000534,Pioneer Partners,Mid,15,68.06,2026-03-26,2027-03-26,False
BUS-000535,Harbor Supply,Free,2,0.0,2024-05-30,2027-05-30,False
BUS-000536,Quantum Labs,Free,1,0.0,2024-07-20,2026-07-20,False
BUS-000537,Pioneer Foods,Premium,45,185.15,2023-09-11,2026-09-10,False
BUS-000538,Cedar Trading,Premium,22,298.71,2024-12-27,2026-12-27,False
BUS-000539,Vertex Consulting,Mid,6,70.3,2024-02-29,2027-02-28,False
BUS-000540,Acme Auto,Free,2,0.0,2024-04-30,2027-04-30,False
BUS-000541,Cobalt Health,Premium,82,235.26,2025-04-14,2027-04-14,False
BUS-000542,Globex Foods,Free,1,0.0,2025-11-01,2026-11-01,False
BUS-000543,Stellar Studios,Mid,3,66.85,2026-05-03,2027-05-03,False
BUS-000544,Globex Labs,Free,1,0.0,2024-07-11,2026-07-11,False
BUS-000545,Umbra Auto,Free,3,0.0,2025-07-18,2026-07-18,False
BUS-000546,Umbra Media,Premium,57,572.72,2024-02-14,2027-02-13,False
BUS-000547,Bright Partners,Free,1,0.0,2025-06-16,2026-06-16,False
BUS-000548,Vertex Supply,Mid,5,79.5,2024-05-04,2027-05-04,False
BUS-000549,Nova Consulting,Free,3,0.0,2024-09-08,2026-09-08,False
BUS-000550,Globex Consulting,Mid,14,96.41,2024-02-23,2027-02-22,False
BUS-000551,Umbra Partners,Mid,17,86.62,2025-02-06,2027-02-06,False
BUS-000552,Quantum Auto,Free,3,0.0,2025-11-26,2026-11-26,False
BUS-000553,Harbor Works,Premium,31,531.71,2025-11-04,2026-11-04,False
BUS-000554,Initech Auto,Free,1,0.0,2024-12-09,2026-12-09,False
BUS-000555,Globex Supply,Free,1,0.0,2026-05-02,2027-05-02,False
BUS-000556,Bright Partners,Free,2,0.0,2025-05-29,2027-05-29,False
BUS-000557,Cobalt Foods,Premium,54,477.61,2025-10-09,2026-10-09,False
BUS-000558,Summit Labs,Free,1,0.0,2026-02-25,2027-02-25,False
BUS-000559,Harbor Consulting,Free,1,0.0,2025-12-04,2026-12-04,False
BUS-000560,Harbor Partners,Premium,30,589.19,2025-10-26,2026-10-26,False
BUS-000561,Bright Consulting,Mid,9,95.97,2025-06-01,2027-06-01,False
BUS-000562,Stellar Group,Free,2,0.0,2025-03-10,2027-03-10,False
BUS-000563,Summit Foods,Mid,14,94.79,2024-11-07,2026-11-07,False
BUS-000564,Nova Trading,Free,2,0.0,2023-08-03,2026-08-02,False
BUS-000565,Summit Partners,Free,2,0.0,2025-11-06,2026-11-06,False
BUS-000566,Vertex Health,Free,1,0.0,2025-03-07,2027-03-07,False
BUS-000567,Apex Partners,Premium,70,656.26,2024-08-11,2026-08-11,False
BUS-000568,Initech Supply,Free,3,0.0,2024-11-08,2026-11-08,False
BUS-000569,Vertex Works,Free,2,0.0,2024-04-08,2027-04-08,False
BUS-000570,Cedar Foods,Free,2,0.0,2023-09-25,2026-09-24,False
BUS-000571,Pioneer Group,Mid,12,34.31,2025-10-18,2026-10-18,True
BUS-000572,Apex Group,Premium,85,286.51,2025-12-31,2026-12-31,False
BUS-000573,Quantum Partners,Premium,97,670.14,2023-09-05,2026-09-04,False
BUS-000574,Nova Bakery,Free,2,0.0,2026-02-22,2027-02-22,False
BUS-000575,Stellar Retail,Premium,67,253.73,2025-05-27,2027-05-27,False
BUS-000576,Bright Retail,Free,2,0.0,2025-11-25,2026-11-25,False
BUS-000577,Harbor Logistics,Premium,90,238.73,2024-11-22,2026-11-22,False
BUS-000578,Harbor Builders,Free,3,0.0,2024-02-11,2027-02-10,False
BUS-000579,Bright Bakery,Free,1,0.0,2023-05-30,2027-05-29,False
BUS-000580,Umbra Bakery,Free,1,0.0,2025-10-11,2026-10-11,False
BUS-000581,Cedar Supply,Mid,16,67.49,2024-05-30,2027-05-30,False
BUS-000582,Apex Studios,Mid,12,72.63,2026-02-17,2027-02-17,False
BUS-000583,Harbor Foods,Mid,13,78.56,2026-02-14,2027-02-14,False
BUS-000584,Pioneer Labs,Free,2,0.0,2024-10-31,2026-10-31,False
BUS-000585,Cedar Partners,Free,2,0.0,2024-08-06,2026-08-06,False
BUS-000586,Nova Health,Premium,97,208.93,2025-01-23,2027-01-23,False
BUS-000587,Cedar Group,Premium,66,614.42,2024-07-16,2026-07-16,False
BUS-000588,Bright Partners,Mid,4,43.16,2025-02-26,2027-02-26,False
BUS-000589,Vertex Logistics,Mid,16,56.17,2026-01-09,2027-01-09,False
BUS-000590,Nova Labs,Free,3,0.0,2024-01-29,2027-01-28,False
BUS-000591,Quantum Trading,Free,1,0.0,2026-01-06,2027-01-06,False
BUS-000592,Cedar Auto,Free,2,0.0,2025-03-23,2027-03-23,False
BUS-000593,Quantum Auto,Mid,11,57.79,2025-08-24,2026-08-24,False
BUS-000594,Cobalt Auto,Free,2,0.0,2025-05-06,2027-05-06,False
BUS-000595,Summit Labs,Free,2,0.0,2025-10-31,2026-10-31,False
BUS-000596,Quantum Foods,Free,1,0.0,2025-02-20,2027-02-20,False
BUS-000597,Acme Partners,Mid,7,75.61,2023-06-18,2026-06-17,True
BUS-000598,Quantum Builders,Premium,92,253.92,2026-04-17,2027-04-17,False
BUS-000599,Apex Auto,Mid,7,79.89,2024-10-18,2026-10-18,False
BUS-000600,Summit Supply,Free,1,0.0,2023-09-22,2026-09-21,False
BUS-000601,Summit Health,Mid,3,65.81,2024-03-29,2027-03-29,False
BUS-000602,Cedar Builders,Mid,10,34.47,2024-10-15,2026-10-15,False
BUS-000603,Quantum Trading,Mid,17,75.6,2025-04-14,2027-04-14,True
BUS-000604,Nova Labs,Mid,15,86.7,2024-01-28,2027-01-27,False
BUS-000605,Globex Retail,Mid,7,48.16,2023-12-29,2026-12-28,False
BUS-000606,Cobalt Auto,Free,3,0.0,2025-02-03,2027-02-03,False
BUS-000607,Summit Bakery,Free,1,0.0,2025-04-29,2027-04-29,False
BUS-000608,Vertex Media,Free,3,0.0,2024-11-21,2026-11-21,False
BUS-000609,Harbor Auto,Mid,6,54.87,2024-08-14,2026-08-14,False
BUS-000610,Umbra Partners,Free,2,0.0,2023-09-28,2026-09-27,False
BUS-000611,Cobalt Retail,Free,3,0.0,2025-12-10,2026-12-10,False
BUS-000612,Summit Group,Free,3,0.0,2024-03-14,2027-03-14,False
BUS-000613,Stellar Media,Free,1,0.0,2025-07-27,2026-07-27,False
BUS-000614,Nova Media,Free,3,0.0,2023-10-10,2026-10-09,False
BUS-000615,Harbor Consulting,Premium,33,617.36,2023-08-10,2026-08-09,False
BUS-000616,Iron Builders,Free,1,0.0,2026-04-25,2027-04-25,False
BUS-000617,Cobalt Logistics,Free,1,0.0,2025-06-14,2026-06-14,False
BUS-000618,Apex Group,Free,2,0.0,2023-12-07,2026-12-06,False
BUS-000619,Pioneer Labs,Premium,59,152.8,2025-03-22,2027-03-22,False
BUS-000620,Quantum Foods,Premium,77,264.35,2026-04-26,2027-04-26,False
BUS-000621,Summit Consulting,Mid,8,51.85,2025-10-06,2026-10-06,False
BUS-000622,Summit Works,Free,1,0.0,2024-09-01,2026-09-01,False
BUS-000623,Nova Media,Mid,12,66.69,2023-11-28,2026-11-27,False
BUS-000624,Vertex Supply,Premium,72,365.55,2025-04-14,2027-04-14,False
BUS-000625,Stellar Labs,Free,1,0.0,2025-08-09,2026-08-09,False
BUS-000626,Cedar Trading,Mid,5,38.62,2026-02-17,2027-02-17,False
BUS-000627,Umbra Group,Mid,3,76.34,2026-03-25,2027-03-25,True
BUS-000628,Cobalt Studios,Free,1,0.0,2024-12-03,2026-12-03,False
BUS-000629,Summit Group,Free,3,0.0,2026-04-15,2027-04-15,False
BUS-000630,Umbra Bakery,Mid,13,66.42,2025-07-28,2026-07-28,False
BUS-000631,Stellar Retail,Free,1,0.0,2023-07-20,2026-07-19,False
BUS-000632,Bright Health,Mid,16,66.62,2025-03-17,2027-03-17,False
BUS-000633,Stellar Partners,Free,3,0.0,2023-07-23,2026-07-22,False
BUS-000634,Initech Bakery,Free,1,0.0,2026-04-08,2027-04-08,False
BUS-000635,Initech Bakery,Mid,13,64.59,2025-11-01,2026-11-01,False
BUS-000636,Cedar Works,Premium,92,288.7,2024-09-05,2026-09-05,False
BUS-000637,Summit Auto,Free,1,0.0,2026-02-13,2027-02-13,False
BUS-000638,Globex Labs,Mid,8,59.82,2025-09-09,2026-09-09,True
BUS-000639,Pioneer Works,Premium,94,538.32,2024-06-30,2026-06-30,False
BUS-000640,Pioneer Media,Premium,44,677.09,2025-10-26,2026-10-26,False
BUS-000641,Iron Builders,Free,2,0.0,2024-02-05,2027-02-04,False
BUS-000642,Vertex Bakery,Mid,14,89.55,2023-12-23,2026-12-22,False
BUS-000643,Vertex Bakery,Free,3,0.0,2026-01-04,2027-01-04,False
BUS-000644,Iron Consulting,Free,3,0.0,2023-08-20,2026-08-19,False
BUS-000645,Nova Partners,Mid,15,55.1,2026-03-06,2027-03-06,False
BUS-000646,Globex Logistics,Premium,24,682.56,2023-11-14,2026-11-13,False
BUS-000647,Quantum Media,Free,2,0.0,2026-04-09,2027-04-09,False
BUS-000648,Bright Foods,Free,3,0.0,2025-10-21,2026-10-21,False
BUS-000649,Nova Trading,Free,3,0.0,2024-03-07,2027-03-07,False
BUS-000650,Cobalt Partners,Free,1,0.0,2023-07-04,2026-07-03,False
BUS-000651,Quantum Media,Premium,19,600.86,2024-07-17,2026-07-17,False
BUS-000652,Apex Foods,Premium,16,454.16,2024-03-20,2027-03-20,False
BUS-000653,Initech Partners,Free,2,0.0,2023-10-30,2026-10-29,False
BUS-000654,Acme Bakery,Free,1,0.0,2023-07-21,2026-07-20,False
BUS-000655,Initech Health,Free,1,0.0,2026-05-04,2027-05-04,False
BUS-000656,Harbor Auto,Premium,81,274.11,2023-10-13,2026-10-12,False
BUS-000657,Cobalt Auto,Mid,16,45.6,2023-10-17,2026-10-16,False
BUS-000658,Pioneer Health,Mid,4,36.82,2025-02-04,2027-02-04,True
BUS-000659,Globex Consulting,Free,2,0.0,2025-09-29,2026-09-29,False
BUS-000660,Umbra Builders,Free,3,0.0,2024-01-17,2027-01-16,False
BUS-000661,Stellar Media,Mid,6,38.45,2024-02-20,2027-02-19,False
BUS-000662,Umbra Works,Free,2,0.0,2026-01-29,2027-01-29,False
BUS-000663,Nova Partners,Free,3,0.0,2023-07-07,2026-07-06,False
BUS-000664,Bright Partners,Free,3,0.0,2026-01-25,2027-01-25,False
BUS-000665,Nova Bakery,Premium,32,565.09,2025-05-14,2027-05-14,False
BUS-000666,Apex Group,Free,3,0.0,2024-07-14,2026-07-14,False
BUS-000667,Apex Media,Premium,98,607.42,2024-10-21,2026-10-21,False
BUS-000668,Bright Health,Premium,67,632.88,2025-07-26,2026-07-26,False
BUS-000669,Summit Auto,Mid,11,90.25,2025-02-13,2027-02-13,False
BUS-000670,Harbor Bakery,Premium,26,738.8,2025-05-05,2027-05-05,False
BUS-000671,Summit Group,Mid,11,63.63,2024-01-01,2026-12-31,False
BUS-000672,Globex Retail,Mid,11,37.45,2024-03-15,2027-03-15,True
BUS-000673,Cedar Studios,Free,1,0.0,2024-09-25,2026-09-25,False
BUS-000674,Globex Auto,Mid,14,84.91,2025-03-13,2027-03-13,False
BUS-000675,Apex Foods,Mid,4,73.13,2025-01-30,2027-01-30,False
BUS-000676,Globex Supply,Free,3,0.0,2024-09-22,2026-09-22,False
BUS-000677,Globex Labs,Free,3,0.0,2024-08-02,2026-08-02,False
BUS-000678,Pioneer Retail,Mid,6,73.44,2023-11-09,2026-11-08,False
BUS-000679,Initech Consulting,Mid,6,50.59,2025-05-06,2027-05-06,False
BUS-000680,Bright Builders,Premium,75,221.61,2026-02-10,2027-02-10,False
BUS-000681,Iron Studios,Mid,5,41.27,2024-11-28,2026-11-28,True
BUS-000682,Summit Partners,Free,2,0.0,2026-01-20,2027-01-20,False
BUS-000683,Vertex Logistics,Mid,11,55.07,2024-07-23,2026-07-23,False
BUS-000684,Quantum Retail,Mid,5,59.12,2024-01-29,2027-01-28,True
BUS-000685,Cobalt Labs,Mid,8,55.26,2025-02-11,2027-02-11,False
BUS-000686,Quantum Foods,Free,2,0.0,2023-11-04,2026-11-03,False
BUS-000687,Umbra Supply,Premium,97,681.4,2024-03-14,2027-03-14,False
BUS-000688,Acme Auto,Free,3,0.0,2024-10-02,2026-10-02,False
BUS-000689,Cobalt Trading,Free,3,0.0,2023-11-04,2026-11-03,False
BUS-000690,Harbor Logistics,Free,3,0.0,2025-04-05,2027-04-05,False
BUS-000691,Initech Retail,Premium,31,732.98,2026-04-19,2027-04-19,False
BUS-000692,Stellar Group,Mid,15,44.92,2023-12-18,2026-12-17,False
BUS-000693,Harbor Trading,Mid,4,82.28,2025-06-24,2026-06-24,True
BUS-000694,Cedar Logistics,Free,1,0.0,2025-05-05,2027-05-05,False
BUS-000695,Apex Group,Mid,6,93.77,2024-01-21,2027-01-20,False
BUS-000696,Acme Logistics,Free,2,0.0,2025-09-04,2026-09-04,False
BUS-000697,Umbra Health,Mid,12,33.19,2025-12-07,2026-12-07,False
BUS-000698,Iron Supply,Mid,7,72.46,2024-10-05,2026-10-05,False
BUS-000699,Cobalt Consulting,Free,3,0.0,2026-03-02,2027-03-02,False
BUS-000700,Summit Studios,Free,1,0.0,2024-02-24,2027-02-23,False
BUS-000701,Acme Studios,Free,3,0.0,2024-03-31,2027-03-31,False
BUS-000702,Initech Health,Free,1,0.0,2024-02-17,2027-02-16,False
BUS-000703,Stellar Group,Free,3,0.0,2024-05-30,2027-05-30,False
BUS-000704,Quantum Builders,Premium,75,235.47,2025-04-23,2027-04-23,False
BUS-000705,Iron Logistics,Free,1,0.0,2026-01-13,2027-01-13,False
BUS-000706,Umbra Retail,Free,1,0.0,2024-12-07,2026-12-07,False
BUS-000707,Quantum Bakery,Mid,10,96.61,2024-05-03,2027-05-03,True
BUS-000708,Harbor Partners,Free,1,0.0,2025-04-03,2027-04-03,False
BUS-000709,Nova Auto,Free,3,0.0,2024-08-16,2026-08-16,False
BUS-000710,Quantum Group,Mid,9,41.8,2024-08-01,2026-08-01,False
BUS-000711,Harbor Partners,Free,2,0.0,2025-08-02,2026-08-02,False
BUS-000712,Cobalt Bakery,Free,2,0.0,2024-08-17,2026-08-17,False
BUS-000713,Cedar Studios,Free,3,0.0,2025-11-18,2026-11-18,False
BUS-000714,Initech Labs,Premium,35,307.94,2025-11-29,2026-11-29,False
BUS-000715,Stellar Trading,Mid,13,32.18,2024-01-26,2027-01-25,False
BUS-000716,Nova Auto,Mid,11,92.58,2023-09-11,2026-09-10,False
BUS-000717,Nova Works,Free,3,0.0,2024-09-16,2026-09-16,False
BUS-000718,Pioneer Labs,Free,1,0.0,2024-02-12,2027-02-11,False
BUS-000719,Nova Works,Mid,16,97.48,2025-05-30,2027-05-30,False
BUS-000720,Cobalt Auto,Free,3,0.0,2025-07-09,2026-07-09,False
BUS-000721,Initech Builders,Free,2,0.0,2025-01-15,2027-01-15,False
BUS-000722,Pioneer Supply,Free,1,0.0,2025-03-07,2027-03-07,False
BUS-000723,Globex Media,Free,2,0.0,2026-01-29,2027-01-29,False
BUS-000724,Cedar Consulting,Free,3,0.0,2024-10-21,2026-10-21,False
BUS-000725,Initech Builders,Free,2,0.0,2024-04-16,2027-04-16,False
BUS-000726,Apex Auto,Free,1,0.0,2023-06-12,2026-06-11,False
BUS-000727,Acme Studios,Mid,8,64.08,2023-08-21,2026-08-20,False
BUS-000728,Cedar Retail,Free,1,0.0,2025-11-28,2026-11-28,False
BUS-000729,Umbra Foods,Free,1,0.0,2024-04-23,2027-04-23,False
BUS-000730,Cobalt Partners,Free,2,0.0,2025-09-14,2026-09-14,False
BUS-000731,Bright Labs,Free,3,0.0,2025-06-08,2026-06-08,False
BUS-000732,Nova Trading,Free,1,0.0,2025-06-09,2026-06-09,False
BUS-000733,Vertex Supply,Premium,28,183.55,2024-11-22,2026-11-22,False
BUS-000734,Stellar Works,Mid,12,74.63,2024-10-01,2026-10-01,False
BUS-000735,Bright Studios,Mid,10,90.71,2025-05-20,2027-05-20,False
BUS-000736,Harbor Works,Mid,16,83.72,2023-06-23,2026-06-22,False
BUS-000737,Acme Retail,Mid,4,46.09,2024-03-06,2027-03-06,True
BUS-000738,Nova Bakery,Free,3,0.0,2023-12-27,2026-12-26,False
BUS-000739,Umbra Logistics,Free,3,0.0,2026-02-14,2027-02-14,False
BUS-000740,Bright Group,Free,1,0.0,2026-05-02,2027-05-02,False
BUS-000741,Quantum Partners,Free,1,0.0,2023-12-08,2026-12-07,False
BUS-000742,Cedar Partners,Mid,9,54.54,2025-10-16,2026-10-16,False
BUS-000743,Bright Builders,Mid,17,90.13,2024-10-01,2026-10-01,False
BUS-000744,Umbra Labs,Free,3,0.0,2026-04-20,2027-04-20,False
BUS-000745,Bright Auto,Free,1,0.0,2024-07-27,2026-07-27,False
BUS-000746,Cedar Group,Free,2,0.0,2024-12-01,2026-12-01,False
BUS-000747,Bright Partners,Mid,12,49.29,2024-02-11,2027-02-10,False
BUS-000748,Cedar Health,Free,3,0.0,2023-08-18,2026-08-17,False
BUS-000749,Umbra Foods,Mid,15,79.38,2025-07-26,2026-07-26,False
BUS-000750,Umbra Retail,Free,3,0.0,2025-06-07,2026-06-07,False
BUS-000751,Vertex Supply,Free,2,0.0,2026-01-18,2027-01-18,False
BUS-000752,Cobalt Group,Premium,10,632.62,2025-07-11,2026-07-11,False
BUS-000753,Pioneer Logistics,Free,2,0.0,2025-02-04,2027-02-04,False
BUS-000754,Summit Trading,Mid,14,56.9,2024-02-04,2027-02-03,False
BUS-000755,Acme Retail,Premium,32,534.17,2023-11-17,2026-11-16,False
BUS-000756,Quantum Consulting,Premium,76,321.6,2026-02-25,2027-02-25,False
BUS-000757,Initech Builders,Mid,8,46.75,2026-05-04,2027-05-04,False
BUS-000758,Acme Logistics,Mid,8,76.88,2024-01-25,2027-01-24,False
BUS-000759,Pioneer Builders,Premium,80,320.7,2024-05-22,2027-05-22,False
BUS-000760,Apex Labs,Free,1,0.0,2023-10-16,2026-10-15,False
BUS-000761,Umbra Logistics,Free,2,0.0,2023-07-03,2026-07-02,False
BUS-000762,Cedar Builders,Free,2,0.0,2025-09-07,2026-09-07,False
BUS-000763,Iron Works,Mid,9,69.42,2024-12-22,2026-12-22,False
BUS-000764,Initech Supply,Premium,13,439.18,2024-11-22,2026-11-22,False
BUS-000765,Bright Auto,Mid,6,77.38,2025-01-19,2027-01-19,False
BUS-000766,Quantum Health,Free,1,0.0,2024-11-11,2026-11-11,False
BUS-000767,Initech Consulting,Free,3,0.0,2024-06-03,2027-06-03,False
BUS-000768,Cedar Consulting,Free,2,0.0,2025-02-11,2027-02-11,False
BUS-000769,Cobalt Retail,Premium,97,708.15,2025-04-10,2027-04-10,False
BUS-000770,Stellar Foods,Free,1,0.0,2024-11-07,2026-11-07,False
BUS-000771,Nova Bakery,Free,1,0.0,2024-05-05,2027-05-05,False
BUS-000772,Acme Trading,Free,1,0.0,2023-07-31,2026-07-30,False
BUS-000773,Cedar Partners,Mid,8,73.45,2023-07-31,2026-07-30,False
BUS-000774,Apex Foods,Free,3,0.0,2024-10-08,2026-10-08,False
BUS-000775,Globex Auto,Mid,5,33.79,2023-12-20,2026-12-19,False
BUS-000776,Iron Bakery,Free,3,0.0,2025-05-12,2027-05-12,False
BUS-000777,Stellar Supply,Mid,10,52.1,2026-04-17,2027-04-17,True
BUS-000778,Cedar Foods,Mid,8,55.31,2024-11-19,2026-11-19,False
BUS-000779,Pioneer Consulting,Free,3,0.0,2024-06-01,2027-06-01,False
BUS-000780,Pioneer Auto,Free,1,0.0,2023-12-28,2026-12-27,False
BUS-000781,Quantum Bakery,Premium,45,420.44,2025-08-09,2026-08-09,False
BUS-000782,Stellar Studios,Mid,15,46.51,2023-12-01,2026-11-30,False
BUS-000783,Cobalt Studios,Mid,14,40.47,2026-04-15,2027-04-15,False
BUS-000784,Cobalt Health,Premium,90,460.2,2024-07-27,2026-07-27,False
BUS-000785,Apex Bakery,Free,3,0.0,2026-01-27,2027-01-27,False
BUS-000786,Umbra Works,Mid,3,45.08,2024-11-30,2026-11-30,False
BUS-000787,Bright Bakery,Mid,7,55.27,2024-11-23,2026-11-23,False
BUS-000788,Vertex Health,Free,3,0.0,2025-03-23,2027-03-23,False
BUS-000789,Cobalt Works,Free,3,0.0,2023-06-24,2026-06-23,False
BUS-000790,Nova Consulting,Premium,58,518.2,2023-09-28,2026-09-27,False
BUS-000791,Initech Logistics,Mid,17,53.62,2024-01-27,2027-01-26,False
BUS-000792,Harbor Health,Free,1,0.0,2024-07-31,2026-07-31,False
BUS-000793,Pioneer Works,Mid,12,75.13,2024-10-26,2026-10-26,False
BUS-000794,Nova Foods,Free,1,0.0,2026-03-18,2027-03-18,False
BUS-000795,Apex Bakery,Mid,14,79.05,2025-11-22,2026-11-22,False
BUS-000796,Acme Supply,Free,2,0.0,2026-01-14,2027-01-14,False
BUS-000797,Cedar Studios,Free,1,0.0,2025-10-04,2026-10-04,False
BUS-000798,Quantum Foods,Free,2,0.0,2024-08-09,2026-08-09,False
BUS-000799,Vertex Labs,Mid,10,73.85,2025-08-09,2026-08-09,False
BUS-000800,Cobalt Works,Free,2,0.0,2024-07-07,2026-07-07,False
BUS-000801,Nova Consulting,Premium,79,710.91,2023-11-05,2026-11-04,False
BUS-000802,Summit Auto,Mid,10,74.17,2023-11-26,2026-11-25,False
BUS-000803,Iron Health,Free,1,0.0,2025-11-02,2026-11-02,False
BUS-000804,Summit Labs,Free,2,0.0,2025-06-20,2026-06-20,False
BUS-000805,Summit Partners,Free,1,0.0,2024-05-30,2027-05-30,False
BUS-000806,Cobalt Health,Free,3,0.0,2023-08-01,2026-07-31,False
BUS-000807,Quantum Labs,Free,2,0.0,2024-09-12,2026-09-12,False
BUS-000808,Bright Supply,Free,1,0.0,2024-01-12,2027-01-11,False
BUS-000809,Apex Foods,Free,3,0.0,2024-02-26,2027-02-25,False
BUS-000810,Cedar Health,Free,2,0.0,2024-12-30,2026-12-30,False
BUS-000811,Initech Consulting,Mid,11,86.62,2024-01-10,2027-01-09,False
BUS-000812,Iron Builders,Free,1,0.0,2023-10-15,2026-10-14,False
BUS-000813,Acme Consulting,Mid,10,43.15,2026-03-26,2027-03-26,True
BUS-000814,Acme Foods,Premium,46,311.52,2023-11-19,2026-11-18,False
BUS-000815,Stellar Media,Free,1,0.0,2023-07-29,2026-07-28,False
BUS-000816,Iron Trading,Free,2,0.0,2024-04-04,2027-04-04,False
BUS-000817,Cedar Supply,Free,1,0.0,2026-01-10,2027-01-10,False
BUS-000818,Stellar Builders,Free,2,0.0,2025-04-28,2027-04-28,False
BUS-000819,Iron Foods,Mid,16,30.88,2024-12-11,2026-12-11,False
BUS-000820,Stellar Partners,Mid,3,43.94,2025-10-24,2026-10-24,False
BUS-000821,Vertex Trading,Free,2,0.0,2024-07-12,2026-07-12,False
BUS-000822,Summit Retail,Mid,11,66.46,2024-12-02,2026-12-02,False
BUS-000823,Umbra Foods,Free,1,0.0,2025-02-12,2027-02-12,False
BUS-000824,Apex Foods,Mid,8,31.05,2024-10-16,2026-10-16,False
BUS-000825,Nova Auto,Free,1,0.0,2023-09-04,2026-09-03,False
BUS-000826,Harbor Trading,Mid,6,41.04,2025-10-29,2026-10-29,False
BUS-000827,Umbra Studios,Free,3,0.0,2025-06-23,2026-06-23,False
BUS-000828,Iron Retail,Free,2,0.0,2024-05-23,2027-05-23,False
BUS-000829,Nova Builders,Free,2,0.0,2024-05-01,2027-05-01,False
BUS-000830,Cobalt Retail,Premium,72,573.98,2024-09-08,2026-09-08,False
BUS-000831,Vertex Logistics,Mid,11,54.34,2023-09-18,2026-09-17,False
BUS-000832,Cedar Auto,Free,2,0.0,2024-09-06,2026-09-06,False
BUS-000833,Apex Consulting,Free,3,0.0,2023-07-03,2026-07-02,False
BUS-000834,Harbor Logistics,Premium,89,664.1,2024-12-31,2026-12-31,False
BUS-000835,Cobalt Studios,Mid,11,87.33,2025-04-11,2027-04-11,False
BUS-000836,Initech Trading,Mid,8,58.69,2024-07-14,2026-07-14,True
BUS-000837,Cobalt Retail,Mid,5,42.5,2026-03-01,2027-03-01,False
BUS-000838,Cobalt Builders,Free,3,0.0,2024-02-29,2027-02-28,False
BUS-000839,Acme Retail,Free,1,0.0,2025-12-10,2026-12-10,False
BUS-000840,Globex Auto,Mid,17,92.28,2025-11-22,2026-11-22,False
BUS-000841,Globex Builders,Mid,17,59.12,2024-04-09,2027-04-09,False
BUS-000842,Summit Logistics,Free,3,0.0,2025-12-11,2026-12-11,False
BUS-000843,Apex Retail,Premium,76,208.27,2025-01-16,2027-01-16,False
BUS-000844,Vertex Group,Free,3,0.0,2024-12-11,2026-12-11,False
BUS-000845,Bright Bakery,Mid,15,74.7,2024-05-01,2027-05-01,False
BUS-000846,Harbor Consulting,Free,1,0.0,2024-02-02,2027-02-01,False
BUS-000847,Pioneer Media,Free,3,0.0,2023-11-09,2026-11-08,False
BUS-000848,Bright Media,Mid,8,89.14,2024-01-11,2027-01-10,False
BUS-000849,Cedar Auto,Mid,12,68.19,2024-03-27,2027-03-27,False
BUS-000850,Globex Health,Premium,67,725.89,2026-05-04,2027-05-04,False
BUS-000851,Quantum Retail,Mid,11,39.46,2024-08-24,2026-08-24,True
BUS-000852,Nova Bakery,Premium,12,612.91,2024-10-16,2026-10-16,False
BUS-000853,Nova Builders,Free,2,0.0,2025-06-19,2026-06-19,False
BUS-000854,Quantum Builders,Free,3,0.0,2024-12-09,2026-12-09,False
BUS-000855,Harbor Partners,Mid,4,69.93,2025-02-13,2027-02-13,False
BUS-000856,Summit Trading,Free,3,0.0,2025-10-21,2026-10-21,False
BUS-000857,Harbor Auto,Mid,12,56.71,2026-01-10,2027-01-10,False
BUS-000858,Quantum Labs,Premium,65,399.91,2025-08-31,2026-08-31,False
BUS-000859,Harbor Studios,Mid,13,56.77,2024-08-18,2026-08-18,False
BUS-000860,Nova Trading,Free,3,0.0,2025-02-06,2027-02-06,False
BUS-000861,Bright Health,Mid,9,97.97,2023-07-06,2026-07-05,True
BUS-000862,Globex Supply,Mid,5,39.25,2025-11-16,2026-11-16,False
BUS-000863,Bright Studios,Free,2,0.0,2023-07-12,2026-07-11,False
BUS-000864,Stellar Foods,Mid,10,69.15,2023-08-09,2026-08-08,False
BUS-000865,Harbor Logistics,Free,2,0.0,2023-12-06,2026-12-05,False
BUS-000866,Pioneer Auto,Free,2,0.0,2023-12-19,2026-12-18,False
BUS-000867,Summit Consulting,Free,2,0.0,2026-03-16,2027-03-16,False
BUS-000868,Nova Works,Premium,88,642.95,2023-11-11,2026-11-10,False
BUS-000869,Pioneer Studios,Free,1,0.0,2025-03-22,2027-03-22,False
BUS-000870,Nova Health,Mid,16,36.01,2026-01-13,2027-01-13,False
BUS-000871,Summit Works,Free,3,0.0,2025-09-19,2026-09-19,False
BUS-000872,Stellar Retail,Free,2,0.0,2025-03-02,2027-03-02,False
BUS-000873,Nova Labs,Free,2,0.0,2023-08-19,2026-08-18,False
BUS-000874,Globex Builders,Free,3,0.0,2023-05-22,2027-05-21,False
BUS-000875,Cedar Trading,Free,2,0.0,2025-03-19,2027-03-19,False
BUS-000876,Apex Builders,Free,1,0.0,2025-12-19,2026-12-19,False
BUS-000877,Apex Foods,Mid,17,76.21,2025-09-26,2026-09-26,True
BUS-000878,Harbor Partners,Premium,75,735.97,2025-10-13,2026-10-13,False
BUS-000879,Iron Labs,Premium,78,202.81,2025-03-23,2027-03-23,False
BUS-000880,Harbor Partners,Free,3,0.0,2024-08-18,2026-08-18,False
BUS-000881,Pioneer Auto,Free,1,0.0,2026-03-28,2027-03-28,False
BUS-000882,Cedar Trading,Free,2,0.0,2025-01-06,2027-01-06,False
BUS-000883,Cedar Foods,Mid,17,57.1,2026-03-05,2027-03-05,False
BUS-000884,Initech Supply,Free,2,0.0,2025-07-27,2026-07-27,False
BUS-000885,Bright Foods,Free,3,0.0,2025-01-24,2027-01-24,False
BUS-000886,Nova Retail,Mid,9,97.94,2024-06-29,2026-06-29,False
BUS-000887,Summit Studios,Mid,12,67.89,2025-03-16,2027-03-16,False
BUS-000888,Harbor Logistics,Free,1,0.0,2025-06-15,2026-06-15,False
BUS-000889,Nova Labs,Mid,14,38.29,2024-07-23,2026-07-23,False
BUS-000890,Cedar Studios,Mid,17,98.1,2024-01-13,2027-01-12,False
BUS-000891,Cedar Foods,Mid,4,39.21,2026-03-12,2027-03-12,False
BUS-000892,Cobalt Studios,Mid,6,78.12,2024-04-29,2027-04-29,True
BUS-000893,Pioneer Consulting,Free,3,0.0,2023-09-17,2026-09-16,False
BUS-000894,Stellar Foods,Premium,72,434.31,2025-06-03,2027-06-03,False
BUS-000895,Bright Foods,Free,1,0.0,2024-10-29,2026-10-29,False
BUS-000896,Iron Partners,Mid,6,83.04,2025-12-20,2026-12-20,False
BUS-000897,Globex Supply,Mid,16,62.03,2024-12-15,2026-12-15,False
BUS-000898,Globex Bakery,Mid,9,72.81,2023-05-25,2027-05-24,False
BUS-000899,Apex Trading,Free,1,0.0,2024-12-17,2026-12-17,False
BUS-000900,Iron Supply,Mid,11,83.56,2026-01-24,2027-01-24,False
BUS-000901,Summit Trading,Premium,46,426.81,2023-12-21,2026-12-20,False
BUS-000902,Umbra Consulting,Mid,17,39.96,2023-10-22,2026-10-21,True
BUS-000903,Harbor Works,Mid,17,78.73,2025-07-31,2026-07-31,False
BUS-000904,Iron Logistics,Free,2,0.0,2025-03-17,2027-03-17,False
BUS-000905,Umbra Logistics,Free,3,0.0,2025-06-03,2027-06-03,False
BUS-000906,Initech Supply,Free,2,0.0,2024-04-21,2027-04-21,False
BUS-000907,Apex Trading,Mid,11,72.85,2025-06-11,2026-06-11,False
BUS-000908,Nova Consulting,Mid,17,53.46,2025-07-01,2026-07-01,True
BUS-000909,Iron Health,Mid,3,59.37,2024-08-09,2026-08-09,False
BUS-000910,Cedar Labs,Mid,4,92.9,2025-03-15,2027-03-15,True
BUS-000911,Cobalt Foods,Free,2,0.0,2026-04-23,2027-04-23,False
BUS-000912,Iron Group,Free,3,0.0,2023-09-03,2026-09-02,False
BUS-000913,Quantum Builders,Free,3,0.0,2026-04-21,2027-04-21,False
BUS-000914,Nova Trading,Mid,11,87.41,2025-03-05,2027-03-05,True
BUS-000915,Summit Media,Mid,3,40.18,2026-02-27,2027-02-27,False
BUS-000916,Vertex Health,Premium,16,215.33,2025-05-04,2027-05-04,False
BUS-000917,Pioneer Trading,Mid,14,78.99,2025-05-06,2027-05-06,False
BUS-000918,Pioneer Supply,Free,2,0.0,2024-07-12,2026-07-12,False
BUS-000919,Nova Bakery,Mid,15,59.91,2025-12-23,2026-12-23,False
BUS-000920,Stellar Trading,Mid,7,53.04,2024-01-08,2027-01-07,False
BUS-000921,Cobalt Health,Free,3,0.0,2025-11-06,2026-11-06,False
BUS-000922,Pioneer Studios,Free,2,0.0,2024-11-19,2026-11-19,False
BUS-000923,Vertex Foods,Mid,10,66.38,2023-07-20,2026-07-19,False
BUS-000924,Umbra Retail,Mid,6,30.11,2026-03-16,2027-03-16,False
BUS-000925,Stellar Labs,Mid,9,58.98,2024-06-20,2026-06-20,False
BUS-000926,Harbor Labs,Mid,14,49.71,2025-12-17,2026-12-17,False
BUS-000927,Apex Labs,Free,2,0.0,2024-06-04,2026-06-04,False
BUS-000928,Cobalt Partners,Mid,6,53.14,2024-06-11,2026-06-11,False
BUS-000929,Harbor Works,Mid,13,39.5,2025-06-20,2026-06-20,False
BUS-000930,Summit Media,Mid,9,94.95,2026-01-10,2027-01-10,False
BUS-000931,Pioneer Logistics,Mid,3,44.58,2024-06-24,2026-06-24,False
BUS-000932,Apex Consulting,Premium,45,654.44,2024-06-09,2026-06-09,False
BUS-000933,Summit Media,Mid,9,43.12,2025-09-07,2026-09-07,False
BUS-000934,Pioneer Works,Mid,7,58.97,2023-07-22,2026-07-21,False
BUS-000935,Pioneer Trading,Mid,7,45.13,2024-08-23,2026-08-23,False
BUS-000936,Cobalt Studios,Mid,17,36.48,2023-07-03,2026-07-02,True
BUS-000937,Summit Media,Free,2,0.0,2023-05-28,2027-05-27,False
BUS-000938,Nova Retail,Free,1,0.0,2023-06-12,2026-06-11,False
BUS-000939,Summit Trading,Mid,10,57.13,2023-05-31,2027-05-30,True
BUS-000940,Globex Bakery,Mid,12,91.03,2024-06-21,2026-06-21,False
BUS-000941,Acme Health,Free,3,0.0,2024-08-03,2026-08-03,False
BUS-000942,Harbor Works,Mid,6,52.46,2025-04-05,2027-04-05,False
BUS-000943,Umbra Retail,Mid,7,40.45,2024-10-21,2026-10-21,True
BUS-000944,Cedar Studios,Free,3,0.0,2024-07-21,2026-07-21,False
BUS-000945,Initech Health,Premium,46,494.45,2025-05-19,2027-05-19,False
BUS-000946,Cobalt Trading,Mid,8,67.84,2026-01-21,2027-01-21,True
BUS-000947,Bright Supply,Free,1,0.0,2025-11-09,2026-11-09,False
BUS-000948,Pioneer Health,Free,3,0.0,2023-11-03,2026-11-02,False
BUS-000949,Iron Studios,Free,1,0.0,2025-11-25,2026-11-25,False
BUS-000950,Umbra Works,Free,3,0.0,2023-09-18,2026-09-17,False
BUS-000951,Cobalt Foods,Free,3,0.0,2023-09-24,2026-09-23,False
BUS-000952,Pioneer Supply,Premium,28,666.66,2024-11-22,2026-11-22,False
BUS-000953,Harbor Works,Free,3,0.0,2024-06-27,2026-06-27,False
BUS-000954,Umbra Auto,Free,1,0.0,2023-09-04,2026-09-03,False
BUS-000955,Pioneer Studios,Free,1,0.0,2024-10-03,2026-10-03,False
BUS-000956,Harbor Logistics,Free,2,0.0,2025-09-27,2026-09-27,False
BUS-000957,Quantum Consulting,Mid,11,62.27,2024-01-09,2027-01-08,False
BUS-000958,Bright Group,Premium,59,189.64,2025-03-04,2027-03-04,False
BUS-000959,Initech Partners,Mid,8,68.12,2025-01-06,2027-01-06,False
BUS-000960,Harbor Bakery,Free,3,0.0,2023-09-29,2026-09-28,False
BUS-000961,Umbra Supply,Mid,5,51.56,2024-01-24,2027-01-23,True
BUS-000962,Initech Retail,Free,3,0.0,2025-12-30,2026-12-30,False
BUS-000963,Nova Works,Mid,17,70.65,2026-05-04,2027-05-04,False
BUS-000964,Stellar Retail,Free,2,0.0,2023-11-01,2026-10-31,False
BUS-000965,Bright Auto,Mid,8,50.98,2024-08-19,2026-08-19,False
BUS-000966,Apex Studios,Premium,84,154.87,2023-06-24,2026-06-23,False
BUS-000967,Acme Auto,Premium,17,371.53,2026-01-16,2027-01-16,False
BUS-000968,Quantum Group,Free,2,0.0,2026-03-02,2027-03-02,False
BUS-000969,Bright Retail,Mid,9,73.77,2024-03-12,2027-03-12,False
BUS-000970,Pioneer Group,Mid,10,39.73,2024-03-08,2027-03-08,False
BUS-000971,Nova Labs,Free,3,0.0,2025-08-20,2026-08-20,False
BUS-000972,Cobalt Group,Free,1,0.0,2025-07-14,2026-07-14,False
BUS-000973,Iron Group,Premium,27,200.8,2024-01-04,2027-01-03,False
BUS-000974,Quantum Consulting,Mid,10,65.66,2023-10-26,2026-10-25,False
BUS-000975,Quantum Builders,Free,1,0.0,2023-07-19,2026-07-18,False
BUS-000976,Globex Trading,Free,3,0.0,2024-04-13,2027-04-13,False
BUS-000977,Initech Studios,Mid,14,55.8,2023-08-22,2026-08-21,False
BUS-000978,Initech Logistics,Mid,11,98.85,2024-10-09,2026-10-09,False
BUS-000979,Summit Trading,Free,3,0.0,2025-11-26,2026-11-26,False
BUS-000980,Iron Partners,Premium,78,617.12,2023-09-17,2026-09-16,False
BUS-000981,Globex Health,Mid,8,59.47,2024-09-08,2026-09-08,False
BUS-000982,Globex Health,Mid,12,48.23,2023-09-08,2026-09-07,False
BUS-000983,Initech Builders,Mid,12,31.91,2023-08-16,2026-08-15,True
BUS-000984,Cedar Builders,Free,3,0.0,2024-10-06,2026-10-06,False
BUS-000985,Nova Works,Free,1,0.0,2025-05-12,2027-05-12,False
BUS-000986,Quantum Partners,Free,1,0.0,2024-11-15,2026-11-15,False
BUS-000987,Harbor Logistics,Free,3,0.0,2026-02-26,2027-02-26,False
BUS-000988,Cobalt Group,Premium,86,710.37,2025-06-23,2026-06-23,False
BUS-000989,Pioneer Trading,Mid,6,76.25,2025-05-27,2027-05-27,False
BUS-000990,Apex Partners,Mid,15,87.37,2026-01-17,2027-01-17,True
BUS-000991,Apex Supply,Free,3,0.0,2025-01-11,2027-01-11,False
BUS-000992,Acme Health,Free,1,0.0,2023-11-26,2026-11-25,False
BUS-000993,Globex Bakery,Premium,67,379.2,2024-07-27,2026-07-27,False
BUS-000994,Cedar Media,Premium,91,362.3,2023-12-02,2026-12-01,False
BUS-000995,Apex Works,Free,1,0.0,2024-11-28,2026-11-28,False
BUS-000996,Vertex Media,Mid,14,46.93,2025-03-31,2027-03-31,False
BUS-000997,Initech Labs,Free,3,0.0,2026-04-17,2027-04-17,False
BUS-000998,Iron Auto,Free,3,0.0,2025-10-04,2026-10-04,False
BUS-000999,Stellar Trading,Free,2,0.0,2024-12-05,2026-12-05,False
BUS-001000,Stellar Bakery,Free,1,0.0,2026-01-08,2027-01-08,False
BUS-001001,Vertex Bakery,Mid,4,36.05,2025-08-11,2026-08-11,False
BUS-001002,Cedar Group,Mid,7,50.62,2025-11-30,2026-11-30,False
BUS-001003,Initech Builders,Mid,13,83.89,2024-07-11,2026-07-11,False
BUS-001004,Cedar Consulting,Mid,9,57.2,2026-01-01,2027-01-01,False
BUS-001005,Apex Consulting,Free,2,0.0,2025-03-20,2027-03-20,False
BUS-001006,Umbra Works,Mid,4,40.07,2023-12-03,2026-12-02,False
BUS-001007,Cedar Works,Mid,4,32.44,2025-12-11,2026-12-11,False
BUS-001008,Acme Trading,Free,2,0.0,2025-07-04,2026-07-04,False
BUS-001009,Acme Partners,Mid,7,40.61,2024-06-28,2026-06-28,False
BUS-001010,Quantum Labs,Free,2,0.0,2025-12-12,2026-12-12,False
BUS-001011,Umbra Auto,Free,3,0.0,2023-08-21,2026-08-20,False
BUS-001012,Globex Logistics,Free,2,0.0,2024-02-04,2027-02-03,False
BUS-001013,Iron Health,Free,2,0.0,2025-11-21,2026-11-21,False
BUS-001014,Summit Supply,Mid,5,68.81,2024-03-09,2027-03-09,False
BUS-001015,Initech Works,Premium,90,563.31,2023-08-12,2026-08-11,False
BUS-001016,Quantum Partners,Mid,5,32.5,2026-03-14,2027-03-14,False
BUS-001017,Cobalt Works,Free,3,0.0,2024-08-12,2026-08-12,False
BUS-001018,Harbor Trading,Premium,12,172.23,2026-01-10,2027-01-10,False
BUS-001019,Iron Studios,Free,1,0.0,2023-05-29,2027-05-28,False
BUS-001020,Cobalt Labs,Mid,6,94.74,2026-02-18,2027-02-18,False
BUS-001021,Quantum Studios,Free,3,0.0,2026-01-31,2027-01-31,False
BUS-001022,Summit Bakery,Free,3,0.0,2026-01-22,2027-01-22,False
BUS-001023,Umbra Bakery,Free,1,0.0,2025-12-25,2026-12-25,False
BUS-001024,Initech Retail,Free,3,0.0,2025-02-07,2027-02-07,False
BUS-001025,Harbor Bakery,Free,3,0.0,2024-02-01,2027-01-31,False
BUS-001026,Stellar Trading,Premium,83,477.53,2024-07-15,2026-07-15,False
BUS-001027,Bright Consulting,Mid,8,34.43,2024-10-21,2026-10-21,True
BUS-001028,Globex Studios,Mid,11,41.55,2024-12-22,2026-12-22,False
BUS-001029,Vertex Labs,Free,3,0.0,2024-03-25,2027-03-25,False
BUS-001030,Initech Health,Premium,20,153.81,2025-05-02,2027-05-02,False
BUS-001031,Stellar Studios,Free,2,0.0,2025-08-18,2026-08-18,False
BUS-001032,Globex Consulting,Mid,11,61.53,2024-12-31,2026-12-31,False
BUS-001033,Acme Foods,Mid,12,96.52,2024-08-26,2026-08-26,False
BUS-001034,Pioneer Foods,Free,3,0.0,2025-10-21,2026-10-21,False
BUS-001035,Cedar Trading,Free,3,0.0,2025-03-04,2027-03-04,False
BUS-001036,Cobalt Consulting,Free,1,0.0,2023-09-06,2026-09-05,False
BUS-001037,Pioneer Health,Free,1,0.0,2026-01-14,2027-01-14,False
BUS-001038,Iron Trading,Free,2,0.0,2024-06-19,2026-06-19,False
BUS-001039,Vertex Labs,Free,1,0.0,2025-05-09,2027-05-09,False
BUS-001040,Quantum Works,Free,1,0.0,2025-12-10,2026-12-10,False
BUS-001041,Umbra Media,Mid,8,59.33,2024-07-06,2026-07-06,False
BUS-001042,Stellar Supply,Free,1,0.0,2024-01-11,2027-01-10,False
BUS-001043,Globex Group,Premium,19,432.59,2023-08-16,2026-08-15,False
BUS-001044,Vertex Supply,Free,3,0.0,2023-10-16,2026-10-15,False
BUS-001045,Pioneer Builders,Free,2,0.0,2025-04-02,2027-04-02,False
BUS-001046,Globex Builders,Free,1,0.0,2026-02-28,2027-02-28,False
BUS-001047,Bright Consulting,Free,2,0.0,2023-10-08,2026-10-07,False
BUS-001048,Vertex Foods,Mid,6,92.05,2025-06-17,2026-06-17,False
BUS-001049,Stellar Partners,Free,3,0.0,2023-08-07,2026-08-06,False
BUS-001050,Quantum Foods,Mid,7,31.02,2023-12-10,2026-12-09,False
BUS-001051,Nova Labs,Free,3,0.0,2025-02-03,2027-02-03,False
BUS-001052,Cobalt Trading,Free,1,0.0,2026-02-11,2027-02-11,False
BUS-001053,Umbra Works,Free,2,0.0,2023-08-27,2026-08-26,False
BUS-001054,Bright Retail,Free,1,0.0,2026-04-09,2027-04-09,False
BUS-001055,Initech Labs,Free,2,0.0,2024-12-31,2026-12-31,False
BUS-001056,Iron Labs,Free,2,0.0,2025-06-07,2026-06-07,False
BUS-001057,Vertex Auto,Premium,69,613.1,2024-01-25,2027-01-24,False
BUS-001058,Harbor Trading,Mid,14,74.34,2025-12-11,2026-12-11,False
BUS-001059,Initech Media,Free,2,0.0,2025-03-06,2027-03-06,False
BUS-001060,Umbra Supply,Mid,3,66.03,2024-04-19,2027-04-19,False
BUS-001061,Pioneer Auto,Free,3,0.0,2026-02-10,2027-02-10,False
BUS-001062,Stellar Studios,Free,3,0.0,2025-12-18,2026-12-18,False
BUS-001063,Stellar Foods,Premium,40,473.78,2023-08-29,2026-08-28,False
BUS-001064,Bright Builders,Free,2,0.0,2023-07-08,2026-07-07,False
BUS-001065,Iron Partners,Free,2,0.0,2024-05-27,2027-05-27,False
BUS-001066,Summit Works,Free,1,0.0,2023-09-15,2026-09-14,False
BUS-001067,Iron Logistics,Mid,15,77.13,2025-12-21,2026-12-21,False
BUS-001068,Initech Bakery,Free,1,0.0,2024-09-21,2026-09-21,False
BUS-001069,Cobalt Studios,Free,1,0.0,2025-07-05,2026-07-05,False
BUS-001070,Summit Group,Premium,76,721.26,2026-03-19,2027-03-19,False
BUS-001071,Pioneer Group,Premium,79,709.03,2023-09-07,2026-09-06,False
BUS-001072,Summit Retail,Free,3,0.0,2026-03-22,2027-03-22,False
BUS-001073,Harbor Group,Free,1,0.0,2023-06-05,2026-06-04,False
BUS-001074,Iron Works,Mid,13,75.22,2024-07-05,2026-07-05,False
BUS-001075,Vertex Builders,Free,1,0.0,2024-08-15,2026-08-15,False
BUS-001076,Globex Studios,Free,2,0.0,2024-09-21,2026-09-21,False
BUS-001077,Vertex Health,Free,2,0.0,2025-05-29,2027-05-29,False
BUS-001078,Vertex Foods,Free,1,0.0,2025-06-24,2026-06-24,False
BUS-001079,Iron Builders,Free,2,0.0,2025-08-18,2026-08-18,False
BUS-001080,Harbor Auto,Free,1,0.0,2026-02-22,2027-02-22,False
BUS-001081,Summit Bakery,Free,2,0.0,2025-06-06,2026-06-06,False
BUS-001082,Iron Media,Premium,61,708.64,2025-07-11,2026-07-11,False
BUS-001083,Harbor Health,Free,3,0.0,2023-06-30,2026-06-29,False
BUS-001084,Iron Media,Free,2,0.0,2025-07-07,2026-07-07,False
BUS-001085,Umbra Health,Mid,14,63.53,2026-02-11,2027-02-11,True
BUS-001086,Iron Auto,Free,3,0.0,2025-02-07,2027-02-07,False
BUS-001087,Quantum Builders,Free,1,0.0,2025-03-31,2027-03-31,False
BUS-001088,Initech Supply,Free,1,0.0,2023-11-04,2026-11-03,False
BUS-001089,Globex Auto,Free,2,0.0,2023-06-22,2026-06-21,False
BUS-001090,Pioneer Supply,Free,3,0.0,2023-12-11,2026-12-10,False
BUS-001091,Pioneer Health,Free,2,0.0,2024-05-28,2027-05-28,False
BUS-001092,Bright Works,Premium,81,202.56,2023-11-07,2026-11-06,False
BUS-001093,Bright Studios,Free,3,0.0,2023-12-18,2026-12-17,False
BUS-001094,Harbor Logistics,Mid,12,36.03,2025-03-05,2027-03-05,False
BUS-001095,Acme Group,Premium,85,603.67,2025-11-04,2026-11-04,False
BUS-001096,Nova Retail,Mid,7,59.02,2023-10-01,2026-09-30,False
BUS-001097,Cobalt Trading,Free,2,0.0,2024-09-19,2026-09-19,False
BUS-001098,Iron Foods,Mid,7,88.42,2024-08-20,2026-08-20,False
BUS-001099,Cedar Health,Free,1,0.0,2025-06-23,2026-06-23,False
BUS-001100,Bright Consulting,Premium,91,433.52,2024-09-22,2026-09-22,False
BUS-001101,Acme Bakery,Free,3,0.0,2024-12-19,2026-12-19,False
BUS-001102,Pioneer Partners,Mid,10,99.6,2025-12-19,2026-12-19,False
BUS-001103,Umbra Auto,Mid,16,48.05,2023-09-03,2026-09-02,False
BUS-001104,Cedar Consulting,Free,3,0.0,2026-03-30,2027-03-30,False
BUS-001105,Globex Builders,Mid,5,52.38,2025-07-31,2026-07-31,False
BUS-001106,Globex Health,Free,3,0.0,2024-05-05,2027-05-05,False
BUS-001107,Stellar Consulting,Free,3,0.0,2025-11-28,2026-11-28,False
BUS-001108,Summit Builders,Mid,12,82.68,2024-07-13,2026-07-13,False
BUS-001109,Acme Studios,Mid,14,55.38,2024-05-14,2027-05-14,False
BUS-001110,Bright Media,Free,2,0.0,2023-08-15,2026-08-14,False
BUS-001111,Quantum Retail,Premium,30,211.45,2025-06-22,2026-06-22,False
BUS-001112,Umbra Group,Mid,11,72.94,2023-05-24,2027-05-23,False
BUS-001113,Nova Labs,Free,1,0.0,2025-09-08,2026-09-08,False
BUS-001114,Nova Works,Free,2,0.0,2024-04-22,2027-04-22,False
BUS-001115,Vertex Health,Premium,86,463.87,2024-06-03,2027-06-03,False
BUS-001116,Nova Studios,Free,1,0.0,2025-02-03,2027-02-03,False
BUS-001117,Bright Bakery,Mid,7,38.77,2025-08-11,2026-08-11,False
BUS-001118,Globex Retail,Free,2,0.0,2023-12-03,2026-12-02,False
BUS-001119,Globex Partners,Free,3,0.0,2023-06-18,2026-06-17,False
BUS-001120,Initech Health,Free,2,0.0,2026-02-05,2027-02-05,False
BUS-001121,Stellar Retail,Mid,15,36.76,2025-08-24,2026-08-24,False
BUS-001122,Initech Studios,Free,2,0.0,2026-03-06,2027-03-06,False
BUS-001123,Quantum Logistics,Mid,7,96.42,2024-05-22,2027-05-22,False
BUS-001124,Stellar Retail,Free,3,0.0,2026-04-06,2027-04-06,False
BUS-001125,Umbra Retail,Premium,31,691.0,2026-04-26,2027-04-26,False
BUS-001126,Iron Bakery,Premium,70,369.88,2025-04-20,2027-04-20,False
BUS-001127,Bright Retail,Free,2,0.0,2024-03-18,2027-03-18,False
BUS-001128,Harbor Bakery,Free,2,0.0,2025-09-15,2026-09-15,False
BUS-001129,Cobalt Auto,Free,3,0.0,2025-07-30,2026-07-30,False
BUS-001130,Umbra Supply,Mid,11,80.55,2025-11-17,2026-11-17,False
BUS-001131,Iron Foods,Free,3,0.0,2024-08-04,2026-08-04,False
BUS-001132,Initech Partners,Mid,7,98.95,2023-12-10,2026-12-09,False
BUS-001133,Umbra Supply,Premium,57,257.58,2023-08-02,2026-08-01,False
BUS-001134,Umbra Studios,Free,3,0.0,2025-11-11,2026-11-11,False
BUS-001135,Vertex Logistics,Free,3,0.0,2025-10-08,2026-10-08,False
BUS-001136,Stellar Supply,Free,1,0.0,2024-06-10,2026-06-10,False
BUS-001137,Cedar Builders,Free,2,0.0,2023-07-17,2026-07-16,False
BUS-001138,Apex Partners,Mid,15,75.07,2024-02-05,2027-02-04,False
BUS-001139,Umbra Bakery,Free,1,0.0,2023-10-16,2026-10-15,False
BUS-001140,Nova Labs,Free,2,0.0,2025-01-17,2027-01-17,False
BUS-001141,Cobalt Labs,Free,1,0.0,2025-12-16,2026-12-16,False
BUS-001142,Nova Health,Premium,58,512.75,2024-07-04,2026-07-04,False
BUS-001143,Iron Retail,Mid,4,83.21,2023-06-05,2026-06-04,False
BUS-001144,Cedar Media,Free,2,0.0,2023-08-04,2026-08-03,False
BUS-001145,Umbra Supply,Mid,11,68.26,2026-03-01,2027-03-01,False
BUS-001146,Iron Trading,Free,2,0.0,2023-11-10,2026-11-09,False
BUS-001147,Vertex Partners,Free,3,0.0,2024-08-22,2026-08-22,False
BUS-001148,Cobalt Bakery,Free,2,0.0,2024-02-28,2027-02-27,False
BUS-001149,Vertex Trading,Mid,10,76.21,2023-09-15,2026-09-14,False
BUS-001150,Pioneer Health,Free,2,0.0,2024-03-22,2027-03-22,False
BUS-001151,Nova Auto,Free,1,0.0,2026-02-01,2027-02-01,False
BUS-001152,Harbor Supply,Free,3,0.0,2026-03-10,2027-03-10,False
BUS-001153,Bright Auto,Free,2,0.0,2024-05-03,2027-05-03,False
BUS-001154,Quantum Health,Free,1,0.0,2024-12-13,2026-12-13,False
BUS-001155,Vertex Labs,Mid,17,78.16,2024-08-18,2026-08-18,True
BUS-001156,Bright Group,Free,1,0.0,2023-10-04,2026-10-03,False
BUS-001157,Acme Media,Free,3,0.0,2023-09-16,2026-09-15,False
BUS-001158,Umbra Partners,Free,2,0.0,2024-07-13,2026-07-13,False
BUS-001159,Harbor Partners,Free,3,0.0,2025-03-09,2027-03-09,False
BUS-001160,Vertex Health,Free,3,0.0,2024-06-08,2026-06-08,False
BUS-001161,Cobalt Logistics,Free,2,0.0,2025-03-17,2027-03-17,False
BUS-001162,Apex Foods,Mid,11,44.99,2024-11-07,2026-11-07,True
BUS-001163,Cedar Logistics,Mid,4,80.24,2025-10-22,2026-10-22,False
BUS-001164,Initech Health,Mid,11,63.27,2025-03-01,2027-03-01,False
BUS-001165,Harbor Retail,Free,2,0.0,2023-11-30,2026-11-29,False
BUS-001166,Iron Consulting,Free,2,0.0,2023-06-14,2026-06-13,False
BUS-001167,Cobalt Retail,Premium,90,572.0,2025-04-17,2027-04-17,False
BUS-001168,Bright Trading,Mid,16,81.95,2023-09-20,2026-09-19,False
BUS-001169,Nova Foods,Free,2,0.0,2023-09-30,2026-09-29,False
BUS-001170,Bright Group,Free,3,0.0,2024-08-28,2026-08-28,False
BUS-001171,Bright Builders,Free,1,0.0,2025-03-14,2027-03-14,False
BUS-001172,Umbra Studios,Mid,13,41.24,2025-01-06,2027-01-06,False
BUS-001173,Iron Partners,Free,1,0.0,2024-08-07,2026-08-07,False
BUS-001174,Cedar Studios,Mid,9,59.54,2026-02-18,2027-02-18,False
BUS-001175,Globex Partners,Free,2,0.0,2025-05-09,2027-05-09,False
BUS-001176,Summit Logistics,Mid,3,90.17,2025-11-14,2026-11-14,False
BUS-001177,Apex Studios,Premium,62,688.06,2025-11-01,2026-11-01,False
BUS-001178,Umbra Builders,Free,3,0.0,2023-07-15,2026-07-14,False
BUS-001179,Umbra Media,Free,1,0.0,2025-01-02,2027-01-02,False
BUS-001180,Quantum Group,Free,3,0.0,2024-02-26,2027-02-25,False
BUS-001181,Stellar Builders,Free,1,0.0,2025-05-11,2027-05-11,False
BUS-001182,Cobalt Auto,Free,2,0.0,2026-01-10,2027-01-10,False
BUS-001183,Quantum Builders,Mid,4,52.15,2023-12-19,2026-12-18,False
BUS-001184,Summit Labs,Premium,28,367.8,2024-04-11,2027-04-11,False
BUS-001185,Quantum Builders,Mid,17,72.41,2026-01-13,2027-01-13,False
BUS-001186,Umbra Foods,Mid,7,74.73,2024-04-21,2027-04-21,False
BUS-001187,Cedar Health,Premium,59,154.72,2024-02-20,2027-02-19,False
BUS-001188,Stellar Consulting,Free,1,0.0,2024-09-02,2026-09-02,False
BUS-001189,Globex Builders,Premium,90,340.31,2024-01-23,2027-01-22,False
BUS-001190,Harbor Group,Premium,72,432.65,2024-01-10,2027-01-09,False
BUS-001191,Initech Auto,Premium,22,644.64,2024-11-16,2026-11-16,False
BUS-001192,Iron Labs,Free,3,0.0,2024-07-04,2026-07-04,False
BUS-001193,Nova Labs,Mid,13,74.91,2023-11-08,2026-11-07,False
BUS-001194,Harbor Logistics,Free,3,0.0,2024-08-17,2026-08-17,False
BUS-001195,Nova Group,Free,1,0.0,2023-06-12,2026-06-11,False
BUS-001196,Harbor Health,Mid,8,61.6,2025-08-04,2026-08-04,False
BUS-001197,Vertex Supply,Free,2,0.0,2024-04-12,2027-04-12,False
BUS-001198,Quantum Logistics,Premium,83,284.69,2026-03-18,2027-03-18,False
BUS-001199,Globex Supply,Premium,35,307.07,2025-05-24,2027-05-24,False
BUS-001200,Vertex Bakery,Mid,12,48.21,2025-11-03,2026-11-03,False
BUS-001201,Iron Partners,Free,3,0.0,2023-11-25,2026-11-24,False
BUS-001202,Stellar Builders,Free,3,0.0,2025-03-14,2027-03-14,False
BUS-001203,Nova Group,Free,2,0.0,2024-03-13,2027-03-13,False
BUS-001204,Stellar Group,Premium,86,279.34,2024-10-02,2026-10-02,False
BUS-001205,Summit Builders,Free,1,0.0,2026-03-07,2027-03-07,False
BUS-001206,Pioneer Works,Free,2,0.0,2024-12-12,2026-12-12,False
BUS-001207,Harbor Supply,Free,2,0.0,2025-08-05,2026-08-05,False
BUS-001208,Cedar Logistics,Mid,14,56.84,2023-12-20,2026-12-19,False
BUS-001209,Harbor Foods,Free,1,0.0,2026-01-18,2027-01-18,False
BUS-001210,Acme Builders,Free,2,0.0,2026-01-31,2027-01-31,False
BUS-001211,Apex Auto,Free,2,0.0,2024-08-23,2026-08-23,False
BUS-001212,Vertex Builders,Free,3,0.0,2026-02-09,2027-02-09,False
BUS-001213,Iron Studios,Free,2,0.0,2024-06-09,2026-06-09,False
BUS-001214,Nova Builders,Free,3,0.0,2023-11-30,2026-11-29,False
BUS-001215,Cobalt Builders,Free,1,0.0,2025-08-16,2026-08-16,False
BUS-001216,Cedar Media,Mid,17,60.11,2024-11-11,2026-11-11,False
BUS-001217,Cobalt Studios,Free,1,0.0,2024-07-27,2026-07-27,False
BUS-001218,Nova Trading,Mid,17,76.02,2023-11-15,2026-11-14,True
BUS-001219,Cedar Consulting,Free,1,0.0,2023-09-14,2026-09-13,False
BUS-001220,Pioneer Partners,Mid,9,38.12,2023-07-26,2026-07-25,True
BUS-001221,Umbra Auto,Free,1,0.0,2025-07-05,2026-07-05,False
BUS-001222,Vertex Builders,Free,2,0.0,2025-04-30,2027-04-30,False
BUS-001223,Vertex Group,Mid,13,71.0,2026-04-26,2027-04-26,False
BUS-001224,Harbor Labs,Premium,41,610.95,2025-10-23,2026-10-23,False
BUS-001225,Apex Auto,Free,3,0.0,2025-08-28,2026-08-28,False
BUS-001226,Iron Partners,Mid,4,88.59,2025-06-24,2026-06-24,True
BUS-001227,Harbor Trading,Free,2,0.0,2026-04-23,2027-04-23,False
BUS-001228,Globex Health,Mid,10,52.74,2025-08-13,2026-08-13,False
BUS-001229,Apex Logistics,Free,1,0.0,2025-12-11,2026-12-11,False
BUS-001230,Apex Logistics,Free,1,0.0,2024-12-29,2026-12-29,False
BUS-001231,Apex Supply,Free,1,0.0,2025-06-05,2026-06-05,False
BUS-001232,Umbra Health,Free,3,0.0,2025-06-23,2026-06-23,False
BUS-001233,Nova Auto,Free,2,0.0,2024-08-07,2026-08-07,False
BUS-001234,Apex Partners,Mid,16,55.72,2025-03-21,2027-03-21,False
BUS-001235,Initech Group,Free,3,0.0,2023-12-20,2026-12-19,False
BUS-001236,Harbor Works,Mid,12,43.04,2023-12-14,2026-12-13,True
BUS-001237,Initech Health,Mid,13,78.04,2025-06-21,2026-06-21,False
BUS-001238,Summit Studios,Free,1,0.0,2023-08-30,2026-08-29,False
BUS-001239,Bright Health,Premium,97,691.74,2024-12-11,2026-12-11,False
BUS-001240,Bright Group,Mid,11,35.36,2026-02-01,2027-02-01,False
BUS-001241,Pioneer Builders,Free,3,0.0,2024-12-02,2026-12-02,False
BUS-001242,Iron Consulting,Mid,15,65.24,2025-09-13,2026-09-13,False
BUS-001243,Summit Media,Mid,16,57.51,2025-11-15,2026-11-15,False
BUS-001244,Cedar Media,Mid,10,83.01,2023-10-26,2026-10-25,False
BUS-001245,Cedar Bakery,Premium,33,276.64,2025-11-25,2026-11-25,False
BUS-001246,Apex Bakery,Free,1,0.0,2026-04-23,2027-04-23,False
BUS-001247,Iron Supply,Free,3,0.0,2023-08-31,2026-08-30,False
BUS-001248,Pioneer Supply,Premium,87,585.55,2024-08-22,2026-08-22,False
BUS-001249,Acme Retail,Mid,4,38.76,2026-04-06,2027-04-06,False
BUS-001250,Quantum Group,Premium,36,438.67,2025-07-11,2026-07-11,False
BUS-001251,Iron Studios,Mid,16,85.3,2025-04-09,2027-04-09,True
BUS-001252,Vertex Studios,Free,1,0.0,2025-09-08,2026-09-08,False
BUS-001253,Iron Foods,Mid,10,97.47,2023-09-12,2026-09-11,True
BUS-001254,Globex Media,Free,3,0.0,2024-02-22,2027-02-21,False
BUS-001255,Bright Partners,Free,3,0.0,2023-12-02,2026-12-01,False
BUS-001256,Apex Partners,Mid,12,81.18,2024-09-16,2026-09-16,True
BUS-001257,Quantum Trading,Free,3,0.0,2023-08-09,2026-08-08,False
BUS-001258,Initech Builders,Free,2,0.0,2024-07-27,2026-07-27,False
BUS-001259,Cobalt Auto,Premium,63,683.48,2025-09-07,2026-09-07,False
BUS-001260,Vertex Health,Free,2,0.0,2026-03-23,2027-03-23,False
BUS-001261,Harbor Works,Mid,10,54.07,2025-01-14,2027-01-14,False
BUS-001262,Bright Auto,Free,2,0.0,2024-02-25,2027-02-24,False
BUS-001263,Summit Logistics,Mid,15,97.97,2025-06-07,2026-06-07,False
BUS-001264,Umbra Group,Mid,5,42.13,2025-06-18,2026-06-18,False
BUS-001265,Globex Labs,Premium,73,332.19,2025-03-02,2027-03-02,False
BUS-001266,Vertex Consulting,Free,2,0.0,2024-05-03,2027-05-03,False
BUS-001267,Umbra Foods,Mid,17,65.24,2025-12-25,2026-12-25,False
BUS-001268,Cedar Media,Free,1,0.0,2023-08-12,2026-08-11,False
BUS-001269,Umbra Trading,Mid,15,33.27,2024-11-03,2026-11-03,False
BUS-001270,Umbra Bakery,Premium,66,629.39,2025-09-19,2026-09-19,False
BUS-001271,Stellar Auto,Mid,3,65.51,2025-05-27,2027-05-27,False
BUS-001272,Cobalt Bakery,Free,2,0.0,2023-11-12,2026-11-11,False
BUS-001273,Nova Bakery,Free,2,0.0,2024-06-18,2026-06-18,False
BUS-001274,Cobalt Media,Mid,10,97.87,2026-04-21,2027-04-21,False
BUS-001275,Cedar Auto,Free,1,0.0,2025-11-11,2026-11-11,False
BUS-001276,Bright Foods,Mid,9,55.25,2024-12-18,2026-12-18,True
BUS-001277,Bright Works,Free,2,0.0,2024-01-09,2027-01-08,False
BUS-001278,Acme Works,Premium,76,626.76,2024-04-24,2027-04-24,False
BUS-001279,Initech Logistics,Free,1,0.0,2023-06-10,2026-06-09,False
BUS-001280,Bright Trading,Free,2,0.0,2025-06-02,2027-06-02,False
BUS-001281,Globex Health,Free,1,0.0,2025-06-29,2026-06-29,False
BUS-001282,Harbor Auto,Free,3,0.0,2024-08-19,2026-08-19,False
BUS-001283,Nova Supply,Free,2,0.0,2023-05-20,2027-05-19,False
BUS-001284,Pioneer Supply,Free,1,0.0,2023-11-11,2026-11-10,False
BUS-001285,Apex Studios,Mid,17,51.11,2026-02-18,2027-02-18,False
BUS-001286,Stellar Logistics,Free,3,0.0,2024-09-30,2026-09-30,False
BUS-001287,Harbor Consulting,Free,2,0.0,2023-06-02,2027-06-01,False
BUS-001288,Quantum Health,Free,3,0.0,2024-11-21,2026-11-21,False
BUS-001289,Cedar Auto,Mid,11,37.73,2026-01-02,2027-01-02,False
BUS-001290,Iron Health,Free,3,0.0,2025-08-22,2026-08-22,False
BUS-001291,Quantum Auto,Mid,3,61.72,2025-01-06,2027-01-06,False
BUS-001292,Apex Foods,Free,3,0.0,2025-07-22,2026-07-22,False
BUS-001293,Pioneer Works,Free,3,0.0,2025-04-05,2027-04-05,False
BUS-001294,Bright Logistics,Free,3,0.0,2023-12-15,2026-12-14,False
BUS-001295,Cobalt Retail,Free,2,0.0,2025-08-11,2026-08-11,False
BUS-001296,Apex Supply,Free,2,0.0,2023-05-23,2027-05-22,False
BUS-001297,Iron Partners,Premium,84,449.3,2023-12-19,2026-12-18,False
BUS-001298,Cobalt Works,Mid,9,87.67,2025-07-13,2026-07-13,False
BUS-001299,Umbra Retail,Free,3,0.0,2023-06-18,2026-06-17,False
BUS-001300,Pioneer Bakery,Free,1,0.0,2025-06-17,2026-06-17,False
BUS-001301,Globex Studios,Mid,9,37.72,2024-04-08,2027-04-08,False
BUS-001302,Summit Health,Free,2,0.0,2024-03-29,2027-03-29,False
BUS-001303,Bright Trading,Free,1,0.0,2025-07-17,2026-07-17,False
BUS-001304,Vertex Partners,Premium,49,683.43,2025-02-17,2027-02-17,False
BUS-001305,Initech Trading,Free,3,0.0,2024-05-20,2027-05-20,False
BUS-001306,Iron Media,Free,3,0.0,2024-08-08,2026-08-08,False
BUS-001307,Iron Works,Mid,10,88.41,2025-08-06,2026-08-06,False
BUS-001308,Bright Supply,Mid,5,90.64,2024-07-07,2026-07-07,True
BUS-001309,Globex Works,Free,2,0.0,2024-06-09,2026-06-09,False
BUS-001310,Summit Bakery,Mid,13,36.2,2025-05-30,2027-05-30,False
BUS-001311,Stellar Partners,Mid,4,43.47,2026-01-16,2027-01-16,False
BUS-001312,Vertex Labs,Free,1,0.0,2025-08-31,2026-08-31,False
BUS-001313,Iron Logistics,Free,1,0.0,2024-12-18,2026-12-18,False
BUS-001314,Acme Media,Mid,12,52.43,2026-02-01,2027-02-01,False
BUS-001315,Harbor Supply,Free,2,0.0,2026-03-16,2027-03-16,False
BUS-001316,Vertex Health,Free,1,0.0,2025-10-13,2026-10-13,False
BUS-001317,Nova Health,Free,2,0.0,2025-11-02,2026-11-02,False
BUS-001318,Vertex Labs,Premium,96,251.51,2024-07-07,2026-07-07,False
BUS-001319,Harbor Builders,Mid,7,57.3,2024-07-18,2026-07-18,True
BUS-001320,Stellar Foods,Free,1,0.0,2026-01-18,2027-01-18,False
BUS-001321,Apex Bakery,Mid,12,46.55,2023-06-28,2026-06-27,False
BUS-001322,Bright Logistics,Free,2,0.0,2023-09-26,2026-09-25,False
BUS-001323,Acme Builders,Free,2,0.0,2025-01-11,2027-01-11,False
BUS-001324,Nova Health,Mid,12,77.26,2024-12-16,2026-12-16,False
BUS-001325,Nova Auto,Mid,10,35.87,2023-07-15,2026-07-14,False
BUS-001326,Bright Works,Free,1,0.0,2024-12-18,2026-12-18,False
BUS-001327,Vertex Labs,Free,2,0.0,2024-09-19,2026-09-19,False
BUS-001328,Cedar Supply,Free,2,0.0,2024-10-22,2026-10-22,False
BUS-001329,Summit Trading,Premium,90,277.65,2023-06-24,2026-06-23,False
BUS-001330,Summit Logistics,Free,3,0.0,2025-12-12,2026-12-12,False
BUS-001331,Cedar Group,Free,1,0.0,2025-07-22,2026-07-22,False
BUS-001332,Harbor Builders,Free,3,0.0,2024-07-22,2026-07-22,False
BUS-001333,Harbor Retail,Premium,67,313.81,2024-07-15,2026-07-15,False
BUS-001334,Acme Studios,Free,3,0.0,2024-07-01,2026-07-01,False
BUS-001335,Vertex Group,Mid,3,72.62,2026-04-26,2027-04-26,False
BUS-001336,Initech Labs,Mid,14,79.23,2024-02-20,2027-02-19,False
BUS-001337,Pioneer Supply,Premium,95,417.11,2025-08-25,2026-08-25,False
BUS-001338,Pioneer Retail,Mid,8,57.07,2026-04-17,2027-04-17,True
BUS-001339,Cedar Auto,Free,1,0.0,2026-03-25,2027-03-25,False
BUS-001340,Quantum Foods,Free,3,0.0,2024-08-22,2026-08-22,False
BUS-001341,Stellar Labs,Premium,56,172.08,2023-07-30,2026-07-29,False
BUS-001342,Umbra Builders,Free,3,0.0,2024-02-13,2027-02-12,False
BUS-001343,Vertex Logistics,Mid,10,41.93,2025-04-03,2027-04-03,False
BUS-001344,Quantum Builders,Mid,14,34.55,2024-11-19,2026-11-19,False
BUS-001345,Cedar Works,Free,3,0.0,2026-03-18,2027-03-18,False
BUS-001346,Harbor Group,Free,2,0.0,2026-01-18,2027-01-18,False
BUS-001347,Pioneer Trading,Mid,9,49.18,2023-06-08,2026-06-07,False
BUS-001348,Iron Media,Premium,38,178.18,2023-12-26,2026-12-25,False
BUS-001349,Initech Labs,Free,1,0.0,2024-06-18,2026-06-18,False
BUS-001350,Initech Foods,Premium,38,736.86,2023-12-19,2026-12-18,False
BUS-001351,Initech Bakery,Free,2,0.0,2024-08-06,2026-08-06,False
BUS-001352,Harbor Builders,Free,2,0.0,2026-03-16,2027-03-16,False
BUS-001353,Harbor Trading,Free,2,0.0,2025-01-01,2027-01-01,False
BUS-001354,Iron Bakery,Mid,11,85.59,2025-12-06,2026-12-06,False
BUS-001355,Apex Media,Mid,12,38.74,2025-12-31,2026-12-31,False
BUS-001356,Globex Works,Premium,98,189.02,2025-08-16,2026-08-16,False
BUS-001357,Initech Bakery,Free,3,0.0,2023-12-02,2026-12-01,False
BUS-001358,Bright Foods,Mid,11,33.65,2024-03-14,2027-03-14,False
BUS-001359,Apex Works,Premium,94,524.4,2023-10-19,2026-10-18,False
BUS-001360,Acme Works,Mid,17,73.41,2025-10-09,2026-10-09,False
BUS-001361,Umbra Bakery,Free,3,0.0,2025-04-05,2027-04-05,False
BUS-001362,Stellar Studios,Free,3,0.0,2025-12-17,2026-12-17,False
BUS-001363,Iron Consulting,Mid,7,54.88,2023-08-23,2026-08-22,False
BUS-001364,Nova Health,Free,1,0.0,2026-01-01,2027-01-01,False
BUS-001365,Nova Studios,Mid,11,97.18,2024-05-02,2027-05-02,False
BUS-001366,Summit Auto,Free,3,0.0,2024-06-01,2027-06-01,False
BUS-001367,Globex Foods,Premium,76,501.86,2025-07-12,2026-07-12,False
BUS-001368,Bright Auto,Free,3,0.0,2026-01-13,2027-01-13,False
BUS-001369,Initech Media,Free,1,0.0,2025-03-18,2027-03-18,False
BUS-001370,Harbor Media,Free,2,0.0,2023-09-20,2026-09-19,False
BUS-001371,Globex Partners,Mid,9,53.0,2025-10-02,2026-10-02,False
BUS-001372,Quantum Works,Free,1,0.0,2025-02-02,2027-02-02,False
BUS-001373,Apex Retail,Mid,6,63.65,2024-06-25,2026-06-25,False
BUS-001374,Acme Logistics,Free,1,0.0,2024-04-21,2027-04-21,False
BUS-001375,Nova Health,Free,3,0.0,2025-09-11,2026-09-11,False
BUS-001376,Globex Labs,Free,3,0.0,2024-04-27,2027-04-27,False
BUS-001377,Quantum Builders,Free,2,0.0,2025-05-13,2027-05-13,False
BUS-001378,Acme Consulting,Mid,8,89.33,2024-12-17,2026-12-17,False
BUS-001379,Umbra Media,Mid,17,37.08,2025-07-27,2026-07-27,False
BUS-001380,Pioneer Consulting,Premium,49,423.72,2024-04-07,2027-04-07,False
BUS-001381,Umbra Studios,Premium,89,679.0,2025-12-22,2026-12-22,False
BUS-001382,Apex Auto,Premium,26,626.94,2025-04-07,2027-04-07,False
BUS-001383,Globex Retail,Free,2,0.0,2024-12-20,2026-12-20,False
BUS-001384,Quantum Trading,Premium,47,623.75,2024-07-02,2026-07-02,False
BUS-001385,Cobalt Retail,Mid,7,91.1,2023-06-29,2026-06-28,False
BUS-001386,Apex Auto,Mid,15,62.95,2025-12-23,2026-12-23,True
BUS-001387,Harbor Auto,Free,2,0.0,2025-05-03,2027-05-03,False
BUS-001388,Cobalt Builders,Free,2,0.0,2023-07-26,2026-07-25,False
BUS-001389,Stellar Works,Mid,13,94.48,2026-02-19,2027-02-19,False
BUS-001390,Apex Consulting,Premium,60,281.16,2023-12-16,2026-12-15,False
BUS-001391,Nova Logistics,Premium,57,302.72,2025-11-12,2026-11-12,False
BUS-001392,Quantum Trading,Free,3,0.0,2024-05-14,2027-05-14,False
BUS-001393,Bright Works,Free,3,0.0,2024-06-15,2026-06-15,False
BUS-001394,Cobalt Media,Free,2,0.0,2024-04-12,2027-04-12,False
BUS-001395,Iron Foods,Free,1,0.0,2025-05-02,2027-05-02,False
BUS-001396,Initech Health,Free,1,0.0,2024-04-29,2027-04-29,False
BUS-001397,Quantum Bakery,Mid,11,68.27,2025-11-25,2026-11-25,False
BUS-001398,Stellar Media,Free,2,0.0,2026-02-15,2027-02-15,False
BUS-001399,Summit Builders,Free,2,0.0,2024-12-08,2026-12-08,False
BUS-001400,Cedar Labs,Free,3,0.0,2025-07-26,2026-07-26,False
BUS-001401,Acme Partners,Mid,7,87.56,2024-01-28,2027-01-27,False
BUS-001402,Stellar Partners,Mid,15,96.6,2024-02-10,2027-02-09,False
BUS-001403,Iron Media,Free,3,0.0,2023-09-18,2026-09-17,False
BUS-001404,Bright Retail,Mid,8,89.21,2023-12-08,2026-12-07,False
BUS-001405,Pioneer Studios,Free,3,0.0,2026-03-04,2027-03-04,False
BUS-001406,Pioneer Media,Mid,5,51.39,2026-04-15,2027-04-15,False
BUS-001407,Summit Media,Free,2,0.0,2024-01-29,2027-01-28,False
BUS-001408,Harbor Supply,Mid,12,84.98,2025-07-24,2026-07-24,True
BUS-001409,Apex Retail,Premium,36,719.22,2025-12-25,2026-12-25,False
BUS-001410,Summit Logistics,Free,2,0.0,2023-10-23,2026-10-22,False
BUS-001411,Globex Partners,Free,3,0.0,2025-05-06,2027-05-06,False
BUS-001412,Apex Health,Free,1,0.0,2025-12-13,2026-12-13,False
BUS-001413,Initech Works,Free,2,0.0,2023-05-27,2027-05-26,False
BUS-001414,Vertex Media,Free,3,0.0,2026-04-12,2027-04-12,False
BUS-001415,Nova Group,Premium,62,384.66,2025-09-20,2026-09-20,False
BUS-001416,Stellar Studios,Free,1,0.0,2024-02-28,2027-02-27,False
BUS-001417,Vertex Health,Premium,49,409.32,2023-09-05,2026-09-04,False
BUS-001418,Acme Studios,Mid,11,80.17,2023-10-08,2026-10-07,False
BUS-001419,Harbor Partners,Free,2,0.0,2024-12-15,2026-12-15,False
BUS-001420,Initech Health,Free,3,0.0,2026-02-13,2027-02-13,False
BUS-001421,Vertex Group,Mid,17,61.94,2024-09-02,2026-09-02,False
BUS-001422,Iron Supply,Free,3,0.0,2023-12-02,2026-12-01,False
BUS-001423,Apex Trading,Premium,33,569.11,2025-10-21,2026-10-21,False
BUS-001424,Summit Logistics,Free,1,0.0,2024-10-21,2026-10-21,False
BUS-001425,Umbra Auto,Mid,14,93.16,2023-07-29,2026-07-28,False
BUS-001426,Harbor Group,Free,1,0.0,2023-07-06,2026-07-05,False
BUS-001427,Globex Works,Free,2,0.0,2025-03-06,2027-03-06,False
BUS-001428,Apex Media,Free,3,0.0,2023-10-02,2026-10-01,False
BUS-001429,Umbra Studios,Mid,16,43.61,2026-02-16,2027-02-16,True
BUS-001430,Cobalt Works,Free,3,0.0,2023-09-27,2026-09-26,False
BUS-001431,Iron Studios,Free,3,0.0,2024-12-24,2026-12-24,False
BUS-001432,Vertex Labs,Free,2,0.0,2025-06-08,2026-06-08,False
BUS-001433,Acme Builders,Mid,5,50.59,2024-02-24,2027-02-23,True
BUS-001434,Stellar Trading,Free,2,0.0,2025-05-05,2027-05-05,False
BUS-001435,Umbra Supply,Premium,78,279.7,2026-01-27,2027-01-27,False
BUS-001436,Apex Retail,Mid,10,33.67,2026-04-25,2027-04-25,True
BUS-001437,Initech Labs,Premium,57,695.25,2025-03-21,2027-03-21,False
BUS-001438,Stellar Logistics,Free,1,0.0,2024-06-13,2026-06-13,False
BUS-001439,Vertex Trading,Free,1,0.0,2025-05-26,2027-05-26,False
BUS-001440,Harbor Retail,Free,1,0.0,2024-07-04,2026-07-04,False
BUS-001441,Stellar Bakery,Mid,17,67.92,2023-12-10,2026-12-09,True
BUS-001442,Apex Media,Free,1,0.0,2026-04-04,2027-04-04,False
BUS-001443,Quantum Logistics,Free,1,0.0,2023-10-08,2026-10-07,False
BUS-001444,Stellar Group,Mid,7,75.5,2024-04-09,2027-04-09,True
BUS-001445,Umbra Consulting,Free,3,0.0,2023-07-16,2026-07-15,False
BUS-001446,Apex Studios,Free,1,0.0,2024-07-09,2026-07-09,False
BUS-001447,Cobalt Logistics,Free,3,0.0,2024-07-22,2026-07-22,False
BUS-001448,Apex Foods,Free,3,0.0,2023-10-28,2026-10-27,False
BUS-001449,Quantum Labs,Free,3,0.0,2026-04-07,2027-04-07,False
BUS-001450,Quantum Logistics,Mid,17,38.68,2025-01-05,2027-01-05,False
BUS-001451,Summit Retail,Free,2,0.0,2023-07-18,2026-07-17,False
BUS-001452,Quantum Works,Free,1,0.0,2026-02-16,2027-02-16,False
BUS-001453,Globex Group,Mid,8,39.4,2024-07-23,2026-07-23,False
BUS-001454,Harbor Media,Mid,7,82.54,2025-01-20,2027-01-20,False
BUS-001455,Quantum Foods,Free,3,0.0,2026-01-14,2027-01-14,False
BUS-001456,Acme Logistics,Mid,9,66.5,2025-04-24,2027-04-24,False
BUS-001457,Nova Retail,Premium,18,722.2,2026-01-18,2027-01-18,False
BUS-001458,Quantum Logistics,Free,1,0.0,2025-03-12,2027-03-12,False
BUS-001459,Vertex Retail,Free,2,0.0,2024-08-05,2026-08-05,False
BUS-001460,Summit Health,Free,1,0.0,2024-12-11,2026-12-11,False
BUS-001461,Pioneer Supply,Mid,13,44.1,2023-08-23,2026-08-22,True
BUS-001462,Bright Group,Free,2,0.0,2023-11-13,2026-11-12,False
BUS-001463,Apex Group,Mid,16,96.76,2023-08-21,2026-08-20,True
BUS-001464,Vertex Builders,Premium,48,507.11,2025-06-26,2026-06-26,False
BUS-001465,Summit Supply,Free,2,0.0,2023-10-19,2026-10-18,False
BUS-001466,Stellar Studios,Mid,10,35.04,2025-07-29,2026-07-29,False
BUS-001467,Pioneer Partners,Premium,10,157.7,2023-07-14,2026-07-13,False
BUS-001468,Pioneer Supply,Free,2,0.0,2024-02-16,2027-02-15,False
BUS-001469,Bright Trading,Free,3,0.0,2025-12-10,2026-12-10,False
BUS-001470,Stellar Group,Premium,25,380.9,2025-06-06,2026-06-06,False
BUS-001471,Pioneer Trading,Premium,54,455.77,2023-08-08,2026-08-07,False
BUS-001472,Globex Auto,Mid,17,59.68,2024-12-15,2026-12-15,False
BUS-001473,Iron Studios,Mid,13,31.98,2025-07-06,2026-07-06,False
BUS-001474,Acme Bakery,Free,3,0.0,2025-06-08,2026-06-08,False
BUS-001475,Initech Retail,Mid,13,79.81,2024-03-08,2027-03-08,False
BUS-001476,Summit Supply,Premium,31,647.85,2024-12-03,2026-12-03,False
BUS-001477,Pioneer Studios,Mid,14,58.81,2025-11-03,2026-11-03,True
BUS-001478,Summit Labs,Free,1,0.0,2024-02-09,2027-02-08,False
BUS-001479,Bright Group,Premium,72,150.95,2025-12-12,2026-12-12,False
BUS-001480,Nova Retail,Mid,14,60.17,2025-05-08,2027-05-08,False
BUS-001481,Iron Retail,Free,3,0.0,2025-09-21,2026-09-21,False
BUS-001482,Stellar Builders,Free,1,0.0,2025-04-25,2027-04-25,False
BUS-001483,Vertex Logistics,Premium,62,414.44,2025-09-23,2026-09-23,False
BUS-001484,Cedar Logistics,Free,2,0.0,2025-08-22,2026-08-22,False
BUS-001485,Cobalt Partners,Free,3,0.0,2025-01-09,2027-01-09,False
BUS-001486,Acme Trading,Mid,4,30.67,2024-11-06,2026-11-06,False
BUS-001487,Apex Builders,Free,3,0.0,2026-04-20,2027-04-20,False
BUS-001488,Harbor Auto,Premium,70,604.15,2023-12-07,2026-12-06,False
BUS-001489,Apex Supply,Mid,8,99.96,2024-12-30,2026-12-30,False
BUS-001490,Apex Studios,Mid,8,91.12,2025-10-11,2026-10-11,True
BUS-001491,Quantum Auto,Free,1,0.0,2024-10-09,2026-10-09,False
BUS-001492,Bright Retail,Free,3,0.0,2023-09-04,2026-09-03,False
BUS-001493,Acme Auto,Free,3,0.0,2024-07-14,2026-07-14,False
BUS-001494,Cobalt Supply,Premium,51,556.76,2025-01-11,2027-01-11,False
BUS-001495,Cobalt Bakery,Mid,15,35.7,2023-12-10,2026-12-09,False
BUS-001496,Globex Studios,Mid,7,72.5,2025-07-15,2026-07-15,False
BUS-001497,Iron Consulting,Free,1,0.0,2024-08-25,2026-08-25,False
BUS-001498,Quantum Retail,Premium,24,439.3,2024-12-27,2026-12-27,False
BUS-001499,Umbra Group,Free,3,0.0,2025-11-02,2026-11-02,False
BUS-001500,Apex Builders,Premium,13,246.14,2024-07-05,2026-07-05,False
BUS-001501,Umbra Studios,Free,2,0.0,2023-09-02,2026-09-01,False
BUS-001502,Harbor Foods,Premium,91,585.25,2025-10-31,2026-10-31,False
BUS-001503,Apex Supply,Premium,86,188.8,2024-06-01,2027-06-01,False
BUS-001504,Quantum Builders,Mid,15,69.33,2023-11-22,2026-11-21,False
BUS-001505,Initech Media,Free,1,0.0,2025-09-18,2026-09-18,False
BUS-001506,Nova Media,Mid,17,43.17,2025-09-09,2026-09-09,False
BUS-001507,Globex Retail,Premium,83,592.15,2024-08-06,2026-08-06,False
BUS-001508,Nova Foods,Mid,9,52.38,2024-04-17,2027-04-17,False
BUS-001509,Harbor Studios,Free,1,0.0,2023-10-04,2026-10-03,False
BUS-001510,Nova Health,Mid,7,88.61,2023-07-16,2026-07-15,False
BUS-001511,Harbor Health,Free,3,0.0,2026-02-23,2027-02-23,False
BUS-001512,Cedar Partners,Free,3,0.0,2025-08-25,2026-08-25,False
BUS-001513,Harbor Studios,Mid,6,64.65,2024-03-24,2027-03-24,True
BUS-001514,Globex Consulting,Mid,6,89.36,2025-01-29,2027-01-29,False
BUS-001515,Acme Supply,Premium,60,329.46,2025-06-12,2026-06-12,False
BUS-001516,Pioneer Supply,Free,3,0.0,2023-09-08,2026-09-07,False
BUS-001517,Summit Retail,Free,3,0.0,2024-10-02,2026-10-02,False
BUS-001518,Globex Health,Mid,11,57.56,2025-08-09,2026-08-09,False
BUS-001519,Iron Partners,Free,1,0.0,2025-07-27,2026-07-27,False
BUS-001520,Stellar Retail,Free,1,0.0,2025-03-01,2027-03-01,False
BUS-001521,Nova Supply,Mid,3,55.36,2025-10-08,2026-10-08,False
BUS-001522,Globex Bakery,Premium,64,557.67,2025-05-25,2027-05-25,False
BUS-001523,Globex Bakery,Free,2,0.0,2025-05-02,2027-05-02,False
BUS-001524,Nova Supply,Premium,93,353.09,2023-11-28,2026-11-27,False
BUS-001525,Apex Partners,Free,1,0.0,2024-12-27,2026-12-27,False
BUS-001526,Apex Logistics,Free,3,0.0,2025-05-16,2027-05-16,False
BUS-001527,Iron Auto,Mid,16,87.27,2024-03-13,2027-03-13,False
BUS-001528,Umbra Partners,Free,1,0.0,2025-11-16,2026-11-16,False
BUS-001529,Cobalt Builders,Mid,17,65.68,2026-03-18,2027-03-18,False
BUS-001530,Bright Health,Mid,4,85.6,2025-04-29,2027-04-29,False
BUS-001531,Acme Supply,Mid,4,52.77,2025-04-21,2027-04-21,False
BUS-001532,Umbra Retail,Mid,11,84.84,2023-08-08,2026-08-07,True
BUS-001533,Acme Works,Premium,25,258.4,2025-05-01,2027-05-01,False
BUS-001534,Initech Builders,Mid,4,32.74,2025-03-08,2027-03-08,False
BUS-001535,Summit Auto,Premium,14,200.77,2025-08-22,2026-08-22,False
BUS-001536,Quantum Health,Premium,31,403.83,2026-05-04,2027-05-04,False
BUS-001537,Iron Studios,Free,3,0.0,2024-09-11,2026-09-11,False
BUS-001538,Stellar Bakery,Mid,14,51.91,2024-05-13,2027-05-13,False
BUS-001539,Stellar Studios,Mid,3,46.6,2025-04-14,2027-04-14,True
BUS-001540,Bright Logistics,Mid,6,71.42,2024-10-13,2026-10-13,True
BUS-001541,Vertex Supply,Free,2,0.0,2024-03-14,2027-03-14,False
BUS-001542,Nova Retail,Free,2,0.0,2023-12-15,2026-12-14,False
BUS-001543,Stellar Auto,Free,3,0.0,2024-10-30,2026-10-30,False
BUS-001544,Nova Media,Mid,13,87.44,2025-06-03,2027-06-03,False
BUS-001545,Initech Builders,Premium,65,377.37,2024-12-14,2026-12-14,False
BUS-001546,Initech Media,Free,1,0.0,2024-01-22,2027-01-21,False
BUS-001547,Quantum Builders,Mid,8,93.65,2024-10-22,2026-10-22,True
BUS-001548,Apex Bakery,Free,2,0.0,2025-02-03,2027-02-03,False
BUS-001549,Cobalt Bakery,Mid,4,42.3,2024-08-15,2026-08-15,False
BUS-001550,Cedar Bakery,Free,3,0.0,2024-10-04,2026-10-04,False
BUS-001551,Vertex Auto,Premium,31,340.8,2024-02-27,2027-02-26,False
BUS-001552,Nova Builders,Mid,13,97.76,2024-01-31,2027-01-30,False
BUS-001553,Nova Studios,Free,3,0.0,2025-06-20,2026-06-20,False
BUS-001554,Globex Auto,Free,3,0.0,2024-11-03,2026-11-03,False
BUS-001555,Vertex Works,Mid,6,77.48,2023-12-30,2026-12-29,False
BUS-001556,Bright Foods,Premium,69,451.34,2024-10-17,2026-10-17,False
BUS-001557,Bright Media,Free,1,0.0,2024-08-17,2026-08-17,False
BUS-001558,Vertex Trading,Mid,13,35.56,2024-12-29,2026-12-29,False
BUS-001559,Acme Group,Free,2,0.0,2023-07-30,2026-07-29,False
BUS-001560,Umbra Supply,Mid,17,81.16,2023-08-26,2026-08-25,False
BUS-001561,Bright Auto,Free,1,0.0,2026-04-20,2027-04-20,False
BUS-001562,Iron Consulting,Free,3,0.0,2026-02-07,2027-02-07,False
BUS-001563,Pioneer Studios,Mid,17,83.46,2025-01-29,2027-01-29,False
BUS-001564,Cobalt Supply,Free,1,0.0,2023-12-21,2026-12-20,False
BUS-001565,Quantum Bakery,Free,1,0.0,2024-06-11,2026-06-11,False
BUS-001566,Cedar Retail,Free,2,0.0,2024-09-10,2026-09-10,False
BUS-001567,Stellar Health,Free,3,0.0,2024-02-18,2027-02-17,False
BUS-001568,Iron Partners,Premium,92,459.32,2026-02-21,2027-02-21,False
BUS-001569,Harbor Health,Free,1,0.0,2023-10-05,2026-10-04,False
BUS-001570,Vertex Supply,Free,1,0.0,2024-05-18,2027-05-18,False
BUS-001571,Cobalt Retail,Free,1,0.0,2023-12-04,2026-12-03,False
BUS-001572,Bright Bakery,Free,3,0.0,2025-06-24,2026-06-24,False
BUS-001573,Quantum Partners,Premium,10,243.38,2024-12-08,2026-12-08,False
BUS-001574,Bright Consulting,Free,2,0.0,2024-04-18,2027-04-18,False
BUS-001575,Iron Works,Free,2,0.0,2025-09-24,2026-09-24,False
BUS-001576,Acme Auto,Free,2,0.0,2023-11-28,2026-11-27,False
BUS-001577,Globex Studios,Premium,35,216.4,2024-09-28,2026-09-28,False
BUS-001578,Globex Consulting,Free,3,0.0,2024-06-25,2026-06-25,False
BUS-001579,Cobalt Partners,Mid,10,97.18,2024-11-06,2026-11-06,True
BUS-001580,Apex Studios,Mid,14,38.92,2024-02-06,2027-02-05,False
BUS-001581,Nova Studios,Free,1,0.0,2026-03-22,2027-03-22,False
BUS-001582,Globex Media,Free,1,0.0,2025-01-05,2027-01-05,False
BUS-001583,Bright Partners,Free,3,0.0,2026-04-18,2027-04-18,False
BUS-001584,Bright Foods,Free,2,0.0,2025-11-16,2026-11-16,False
BUS-001585,Umbra Builders,Mid,14,65.79,2024-12-10,2026-12-10,False
BUS-001586,Stellar Partners,Premium,41,549.8,2023-12-08,2026-12-07,False
BUS-001587,Stellar Studios,Mid,15,37.21,2023-07-11,2026-07-10,False
BUS-001588,Globex Builders,Free,1,0.0,2024-02-03,2027-02-02,False
BUS-001589,Initech Trading,Premium,28,405.78,2025-03-22,2027-03-22,False
BUS-001590,Quantum Foods,Free,3,0.0,2024-08-15,2026-08-15,False
BUS-001591,Bright Trading,Free,2,0.0,2025-12-30,2026-12-30,False
BUS-001592,Cedar Auto,Free,2,0.0,2024-04-20,2027-04-20,False
BUS-001593,Acme Trading,Mid,6,52.39,2026-01-27,2027-01-27,False
BUS-001594,Umbra Group,Mid,8,44.84,2023-09-11,2026-09-10,False
BUS-001595,Harbor Health,Free,2,0.0,2024-04-20,2027-04-20,False
BUS-001596,Nova Media,Free,3,0.0,2026-04-07,2027-04-07,False
BUS-001597,Quantum Builders,Free,2,0.0,2024-04-03,2027-04-03,False
BUS-001598,Umbra Studios,Free,2,0.0,2025-11-07,2026-11-07,False
BUS-001599,Iron Bakery,Mid,12,38.42,2025-04-09,2027-04-09,False
BUS-001600,Summit Partners,Free,3,0.0,2024-06-01,2027-06-01,False
BUS-001601,Globex Studios,Premium,35,470.13,2025-06-24,2026-06-24,False
BUS-001602,Pioneer Auto,Free,3,0.0,2024-12-03,2026-12-03,False
BUS-001603,Bright Logistics,Free,3,0.0,2025-09-06,2026-09-06,False
BUS-001604,Acme Consulting,Free,3,0.0,2023-07-08,2026-07-07,False
BUS-001605,Globex Retail,Mid,14,97.72,2024-09-18,2026-09-18,True
BUS-001606,Vertex Works,Mid,9,64.65,2023-06-18,2026-06-17,False
BUS-001607,Cedar Retail,Mid,9,69.37,2024-02-25,2027-02-24,False
BUS-001608,Acme Works,Free,1,0.0,2025-02-12,2027-02-12,False
BUS-001609,Cedar Health,Free,3,0.0,2023-05-25,2027-05-24,False
BUS-001610,Vertex Foods,Premium,47,574.95,2025-09-03,2026-09-03,False
BUS-001611,Globex Studios,Free,1,0.0,2024-09-14,2026-09-14,False
BUS-001612,Globex Foods,Premium,45,706.35,2024-10-28,2026-10-28,False
BUS-001613,Pioneer Auto,Premium,36,470.76,2026-05-02,2027-05-02,False
BUS-001614,Nova Group,Free,3,0.0,2024-11-10,2026-11-10,False
BUS-001615,Acme Auto,Premium,47,344.78,2026-01-07,2027-01-07,False
BUS-001616,Cedar Labs,Free,2,0.0,2025-05-08,2027-05-08,False
BUS-001617,Apex Builders,Free,3,0.0,2025-09-29,2026-09-29,False
BUS-001618,Iron Foods,Premium,91,512.61,2025-03-08,2027-03-08,False
BUS-001619,Nova Works,Free,1,0.0,2024-02-15,2027-02-14,False
BUS-001620,Pioneer Studios,Free,3,0.0,2023-11-28,2026-11-27,False
BUS-001621,Vertex Consulting,Premium,21,447.58,2023-10-07,2026-10-06,False
BUS-001622,Summit Labs,Free,2,0.0,2025-04-30,2027-04-30,False
BUS-001623,Stellar Logistics,Free,1,0.0,2024-02-17,2027-02-16,False
BUS-001624,Iron Supply,Free,2,0.0,2024-12-18,2026-12-18,False
BUS-001625,Acme Bakery,Free,3,0.0,2025-07-27,2026-07-27,False
BUS-001626,Acme Trading,Free,1,0.0,2025-09-21,2026-09-21,False
BUS-001627,Nova Labs,Free,1,0.0,2024-11-02,2026-11-02,False
BUS-001628,Harbor Logistics,Mid,3,97.03,2025-09-29,2026-09-29,False
BUS-001629,Vertex Health,Free,2,0.0,2023-11-07,2026-11-06,False
BUS-001630,Globex Builders,Free,1,0.0,2024-12-21,2026-12-21,False
BUS-001631,Summit Bakery,Mid,4,31.48,2026-02-02,2027-02-02,True
BUS-001632,Acme Foods,Free,2,0.0,2025-07-18,2026-07-18,False
BUS-001633,Nova Auto,Free,2,0.0,2024-03-06,2027-03-06,False
BUS-001634,Umbra Partners,Mid,6,94.52,2024-03-08,2027-03-08,False
BUS-001635,Umbra Health,Free,1,0.0,2025-01-30,2027-01-30,False
BUS-001636,Umbra Auto,Free,3,0.0,2024-06-20,2026-06-20,False
BUS-001637,Vertex Group,Premium,20,687.35,2025-06-29,2026-06-29,False
BUS-001638,Bright Studios,Free,3,0.0,2025-04-28,2027-04-28,False
BUS-001639,Pioneer Bakery,Premium,97,330.94,2024-09-24,2026-09-24,False
BUS-001640,Cedar Logistics,Free,2,0.0,2024-04-09,2027-04-09,False
BUS-001641,Nova Media,Mid,16,95.32,2025-07-04,2026-07-04,False
BUS-001642,Initech Bakery,Free,2,0.0,2023-08-29,2026-08-28,False
BUS-001643,Nova Consulting,Mid,14,49.49,2025-10-31,2026-10-31,False
BUS-001644,Bright Media,Mid,8,52.35,2023-12-18,2026-12-17,False
BUS-001645,Apex Group,Free,3,0.0,2024-12-17,2026-12-17,False
BUS-001646,Quantum Supply,Free,3,0.0,2023-07-31,2026-07-30,False
BUS-001647,Quantum Logistics,Free,3,0.0,2023-12-23,2026-12-22,False
BUS-001648,Acme Auto,Free,1,0.0,2025-03-14,2027-03-14,False
BUS-001649,Pioneer Studios,Mid,5,94.46,2026-01-02,2027-01-02,False
BUS-001650,Quantum Retail,Free,1,0.0,2023-12-24,2026-12-23,False
BUS-001651,Nova Supply,Mid,3,82.29,2025-09-06,2026-09-06,False
BUS-001652,Umbra Logistics,Mid,14,97.54,2024-04-03,2027-04-03,True
BUS-001653,Acme Studios,Free,3,0.0,2025-06-15,2026-06-15,False
BUS-001654,Initech Labs,Free,1,0.0,2024-12-19,2026-12-19,False
BUS-001655,Nova Health,Mid,16,59.15,2025-04-26,2027-04-26,False
BUS-001656,Iron Labs,Free,3,0.0,2024-06-13,2026-06-13,False
BUS-001657,Globex Consulting,Free,1,0.0,2026-01-02,2027-01-02,False
BUS-001658,Bright Works,Free,1,0.0,2024-02-13,2027-02-12,False
BUS-001659,Quantum Group,Mid,16,48.06,2023-07-12,2026-07-11,False
BUS-001660,Apex Studios,Premium,44,733.87,2023-06-01,2027-05-31,False
BUS-001661,Initech Works,Mid,9,73.33,2025-02-10,2027-02-10,False
BUS-001662,Apex Consulting,Free,3,0.0,2024-01-26,2027-01-25,False
BUS-001663,Stellar Builders,Free,2,0.0,2023-12-18,2026-12-17,False
BUS-001664,Harbor Labs,Free,1,0.0,2024-04-22,2027-04-22,False
BUS-001665,Initech Retail,Free,1,0.0,2025-09-28,2026-09-28,False
BUS-001666,Globex Foods,Mid,15,93.68,2025-04-15,2027-04-15,False
BUS-001667,Cobalt Trading,Free,3,0.0,2026-02-02,2027-02-02,False
BUS-001668,Acme Auto,Free,1,0.0,2024-08-10,2026-08-10,False
BUS-001669,Pioneer Studios,Mid,9,65.02,2024-07-29,2026-07-29,False
BUS-001670,Nova Labs,Mid,4,53.19,2023-07-08,2026-07-07,True
BUS-001671,Nova Works,Mid,9,63.39,2026-02-17,2027-02-17,False
BUS-001672,Quantum Retail,Free,3,0.0,2025-10-25,2026-10-25,False
BUS-001673,Harbor Works,Mid,13,39.86,2025-06-09,2026-06-09,False
BUS-001674,Apex Foods,Mid,8,50.36,2023-12-04,2026-12-03,True
BUS-001675,Nova Partners,Free,3,0.0,2025-12-02,2026-12-02,False
BUS-001676,Summit Logistics,Free,1,0.0,2025-07-16,2026-07-16,False
BUS-001677,Vertex Health,Free,2,0.0,2024-07-31,2026-07-31,False
BUS-001678,Pioneer Logistics,Free,2,0.0,2024-04-20,2027-04-20,False
BUS-001679,Cedar Partners,Free,3,0.0,2023-10-04,2026-10-03,False
BUS-001680,Umbra Partners,Premium,66,540.18,2025-07-21,2026-07-21,False
BUS-001681,Bright Studios,Free,2,0.0,2024-02-03,2027-02-02,False
BUS-001682,Pioneer Logistics,Free,3,0.0,2024-07-31,2026-07-31,False
BUS-001683,Globex Foods,Mid,11,61.51,2026-02-06,2027-02-06,False
BUS-001684,Vertex Supply,Mid,11,30.56,2025-10-01,2026-10-01,False
BUS-001685,Initech Auto,Premium,38,382.93,2023-10-01,2026-09-30,False
BUS-001686,Umbra Logistics,Free,3,0.0,2023-09-25,2026-09-24,False
BUS-001687,Bright Retail,Free,1,0.0,2024-02-12,2027-02-11,False
BUS-001688,Harbor Partners,Free,1,0.0,2024-07-24,2026-07-24,False
BUS-001689,Umbra Builders,Free,3,0.0,2023-09-02,2026-09-01,False
BUS-001690,Cobalt Studios,Free,3,0.0,2025-06-20,2026-06-20,False
BUS-001691,Pioneer Group,Mid,8,69.77,2024-03-17,2027-03-17,True
BUS-001692,Bright Builders,Premium,37,182.45,2026-03-19,2027-03-19,False
BUS-001693,Nova Logistics,Free,1,0.0,2025-11-14,2026-11-14,False
BUS-001694,Iron Group,Free,1,0.0,2024-09-01,2026-09-01,False
BUS-001695,Vertex Trading,Free,3,0.0,2024-11-19,2026-11-19,False
BUS-001696,Summit Consulting,Free,2,0.0,2024-06-03,2027-06-03,False
BUS-001697,Cobalt Consulting,Free,2,0.0,2023-08-22,2026-08-21,False
BUS-001698,Acme Retail,Premium,65,362.82,2024-02-28,2027-02-27,False
BUS-001699,Harbor Media,Free,3,0.0,2025-07-12,2026-07-12,False
BUS-001700,Cobalt Media,Free,2,0.0,2025-07-06,2026-07-06,False
BUS-001701,Cedar Labs,Free,3,0.0,2024-01-23,2027-01-22,False
BUS-001702,Globex Retail,Premium,26,530.58,2025-10-17,2026-10-17,False
BUS-001703,Stellar Auto,Mid,6,59.41,2025-05-29,2027-05-29,False
BUS-001704,Pioneer Auto,Free,1,0.0,2026-04-05,2027-04-05,False
BUS-001705,Umbra Partners,Free,2,0.0,2023-07-11,2026-07-10,False
BUS-001706,Bright Media,Mid,10,58.98,2024-05-14,2027-05-14,False
BUS-001707,Bright Auto,Free,1,0.0,2023-10-08,2026-10-07,False
BUS-001708,Bright Supply,Free,3,0.0,2025-06-05,2026-06-05,False
BUS-001709,Summit Bakery,Free,3,0.0,2023-11-21,2026-11-20,False
BUS-001710,Bright Bakery,Premium,23,203.78,2026-04-01,2027-04-01,False
BUS-001711,Iron Trading,Free,3,0.0,2025-10-12,2026-10-12,False
BUS-001712,Apex Bakery,Mid,16,59.44,2025-02-02,2027-02-02,False
BUS-001713,Pioneer Works,Free,2,0.0,2025-08-23,2026-08-23,False
BUS-001714,Acme Auto,Free,3,0.0,2024-02-14,2027-02-13,False
BUS-001715,Bright Foods,Mid,11,49.85,2024-11-09,2026-11-09,False
BUS-001716,Acme Labs,Free,2,0.0,2026-02-27,2027-02-27,False
BUS-001717,Harbor Media,Free,2,0.0,2023-06-07,2026-06-06,False
BUS-001718,Quantum Supply,Free,3,0.0,2023-12-06,2026-12-05,False
BUS-001719,Globex Group,Free,3,0.0,2024-02-19,2027-02-18,False
BUS-001720,Vertex Supply,Free,3,0.0,2024-02-25,2027-02-24,False
BUS-001721,Umbra Studios,Premium,76,245.07,2025-01-16,2027-01-16,False
BUS-001722,Cedar Consulting,Free,3,0.0,2024-02-22,2027-02-21,False
BUS-001723,Bright Labs,Premium,36,205.95,2026-03-13,2027-03-13,False
BUS-001724,Acme Studios,Mid,12,40.71,2025-11-24,2026-11-24,False
BUS-001725,Vertex Foods,Premium,91,528.9,2024-05-01,2027-05-01,False
BUS-001726,Apex Builders,Mid,6,50.78,2024-12-18,2026-12-18,False
BUS-001727,Umbra Bakery,Mid,7,35.81,2025-07-14,2026-07-14,False
BUS-001728,Umbra Studios,Free,3,0.0,2025-08-26,2026-08-26,False
BUS-001729,Initech Partners,Free,1,0.0,2025-10-26,2026-10-26,False
BUS-001730,Acme Group,Mid,17,88.68,2024-02-24,2027-02-23,True
BUS-001731,Stellar Group,Free,3,0.0,2025-11-29,2026-11-29,False
BUS-001732,Vertex Consulting,Free,2,0.0,2023-10-24,2026-10-23,False
BUS-001733,Umbra Media,Free,1,0.0,2026-03-01,2027-03-01,False
BUS-001734,Vertex Builders,Premium,71,746.95,2026-04-24,2027-04-24,False
BUS-001735,Nova Retail,Premium,34,513.67,2026-03-18,2027-03-18,False
BUS-001736,Harbor Studios,Premium,24,689.14,2026-03-05,2027-03-05,False
BUS-001737,Cedar Builders,Free,3,0.0,2025-08-18,2026-08-18,False
BUS-001738,Summit Works,Free,1,0.0,2024-05-21,2027-05-21,False
BUS-001739,Cedar Consulting,Mid,10,60.52,2024-02-05,2027-02-04,False
BUS-001740,Apex Bakery,Free,3,0.0,2024-10-06,2026-10-06,False
BUS-001741,Cobalt Group,Mid,15,71.13,2025-05-30,2027-05-30,False
BUS-001742,Harbor Bakery,Premium,64,507.8,2024-10-25,2026-10-25,False
BUS-001743,Initech Works,Mid,9,43.98,2024-05-12,2027-05-12,False
BUS-001744,Cedar Group,Free,1,0.0,2023-06-22,2026-06-21,False
BUS-001745,Apex Labs,Free,3,0.0,2024-05-13,2027-05-13,False
BUS-001746,Vertex Auto,Free,2,0.0,2023-12-07,2026-12-06,False
BUS-001747,Pioneer Studios,Free,1,0.0,2024-04-03,2027-04-03,False
BUS-001748,Stellar Works,Mid,4,30.67,2026-04-12,2027-04-12,False
BUS-001749,Stellar Retail,Mid,8,92.91,2025-12-20,2026-12-20,False
BUS-001750,Bright Group,Free,2,0.0,2025-12-02,2026-12-02,False
BUS-001751,Stellar Trading,Free,2,0.0,2025-03-25,2027-03-25,False
BUS-001752,Umbra Works,Mid,10,33.28,2024-10-19,2026-10-19,False
BUS-001753,Quantum Labs,Free,2,0.0,2024-03-11,2027-03-11,False
BUS-001754,Iron Health,Free,3,0.0,2026-04-25,2027-04-25,False
BUS-001755,Globex Media,Free,2,0.0,2026-02-18,2027-02-18,False
BUS-001756,Cedar Media,Mid,4,62.89,2024-01-05,2027-01-04,False
BUS-001757,Globex Supply,Mid,9,35.58,2024-08-01,2026-08-01,False
BUS-001758,Umbra Auto,Free,2,0.0,2023-07-29,2026-07-28,False
BUS-001759,Acme Studios,Premium,23,167.57,2026-01-27,2027-01-27,False
BUS-001760,Quantum Consulting,Free,2,0.0,2023-11-24,2026-11-23,False
BUS-001761,Acme Trading,Free,3,0.0,2024-04-09,2027-04-09,False
BUS-001762,Globex Health,Free,1,0.0,2025-09-20,2026-09-20,False
BUS-001763,Cedar Consulting,Free,2,0.0,2024-03-18,2027-03-18,False
BUS-001764,Harbor Studios,Premium,84,426.42,2025-08-19,2026-08-19,False
BUS-001765,Umbra Foods,Mid,17,89.51,2024-01-09,2027-01-08,False
BUS-001766,Cobalt Foods,Mid,13,64.31,2024-10-07,2026-10-07,False
BUS-001767,Pioneer Foods,Free,2,0.0,2025-11-16,2026-11-16,False
BUS-001768,Cobalt Trading,Mid,14,89.91,2025-11-26,2026-11-26,True
BUS-001769,Iron Supply,Free,3,0.0,2025-02-16,2027-02-16,False
BUS-001770,Stellar Media,Free,1,0.0,2024-06-06,2026-06-06,False
BUS-001771,Umbra Studios,Mid,7,79.6,2025-06-23,2026-06-23,False
BUS-001772,Iron Retail,Free,2,0.0,2024-03-06,2027-03-06,False
BUS-001773,Summit Bakery,Mid,6,34.8,2023-12-20,2026-12-19,True
BUS-001774,Quantum Labs,Free,1,0.0,2025-09-21,2026-09-21,False
BUS-001775,Iron Auto,Premium,33,310.05,2023-09-02,2026-09-01,False
BUS-001776,Pioneer Group,Free,3,0.0,2025-11-13,2026-11-13,False
BUS-001777,Bright Media,Free,2,0.0,2023-07-11,2026-07-10,False
BUS-001778,Umbra Trading,Free,2,0.0,2024-04-07,2027-04-07,False
BUS-001779,Apex Consulting,Mid,14,94.96,2025-04-02,2027-04-02,False
BUS-001780,Globex Foods,Mid,11,72.52,2023-06-07,2026-06-06,False
BUS-001781,Cedar Foods,Premium,38,219.11,2026-02-20,2027-02-20,False
BUS-001782,Quantum Supply,Free,1,0.0,2024-10-17,2026-10-17,False
BUS-001783,Cedar Partners,Free,1,0.0,2025-02-08,2027-02-08,False
BUS-001784,Summit Health,Free,1,0.0,2024-05-23,2027-05-23,False
BUS-001785,Quantum Consulting,Mid,4,42.96,2023-09-01,2026-08-31,False
BUS-001786,Vertex Media,Free,1,0.0,2025-05-28,2027-05-28,False
BUS-001787,Bright Media,Premium,28,727.35,2023-09-06,2026-09-05,False
BUS-001788,Vertex Labs,Free,2,0.0,2025-11-28,2026-11-28,False
BUS-001789,Cobalt Bakery,Mid,10,70.82,2023-08-08,2026-08-07,False
BUS-001790,Quantum Consulting,Free,1,0.0,2024-09-16,2026-09-16,False
BUS-001791,Harbor Works,Mid,15,36.57,2024-08-19,2026-08-19,False
BUS-001792,Cobalt Builders,Free,2,0.0,2024-11-23,2026-11-23,False
BUS-001793,Summit Media,Free,1,0.0,2024-05-12,2027-05-12,False
BUS-001794,Umbra Builders,Premium,94,664.17,2023-08-17,2026-08-16,False
BUS-001795,Quantum Studios,Mid,14,74.79,2025-07-06,2026-07-06,False
BUS-001796,Bright Auto,Free,1,0.0,2024-12-20,2026-12-20,False
BUS-001797,Apex Bakery,Free,1,0.0,2025-04-03,2027-04-03,False
BUS-001798,Vertex Builders,Premium,90,557.28,2023-10-27,2026-10-26,False
BUS-001799,Bright Builders,Premium,54,682.8,2024-02-24,2027-02-23,False
BUS-001800,Harbor Bakery,Free,1,0.0,2023-06-04,2027-06-03,False
BUS-001801,Summit Bakery,Free,2,0.0,2024-05-24,2027-05-24,False
BUS-001802,Iron Studios,Premium,73,706.34,2025-07-07,2026-07-07,False
BUS-001803,Summit Partners,Free,2,0.0,2025-06-05,2026-06-05,False
BUS-001804,Iron Trading,Free,2,0.0,2026-04-03,2027-04-03,False
BUS-001805,Globex Partners,Free,3,0.0,2025-08-25,2026-08-25,False
BUS-001806,Acme Trading,Free,2,0.0,2024-05-13,2027-05-13,False
BUS-001807,Nova Logistics,Free,2,0.0,2024-10-01,2026-10-01,False
BUS-001808,Initech Health,Mid,5,99.71,2025-03-28,2027-03-28,False
BUS-001809,Quantum Supply,Free,2,0.0,2024-05-08,2027-05-08,False
BUS-001810,Summit Health,Free,1,0.0,2024-11-15,2026-11-15,False
BUS-001811,Nova Retail,Free,2,0.0,2024-07-13,2026-07-13,False
BUS-001812,Summit Health,Free,2,0.0,2025-03-22,2027-03-22,False
BUS-001813,Vertex Supply,Free,3,0.0,2023-10-03,2026-10-02,False
BUS-001814,Harbor Auto,Mid,16,60.58,2025-07-25,2026-07-25,False
BUS-001815,Bright Group,Free,2,0.0,2023-09-22,2026-09-21,False
BUS-001816,Bright Logistics,Free,3,0.0,2026-03-11,2027-03-11,False
BUS-001817,Pioneer Studios,Mid,12,93.48,2024-12-24,2026-12-24,False
BUS-001818,Apex Studios,Mid,17,69.59,2024-09-11,2026-09-11,True
BUS-001819,Iron Trading,Free,1,0.0,2023-09-30,2026-09-29,False
BUS-001820,Harbor Bakery,Free,2,0.0,2025-09-27,2026-09-27,False
BUS-001821,Umbra Trading,Mid,12,63.7,2024-06-25,2026-06-25,False
BUS-001822,Nova Health,Mid,11,40.09,2023-07-25,2026-07-24,True
BUS-001823,Stellar Bakery,Mid,14,99.24,2026-04-21,2027-04-21,False
BUS-001824,Umbra Foods,Free,1,0.0,2025-08-30,2026-08-30,False
BUS-001825,Iron Supply,Free,2,0.0,2026-03-15,2027-03-15,False
BUS-001826,Apex Partners,Free,1,0.0,2024-08-28,2026-08-28,False
BUS-001827,Iron Bakery,Premium,40,655.03,2024-11-17,2026-11-17,False
BUS-001828,Vertex Studios,Free,3,0.0,2026-03-21,2027-03-21,False
BUS-001829,Stellar Partners,Mid,13,46.85,2023-06-22,2026-06-21,False
BUS-001830,Cobalt Auto,Free,2,0.0,2025-10-12,2026-10-12,False
BUS-001831,Bright Studios,Mid,9,57.01,2025-09-27,2026-09-27,False
BUS-001832,Apex Labs,Free,2,0.0,2025-08-31,2026-08-31,False
BUS-001833,Pioneer Studios,Mid,3,75.16,2023-11-06,2026-11-05,True
BUS-001834,Cedar Labs,Free,3,0.0,2023-10-09,2026-10-08,False
BUS-001835,Stellar Auto,Premium,55,450.38,2023-07-09,2026-07-08,False
BUS-001836,Vertex Studios,Premium,77,384.37,2025-12-27,2026-12-27,False
BUS-001837,Iron Studios,Free,3,0.0,2024-06-09,2026-06-09,False
BUS-001838,Apex Logistics,Free,3,0.0,2024-08-22,2026-08-22,False
BUS-001839,Vertex Builders,Premium,92,440.25,2023-09-11,2026-09-10,False
BUS-001840,Apex Logistics,Free,2,0.0,2024-05-22,2027-05-22,False
BUS-001841,Quantum Bakery,Free,3,0.0,2025-06-13,2026-06-13,False
BUS-001842,Quantum Foods,Mid,10,95.4,2023-09-02,2026-09-01,False
BUS-001843,Bright Logistics,Free,1,0.0,2024-03-09,2027-03-09,False
BUS-001844,Globex Logistics,Free,2,0.0,2025-09-12,2026-09-12,False
BUS-001845,Vertex Media,Free,2,0.0,2026-03-05,2027-03-05,False
BUS-001846,Nova Retail,Free,2,0.0,2024-03-22,2027-03-22,False
BUS-001847,Summit Foods,Free,2,0.0,2023-11-20,2026-11-19,False
BUS-001848,Stellar Logistics,Free,1,0.0,2023-11-28,2026-11-27,False
BUS-001849,Nova Labs,Mid,13,97.19,2025-10-19,2026-10-19,False
BUS-001850,Harbor Consulting,Free,2,0.0,2025-12-08,2026-12-08,False
BUS-001851,Stellar Partners,Mid,17,80.98,2023-07-23,2026-07-22,False
BUS-001852,Initech Works,Free,2,0.0,2025-07-26,2026-07-26,False
BUS-001853,Initech Studios,Free,2,0.0,2025-12-10,2026-12-10,False
BUS-001854,Harbor Labs,Mid,7,37.06,2023-07-18,2026-07-17,False
BUS-001855,Apex Auto,Free,2,0.0,2024-12-06,2026-12-06,False
BUS-001856,Initech Foods,Free,1,0.0,2024-09-22,2026-09-22,False
BUS-001857,Globex Bakery,Premium,88,450.03,2024-02-07,2027-02-06,False
BUS-001858,Globex Media,Mid,17,94.22,2024-11-12,2026-11-12,False
BUS-001859,Globex Studios,Free,1,0.0,2024-06-18,2026-06-18,False
BUS-001860,Globex Foods,Free,3,0.0,2024-06-28,2026-06-28,False
BUS-001861,Pioneer Logistics,Free,3,0.0,2026-02-21,2027-02-21,False
BUS-001862,Cobalt Studios,Premium,86,593.57,2025-11-20,2026-11-20,False
BUS-001863,Globex Partners,Free,1,0.0,2025-10-03,2026-10-03,False
BUS-001864,Bright Partners,Free,3,0.0,2024-05-17,2027-05-17,False
BUS-001865,Globex Labs,Free,1,0.0,2026-03-22,2027-03-22,False
BUS-001866,Acme Partners,Mid,15,43.73,2024-03-19,2027-03-19,False
BUS-001867,Bright Group,Free,2,0.0,2025-08-21,2026-08-21,False
BUS-001868,Umbra Auto,Free,1,0.0,2023-11-20,2026-11-19,False
BUS-001869,Globex Foods,Free,2,0.0,2023-11-22,2026-11-21,False
BUS-001870,Quantum Group,Free,3,0.0,2026-04-14,2027-04-14,False
BUS-001871,Acme Foods,Mid,17,86.54,2026-01-31,2027-01-31,False
BUS-001872,Globex Media,Mid,4,33.97,2023-11-18,2026-11-17,False
BUS-001873,Summit Studios,Free,3,0.0,2024-12-20,2026-12-20,False
BUS-001874,Stellar Partners,Mid,10,76.03,2025-11-28,2026-11-28,True
BUS-001875,Summit Auto,Mid,16,54.99,2025-02-07,2027-02-07,False
BUS-001876,Cedar Media,Mid,7,90.83,2024-12-20,2026-12-20,False
BUS-001877,Cobalt Builders,Mid,11,37.31,2024-05-25,2027-05-25,False
BUS-001878,Quantum Health,Free,1,0.0,2023-06-03,2027-06-02,False
BUS-001879,Quantum Works,Mid,6,38.59,2025-07-18,2026-07-18,True
BUS-001880,Globex Builders,Mid,10,96.71,2026-03-22,2027-03-22,False
BUS-001881,Initech Trading,Free,2,0.0,2024-08-27,2026-08-27,False
BUS-001882,Cobalt Labs,Free,3,0.0,2024-03-09,2027-03-09,False
BUS-001883,Stellar Supply,Premium,59,416.41,2025-01-30,2027-01-30,False
BUS-001884,Summit Trading,Free,2,0.0,2026-01-17,2027-01-17,False
BUS-001885,Harbor Builders,Free,2,0.0,2026-03-12,2027-03-12,False
BUS-001886,Bright Group,Mid,12,45.16,2026-03-09,2027-03-09,False
BUS-001887,Apex Health,Mid,17,81.48,2026-01-08,2027-01-08,False
BUS-001888,Cedar Consulting,Premium,78,428.1,2023-06-07,2026-06-06,False
BUS-001889,Nova Labs,Premium,69,597.38,2025-01-02,2027-01-02,False
BUS-001890,Initech Foods,Free,3,0.0,2024-10-20,2026-10-20,False
BUS-001891,Cedar Auto,Mid,7,53.63,2024-02-16,2027-02-15,True
BUS-001892,Umbra Health,Free,2,0.0,2026-04-09,2027-04-09,False
BUS-001893,Acme Works,Mid,8,88.52,2025-05-03,2027-05-03,False
BUS-001894,Cobalt Retail,Free,1,0.0,2024-04-30,2027-04-30,False
BUS-001895,Cedar Media,Free,3,0.0,2025-11-23,2026-11-23,False
BUS-001896,Cedar Partners,Premium,66,257.88,2024-10-16,2026-10-16,False
BUS-001897,Nova Trading,Free,3,0.0,2025-05-12,2027-05-12,False
BUS-001898,Vertex Works,Free,3,0.0,2026-02-15,2027-02-15,False
BUS-001899,Cedar Builders,Mid,3,68.74,2025-01-23,2027-01-23,True
BUS-001900,Quantum Auto,Free,2,0.0,2026-02-02,2027-02-02,False
BUS-001901,Umbra Logistics,Free,3,0.0,2023-11-08,2026-11-07,False
BUS-001902,Bright Logistics,Free,2,0.0,2024-04-04,2027-04-04,False
BUS-001903,Pioneer Media,Mid,17,49.82,2026-03-15,2027-03-15,False
BUS-001904,Acme Consulting,Premium,93,374.83,2024-09-09,2026-09-09,False
BUS-001905,Acme Bakery,Free,2,0.0,2025-07-01,2026-07-01,False
BUS-001906,Pioneer Retail,Mid,15,51.92,2023-06-29,2026-06-28,False
BUS-001907,Nova Supply,Free,3,0.0,2026-02-27,2027-02-27,False
BUS-001908,Quantum Group,Mid,13,35.49,2025-11-27,2026-11-27,False
BUS-001909,Globex Partners,Free,1,0.0,2023-05-20,2027-05-19,False
BUS-001910,Summit Foods,Mid,11,60.87,2024-10-30,2026-10-30,False
BUS-001911,Iron Media,Free,2,0.0,2025-01-17,2027-01-17,False
BUS-001912,Bright Auto,Mid,4,78.52,2023-11-05,2026-11-04,False
BUS-001913,Initech Auto,Free,3,0.0,2023-07-04,2026-07-03,False
BUS-001914,Nova Foods,Mid,12,46.12,2023-12-29,2026-12-28,False
BUS-001915,Summit Media,Mid,9,77.19,2025-07-26,2026-07-26,False
BUS-001916,Bright Studios,Free,1,0.0,2024-01-19,2027-01-18,False
BUS-001917,Iron Labs,Mid,13,91.7,2025-03-25,2027-03-25,False
BUS-001918,Cobalt Bakery,Free,2,0.0,2024-11-11,2026-11-11,False
BUS-001919,Acme Consulting,Free,1,0.0,2023-12-03,2026-12-02,False
BUS-001920,Bright Auto,Premium,26,458.94,2024-03-01,2027-03-01,False
BUS-001921,Summit Bakery,Free,3,0.0,2024-12-26,2026-12-26,False
BUS-001922,Globex Logistics,Free,2,0.0,2025-09-26,2026-09-26,False
BUS-001923,Bright Health,Mid,8,96.49,2024-01-18,2027-01-17,False
BUS-001924,Initech Studios,Mid,14,39.42,2025-04-24,2027-04-24,False
BUS-001925,Apex Media,Premium,85,505.83,2023-10-19,2026-10-18,False
BUS-001926,Umbra Foods,Free,3,0.0,2024-10-09,2026-10-09,False
BUS-001927,Bright Health,Free,2,0.0,2026-01-26,2027-01-26,False
BUS-001928,Nova Trading,Free,2,0.0,2025-05-04,2027-05-04,False
BUS-001929,Cedar Media,Mid,14,91.77,2025-02-27,2027-02-27,False
BUS-001930,Umbra Health,Free,2,0.0,2025-05-30,2027-05-30,False
BUS-001931,Vertex Health,Free,2,0.0,2025-01-31,2027-01-31,False
BUS-001932,Quantum Builders,Premium,43,743.28,2025-09-29,2026-09-29,False
BUS-001933,Vertex Labs,Free,1,0.0,2023-06-28,2026-06-27,False
BUS-001934,Acme Auto,Mid,3,97.19,2025-03-31,2027-03-31,True
BUS-001935,Iron Studios,Free,3,0.0,2023-12-13,2026-12-12,False
BUS-001936,Bright Partners,Mid,7,94.26,2025-09-01,2026-09-01,False
BUS-001937,Umbra Auto,Free,1,0.0,2024-10-11,2026-10-11,False
BUS-001938,Harbor Builders,Mid,14,85.53,2025-12-03,2026-12-03,False
BUS-001939,Initech Media,Free,3,0.0,2023-06-19,2026-06-18,False
BUS-001940,Harbor Retail,Premium,14,410.03,2023-06-02,2027-06-01,False
BUS-001941,Acme Foods,Mid,13,88.63,2026-02-21,2027-02-21,False
BUS-001942,Stellar Builders,Free,2,0.0,2025-02-08,2027-02-08,False
BUS-001943,Cobalt Health,Free,2,0.0,2025-04-16,2027-04-16,False
BUS-001944,Stellar Labs,Free,3,0.0,2025-11-04,2026-11-04,False
BUS-001945,Vertex Trading,Free,2,0.0,2025-03-03,2027-03-03,False
BUS-001946,Quantum Auto,Free,2,0.0,2024-03-17,2027-03-17,False
BUS-001947,Summit Foods,Free,3,0.0,2025-05-01,2027-05-01,False
BUS-001948,Pioneer Partners,Premium,95,441.04,2024-02-21,2027-02-20,False
BUS-001949,Summit Group,Free,1,0.0,2025-09-16,2026-09-16,False
BUS-001950,Umbra Consulting,Premium,51,298.44,2023-12-16,2026-12-15,False
BUS-001951,Pioneer Supply,Free,2,0.0,2025-09-14,2026-09-14,False
BUS-001952,Quantum Labs,Mid,15,91.75,2023-08-07,2026-08-06,False
BUS-001953,Bright Trading,Free,3,0.0,2025-02-18,2027-02-18,False
BUS-001954,Iron Group,Mid,8,48.31,2024-07-23,2026-07-23,False
BUS-001955,Cobalt Foods,Free,1,0.0,2024-11-01,2026-11-01,False
BUS-001956,Iron Group,Free,1,0.0,2024-08-11,2026-08-11,False
BUS-001957,Umbra Media,Free,1,0.0,2025-03-08,2027-03-08,False
BUS-001958,Acme Supply,Free,3,0.0,2026-03-25,2027-03-25,False
BUS-001959,Pioneer Logistics,Free,3,0.0,2024-06-21,2026-06-21,False
BUS-001960,Apex Foods,Mid,11,44.73,2025-03-24,2027-03-24,False
BUS-001961,Harbor Group,Free,1,0.0,2024-03-30,2027-03-30,False
BUS-001962,Acme Trading,Free,3,0.0,2024-12-11,2026-12-11,False
BUS-001963,Cobalt Trading,Mid,15,95.82,2025-10-07,2026-10-07,False
BUS-001964,Quantum Foods,Free,2,0.0,2026-03-16,2027-03-16,False
BUS-001965,Apex Supply,Free,3,0.0,2025-08-24,2026-08-24,False
BUS-001966,Initech Logistics,Free,3,0.0,2024-10-29,2026-10-29,False
BUS-001967,Acme Labs,Free,3,0.0,2024-01-05,2027-01-04,False
BUS-001968,Apex Retail,Mid,11,72.34,2025-06-28,2026-06-28,True
BUS-001969,Acme Health,Mid,16,51.85,2024-07-11,2026-07-11,False
BUS-001970,Cedar Partners,Free,1,0.0,2025-10-12,2026-10-12,False
BUS-001971,Quantum Group,Free,2,0.0,2025-10-26,2026-10-26,False
BUS-001972,Acme Partners,Mid,10,49.91,2023-07-02,2026-07-01,False
BUS-001973,Acme Supply,Mid,8,83.39,2025-09-25,2026-09-25,False
BUS-001974,Harbor Studios,Mid,10,55.89,2025-09-23,2026-09-23,False
BUS-001975,Cobalt Foods,Mid,4,36.68,2025-05-23,2027-05-23,False
BUS-001976,Quantum Trading,Free,2,0.0,2023-09-08,2026-09-07,False
BUS-001977,Globex Media,Mid,7,58.83,2024-06-12,2026-06-12,False
BUS-001978,Stellar Partners,Mid,12,58.46,2026-04-23,2027-04-23,False
BUS-001979,Harbor Works,Free,2,0.0,2025-01-07,2027-01-07,False
BUS-001980,Bright Logistics,Mid,11,68.84,2025-11-19,2026-11-19,False
BUS-001981,Umbra Consulting,Free,1,0.0,2025-06-07,2026-06-07,False
BUS-001982,Bright Partners,Free,1,0.0,2026-02-14,2027-02-14,False
BUS-001983,Nova Group,Free,3,0.0,2023-08-11,2026-08-10,False
BUS-001984,Bright Health,Free,2,0.0,2025-09-06,2026-09-06,False
BUS-001985,Pioneer Consulting,Mid,17,77.37,2023-05-30,2027-05-29,False
BUS-001986,Pioneer Builders,Free,3,0.0,2025-03-12,2027-03-12,False
BUS-001987,Nova Consulting,Free,1,0.0,2024-06-27,2026-06-27,False
BUS-001988,Harbor Group,Free,2,0.0,2026-04-14,2027-04-14,False
BUS-001989,Acme Health,Free,2,0.0,2025-12-18,2026-12-18,False
BUS-001990,Globex Works,Mid,6,78.58,2023-10-08,2026-10-07,False
BUS-001991,Acme Retail,Mid,4,54.53,2025-01-27,2027-01-27,False
BUS-001992,Pioneer Supply,Free,2,0.0,2024-08-16,2026-08-16,False
BUS-001993,Initech Studios,Premium,81,474.61,2025-03-16,2027-03-16,False
BUS-001994,Vertex Builders,Free,1,0.0,2024-10-08,2026-10-08,False
BUS-001995,Cedar Partners,Mid,5,85.78,2024-03-11,2027-03-11,False
BUS-001996,Stellar Logistics,Free,1,0.0,2025-01-15,2027-01-15,False
BUS-001997,Cobalt Labs,Premium,88,237.89,2025-06-01,2027-06-01,False
BUS-001998,Iron Group,Free,1,0.0,2025-07-28,2026-07-28,False
BUS-001999,Apex Supply,Mid,8,51.18,2025-09-06,2026-09-06,False
BUS-002000,Harbor Logistics,Mid,14,63.21,2024-08-04,2026-08-04,False
BUS-002001,Nova Group,Premium,37,723.22,2024-10-13,2026-10-13,False
BUS-002002,Bright Auto,Mid,10,78.66,2024-12-07,2026-12-07,False
BUS-002003,Pioneer Group,Free,2,0.0,2023-09-23,2026-09-22,False
BUS-002004,Apex Auto,Free,3,0.0,2025-04-08,2027-04-08,False
BUS-002005,Stellar Works,Free,3,0.0,2026-04-13,2027-04-13,False
BUS-002006,Summit Media,Free,1,0.0,2026-04-23,2027-04-23,False
BUS-002007,Acme Builders,Free,2,0.0,2024-12-01,2026-12-01,False
BUS-002008,Apex Trading,Free,2,0.0,2023-08-28,2026-08-27,False
BUS-002009,Acme Partners,Premium,42,314.5,2026-01-07,2027-01-07,False
BUS-002010,Cobalt Bakery,Premium,90,422.69,2025-05-14,2027-05-14,False
BUS-002011,Vertex Studios,Free,1,0.0,2025-06-25,2026-06-25,False
BUS-002012,Iron Trading,Free,1,0.0,2026-01-10,2027-01-10,False
BUS-002013,Stellar Labs,Free,3,0.0,2024-10-13,2026-10-13,False
BUS-002014,Vertex Auto,Free,3,0.0,2024-07-25,2026-07-25,False
BUS-002015,Bright Trading,Free,3,0.0,2024-01-30,2027-01-29,False
BUS-002016,Cedar Logistics,Free,3,0.0,2025-07-06,2026-07-06,False
BUS-002017,Stellar Group,Free,1,0.0,2024-10-17,2026-10-17,False
BUS-002018,Summit Builders,Free,3,0.0,2026-04-28,2027-04-28,False
BUS-002019,Iron Logistics,Mid,4,53.9,2025-11-09,2026-11-09,False
BUS-002020,Initech Consulting,Free,1,0.0,2025-04-26,2027-04-26,False
BUS-002021,Vertex Labs,Free,3,0.0,2026-03-24,2027-03-24,False
BUS-002022,Initech Foods,Free,2,0.0,2023-10-05,2026-10-04,False
BUS-002023,Nova Health,Free,3,0.0,2025-04-08,2027-04-08,False
BUS-002024,Vertex Builders,Free,3,0.0,2024-09-24,2026-09-24,False
BUS-002025,Quantum Retail,Free,2,0.0,2024-01-08,2027-01-07,False
BUS-002026,Summit Builders,Free,1,0.0,2025-05-07,2027-05-07,False
BUS-002027,Pioneer Works,Mid,7,36.47,2024-05-07,2027-05-07,False
BUS-002028,Apex Studios,Mid,13,88.22,2026-02-18,2027-02-18,False
BUS-002029,Pioneer Health,Free,1,0.0,2023-11-28,2026-11-27,False
BUS-002030,Cedar Logistics,Free,3,0.0,2023-07-08,2026-07-07,False
BUS-002031,Stellar Works,Free,1,0.0,2024-11-22,2026-11-22,False
BUS-002032,Vertex Partners,Free,1,0.0,2023-06-11,2026-06-10,False
BUS-002033,Pioneer Supply,Free,3,0.0,2024-07-12,2026-07-12,False
BUS-002034,Acme Consulting,Mid,17,32.37,2025-10-02,2026-10-02,False
BUS-002035,Umbra Consulting,Free,2,0.0,2024-06-14,2026-06-14,False
BUS-002036,Acme Works,Premium,49,247.65,2025-04-18,2027-04-18,False
BUS-002037,Cobalt Foods,Mid,10,71.55,2023-11-26,2026-11-25,False
BUS-002038,Cobalt Supply,Free,2,0.0,2024-06-12,2026-06-12,False
BUS-002039,Umbra Group,Free,1,0.0,2023-07-01,2026-06-30,False
BUS-002040,Acme Consulting,Free,2,0.0,2024-02-04,2027-02-03,False
BUS-002041,Stellar Studios,Free,2,0.0,2023-05-27,2027-05-26,False
BUS-002042,Initech Health,Free,2,0.0,2026-01-14,2027-01-14,False
BUS-002043,Iron Labs,Mid,5,86.1,2023-10-08,2026-10-07,False
BUS-002044,Vertex Foods,Mid,6,91.81,2024-08-25,2026-08-25,False
BUS-002045,Nova Auto,Premium,65,204.1,2024-12-19,2026-12-19,False
BUS-002046,Umbra Partners,Free,1,0.0,2024-05-29,2027-05-29,False
BUS-002047,Cobalt Supply,Free,2,0.0,2025-02-23,2027-02-23,False
BUS-002048,Harbor Studios,Mid,14,46.99,2025-10-20,2026-10-20,False
BUS-002049,Bright Supply,Free,2,0.0,2024-10-02,2026-10-02,False
BUS-002050,Acme Foods,Free,2,0.0,2023-08-08,2026-08-07,False
BUS-002051,Pioneer Media,Premium,32,610.71,2024-04-09,2027-04-09,False
BUS-002052,Initech Foods,Free,1,0.0,2024-02-09,2027-02-08,False
BUS-002053,Stellar Health,Free,1,0.0,2026-02-03,2027-02-03,False
BUS-002054,Vertex Group,Free,2,0.0,2024-03-09,2027-03-09,False
BUS-002055,Cobalt Trading,Free,2,0.0,2024-03-03,2027-03-03,False
BUS-002056,Vertex Supply,Free,2,0.0,2025-05-02,2027-05-02,False
BUS-002057,Umbra Supply,Mid,16,37.45,2025-11-16,2026-11-16,False
BUS-002058,Apex Works,Mid,3,41.26,2025-08-14,2026-08-14,False
BUS-002059,Bright Trading,Free,3,0.0,2024-02-02,2027-02-01,False
BUS-002060,Iron Auto,Free,2,0.0,2025-09-09,2026-09-09,False
BUS-002061,Vertex Group,Mid,14,53.45,2024-04-17,2027-04-17,True
BUS-002062,Nova Labs,Free,2,0.0,2025-11-22,2026-11-22,False
BUS-002063,Stellar Works,Free,3,0.0,2024-11-22,2026-11-22,False
BUS-002064,Globex Bakery,Free,2,0.0,2024-10-05,2026-10-05,False
BUS-002065,Cedar Group,Premium,68,370.26,2024-04-08,2027-04-08,False
BUS-002066,Cedar Consulting,Free,2,0.0,2026-03-17,2027-03-17,False
BUS-002067,Iron Media,Free,2,0.0,2026-03-30,2027-03-30,False
BUS-002068,Pioneer Trading,Free,1,0.0,2025-09-18,2026-09-18,False
BUS-002069,Vertex Logistics,Free,2,0.0,2024-12-11,2026-12-11,False
BUS-002070,Cobalt Group,Free,1,0.0,2025-07-12,2026-07-12,False
BUS-002071,Iron Trading,Premium,54,733.11,2024-12-21,2026-12-21,False
BUS-002072,Nova Bakery,Free,2,0.0,2026-02-15,2027-02-15,False
BUS-002073,Harbor Health,Free,3,0.0,2025-11-24,2026-11-24,False
BUS-002074,Cedar Logistics,Free,1,0.0,2025-04-23,2027-04-23,False
BUS-002075,Summit Foods,Mid,9,97.56,2025-04-07,2027-04-07,False
BUS-002076,Bright Builders,Mid,3,56.2,2023-09-09,2026-09-08,False
BUS-002077,Apex Consulting,Mid,15,43.0,2023-07-12,2026-07-11,False
BUS-002078,Bright Studios,Mid,7,30.35,2025-03-06,2027-03-06,True
BUS-002079,Umbra Foods,Free,2,0.0,2024-07-22,2026-07-22,False
BUS-002080,Quantum Logistics,Free,3,0.0,2024-07-09,2026-07-09,False
BUS-002081,Harbor Supply,Mid,14,79.84,2023-10-04,2026-10-03,False
BUS-002082,Harbor Media,Free,3,0.0,2026-04-09,2027-04-09,False
BUS-002083,Iron Partners,Free,2,0.0,2025-06-28,2026-06-28,False
BUS-002084,Apex Builders,Free,3,0.0,2025-05-21,2027-05-21,False
BUS-002085,Cobalt Auto,Free,3,0.0,2025-11-25,2026-11-25,False
BUS-002086,Summit Health,Free,3,0.0,2024-04-08,2027-04-08,False
BUS-002087,Vertex Auto,Mid,10,77.22,2026-03-05,2027-03-05,True
BUS-002088,Summit Partners,Mid,9,99.71,2026-03-18,2027-03-18,False
BUS-002089,Apex Bakery,Premium,58,702.71,2025-08-08,2026-08-08,False
BUS-002090,Umbra Health,Free,1,0.0,2025-02-26,2027-02-26,False
BUS-002091,Bright Auto,Free,1,0.0,2024-02-03,2027-02-02,False
BUS-002092,Pioneer Bakery,Mid,9,93.03,2024-10-10,2026-10-10,False
BUS-002093,Apex Foods,Mid,13,97.22,2024-07-23,2026-07-23,False
BUS-002094,Iron Consulting,Premium,73,604.1,2024-09-25,2026-09-25,False
BUS-002095,Harbor Works,Premium,32,390.03,2026-04-28,2027-04-28,False
BUS-002096,Bright Group,Mid,13,93.51,2024-03-10,2027-03-10,False
BUS-002097,Quantum Studios,Free,3,0.0,2026-03-06,2027-03-06,False
BUS-002098,Harbor Foods,Mid,11,99.92,2024-01-18,2027-01-17,False
BUS-002099,Initech Auto,Free,3,0.0,2023-09-11,2026-09-10,False
BUS-002100,Stellar Consulting,Free,3,0.0,2024-02-27,2027-02-26,False
BUS-002101,Vertex Partners,Free,3,0.0,2024-12-30,2026-12-30,False
BUS-002102,Initech Labs,Premium,35,343.63,2024-09-11,2026-09-11,False
BUS-002103,Quantum Works,Free,2,0.0,2023-10-07,2026-10-06,False
BUS-002104,Umbra Media,Premium,32,733.68,2023-07-15,2026-07-14,False
BUS-002105,Acme Trading,Premium,30,296.92,2025-12-12,2026-12-12,False
BUS-002106,Initech Group,Mid,9,90.69,2023-09-15,2026-09-14,False
BUS-002107,Iron Partners,Premium,78,222.59,2026-03-17,2027-03-17,False
BUS-002108,Globex Auto,Mid,3,50.51,2024-02-09,2027-02-08,False
BUS-002109,Bright Bakery,Free,3,0.0,2023-11-15,2026-11-14,False
BUS-002110,Vertex Auto,Free,2,0.0,2025-09-18,2026-09-18,False
BUS-002111,Quantum Partners,Free,2,0.0,2025-07-18,2026-07-18,False
BUS-002112,Initech Works,Free,1,0.0,2024-06-28,2026-06-28,False
BUS-002113,Harbor Health,Premium,72,601.5,2024-11-18,2026-11-18,False
BUS-002114,Globex Studios,Mid,8,85.12,2024-11-22,2026-11-22,False
BUS-002115,Quantum Auto,Free,2,0.0,2026-03-12,2027-03-12,False
BUS-002116,Summit Partners,Mid,14,50.39,2025-06-14,2026-06-14,False
BUS-002117,Summit Supply,Mid,13,50.64,2025-08-14,2026-08-14,True
BUS-002118,Stellar Health,Free,1,0.0,2026-03-08,2027-03-08,False
BUS-002119,Pioneer Supply,Free,1,0.0,2024-11-19,2026-11-19,False
BUS-002120,Nova Media,Free,1,0.0,2024-05-30,2027-05-30,False
BUS-002121,Vertex Partners,Free,2,0.0,2023-08-15,2026-08-14,False
BUS-002122,Initech Media,Free,2,0.0,2026-04-05,2027-04-05,False
BUS-002123,Nova Builders,Free,1,0.0,2025-01-30,2027-01-30,False
BUS-002124,Iron Labs,Mid,14,85.25,2025-03-27,2027-03-27,False
BUS-002125,Stellar Auto,Mid,16,87.32,2023-05-27,2027-05-26,False
BUS-002126,Cedar Logistics,Mid,9,73.85,2024-06-29,2026-06-29,False
BUS-002127,Quantum Foods,Premium,17,417.98,2023-05-30,2027-05-29,False
BUS-002128,Quantum Foods,Free,3,0.0,2025-04-25,2027-04-25,False
BUS-002129,Initech Retail,Mid,10,42.42,2024-11-06,2026-11-06,False
BUS-002130,Globex Retail,Mid,17,34.46,2025-08-06,2026-08-06,False
BUS-002131,Iron Bakery,Free,3,0.0,2023-08-31,2026-08-30,False
BUS-002132,Initech Retail,Free,1,0.0,2024-07-20,2026-07-20,False
BUS-002133,Cobalt Retail,Free,2,0.0,2025-11-15,2026-11-15,False
BUS-002134,Cobalt Health,Free,3,0.0,2025-02-18,2027-02-18,False
BUS-002135,Iron Retail,Mid,12,60.08,2025-09-18,2026-09-18,False
BUS-002136,Cedar Group,Mid,13,73.01,2023-10-13,2026-10-12,False
BUS-002137,Summit Health,Mid,10,74.18,2024-06-30,2026-06-30,False
BUS-002138,Harbor Builders,Free,3,0.0,2024-12-11,2026-12-11,False
BUS-002139,Vertex Partners,Mid,11,51.62,2023-11-15,2026-11-14,True
BUS-002140,Cobalt Consulting,Free,3,0.0,2023-09-14,2026-09-13,False
BUS-002141,Umbra Works,Free,2,0.0,2024-08-19,2026-08-19,False
BUS-002142,Stellar Bakery,Free,3,0.0,2025-04-25,2027-04-25,False
BUS-002143,Cobalt Bakery,Mid,6,51.5,2024-08-17,2026-08-17,False
BUS-002144,Stellar Supply,Mid,17,72.67,2025-06-22,2026-06-22,False
BUS-002145,Cobalt Group,Mid,16,41.06,2025-06-17,2026-06-17,False
BUS-002146,Summit Auto,Mid,7,46.01,2024-11-12,2026-11-12,False
BUS-002147,Harbor Works,Free,2,0.0,2024-05-10,2027-05-10,False
BUS-002148,Bright Labs,Free,3,0.0,2024-02-19,2027-02-18,False
BUS-002149,Nova Works,Mid,9,33.87,2024-01-18,2027-01-17,False
BUS-002150,Cedar Health,Mid,3,87.3,2025-03-16,2027-03-16,False
BUS-002151,Stellar Retail,Mid,3,52.53,2024-03-12,2027-03-12,False
BUS-002152,Vertex Media,Mid,10,89.95,2025-09-28,2026-09-28,True
BUS-002153,Apex Partners,Mid,14,71.51,2026-01-30,2027-01-30,False
BUS-002154,Globex Bakery,Free,3,0.0,2024-03-27,2027-03-27,False
BUS-002155,Pioneer Works,Free,2,0.0,2024-10-16,2026-10-16,False
BUS-002156,Harbor Group,Premium,24,433.1,2025-12-04,2026-12-04,False
BUS-002157,Initech Works,Mid,16,40.53,2024-08-30,2026-08-30,False
BUS-002158,Summit Labs,Free,3,0.0,2024-11-17,2026-11-17,False
BUS-002159,Pioneer Works,Free,1,0.0,2024-07-31,2026-07-31,False
BUS-002160,Pioneer Media,Mid,6,42.89,2023-09-18,2026-09-17,False
BUS-002161,Cedar Labs,Free,3,0.0,2024-11-20,2026-11-20,False
BUS-002162,Bright Supply,Free,3,0.0,2024-01-14,2027-01-13,False
BUS-002163,Pioneer Labs,Mid,15,33.36,2026-01-01,2027-01-01,False
BUS-002164,Cobalt Health,Mid,3,97.19,2024-07-04,2026-07-04,False
BUS-002165,Umbra Consulting,Mid,13,34.7,2025-12-01,2026-12-01,False
BUS-002166,Stellar Logistics,Mid,16,89.6,2023-09-18,2026-09-17,False
BUS-002167,Nova Media,Mid,9,87.24,2023-09-24,2026-09-23,False
BUS-002168,Iron Group,Free,3,0.0,2024-06-08,2026-06-08,False
BUS-002169,Apex Labs,Premium,61,494.84,2026-04-21,2027-04-21,False
BUS-002170,Nova Builders,Free,2,0.0,2023-12-12,2026-12-11,False
BUS-002171,Iron Retail,Premium,84,554.72,2024-07-05,2026-07-05,False
BUS-002172,Nova Retail,Mid,12,94.77,2025-06-26,2026-06-26,False
BUS-002173,Globex Studios,Free,1,0.0,2026-03-12,2027-03-12,False
BUS-002174,Harbor Foods,Free,1,0.0,2024-07-03,2026-07-03,False
BUS-002175,Quantum Retail,Mid,6,51.21,2023-12-18,2026-12-17,False
BUS-002176,Apex Labs,Mid,3,39.61,2023-11-16,2026-11-15,True
BUS-002177,Apex Trading,Free,3,0.0,2025-03-03,2027-03-03,False
BUS-002178,Stellar Supply,Free,2,0.0,2025-03-24,2027-03-24,False
BUS-002179,Umbra Consulting,Mid,4,36.5,2025-05-11,2027-05-11,False
BUS-002180,Harbor Group,Mid,4,95.85,2024-05-01,2027-05-01,False
BUS-002181,Pioneer Partners,Free,1,0.0,2023-07-01,2026-06-30,False
BUS-002182,Acme Labs,Free,1,0.0,2023-10-12,2026-10-11,False
BUS-002183,Umbra Auto,Free,2,0.0,2024-02-05,2027-02-04,False
BUS-002184,Bright Health,Free,2,0.0,2025-12-22,2026-12-22,False
BUS-002185,Apex Partners,Free,3,0.0,2025-11-13,2026-11-13,False
BUS-002186,Globex Studios,Free,2,0.0,2024-07-11,2026-07-11,False
BUS-002187,Nova Partners,Mid,5,69.52,2025-08-15,2026-08-15,False
BUS-002188,Summit Auto,Mid,3,71.73,2025-03-01,2027-03-01,False
BUS-002189,Nova Consulting,Mid,16,41.02,2025-05-16,2027-05-16,False
BUS-002190,Acme Partners,Free,1,0.0,2025-06-06,2026-06-06,False
BUS-002191,Cedar Media,Free,2,0.0,2024-03-31,2027-03-31,False
BUS-002192,Acme Partners,Free,1,0.0,2024-06-24,2026-06-24,False
BUS-002193,Globex Supply,Free,1,0.0,2024-01-21,2027-01-20,False
BUS-002194,Pioneer Foods,Mid,14,66.76,2025-06-15,2026-06-15,True
BUS-002195,Cobalt Works,Free,1,0.0,2025-09-16,2026-09-16,False
BUS-002196,Summit Partners,Premium,78,414.25,2026-05-03,2027-05-03,False
BUS-002197,Harbor Auto,Free,2,0.0,2025-08-15,2026-08-15,False
BUS-002198,Cobalt Retail,Premium,95,579.79,2023-08-30,2026-08-29,False
BUS-002199,Nova Foods,Free,3,0.0,2025-08-12,2026-08-12,False
BUS-002200,Umbra Foods,Mid,14,36.64,2024-01-28,2027-01-27,False
BUS-002201,Harbor Works,Free,1,0.0,2024-08-26,2026-08-26,False
BUS-002202,Nova Media,Mid,11,66.18,2024-11-04,2026-11-04,False
BUS-002203,Globex Supply,Free,3,0.0,2025-07-11,2026-07-11,False
BUS-002204,Globex Foods,Mid,15,43.85,2025-04-26,2027-04-26,True
BUS-002205,Cobalt Partners,Free,2,0.0,2026-04-11,2027-04-11,False
BUS-002206,Iron Retail,Premium,34,527.23,2024-01-25,2027-01-24,False
BUS-002207,Umbra Builders,Free,2,0.0,2023-11-16,2026-11-15,False
BUS-002208,Vertex Builders,Mid,11,94.67,2024-06-13,2026-06-13,False
BUS-002209,Umbra Media,Free,2,0.0,2023-10-13,2026-10-12,False
BUS-002210,Acme Studios,Mid,7,34.42,2024-04-16,2027-04-16,False
BUS-002211,Umbra Health,Free,2,0.0,2025-09-19,2026-09-19,False
BUS-002212,Iron Group,Free,2,0.0,2024-08-14,2026-08-14,False
BUS-002213,Stellar Studios,Mid,4,97.64,2023-07-06,2026-07-05,False
BUS-002214,Pioneer Studios,Mid,6,84.31,2025-03-24,2027-03-24,False
BUS-002215,Vertex Auto,Mid,11,66.75,2024-04-22,2027-04-22,False
BUS-002216,Quantum Studios,Free,3,0.0,2025-05-30,2027-05-30,False
BUS-002217,Stellar Builders,Free,3,0.0,2023-12-18,2026-12-17,False
BUS-002218,Apex Group,Free,2,0.0,2024-09-04,2026-09-04,False
BUS-002219,Acme Logistics,Premium,69,343.15,2024-08-28,2026-08-28,False
BUS-002220,Stellar Logistics,Free,3,0.0,2024-08-04,2026-08-04,False
BUS-002221,Nova Partners,Free,2,0.0,2025-07-21,2026-07-21,False
BUS-002222,Vertex Group,Mid,15,98.05,2024-12-24,2026-12-24,False
BUS-002223,Pioneer Logistics,Free,1,0.0,2024-12-11,2026-12-11,False
BUS-002224,Apex Bakery,Free,2,0.0,2025-07-21,2026-07-21,False
BUS-002225,Nova Builders,Mid,12,96.1,2025-06-28,2026-06-28,False
BUS-002226,Umbra Partners,Mid,3,74.57,2023-06-03,2027-06-02,False
BUS-002227,Umbra Works,Free,2,0.0,2024-08-31,2026-08-31,False
BUS-002228,Cedar Trading,Free,3,0.0,2024-06-04,2026-06-04,False
BUS-002229,Iron Group,Free,2,0.0,2025-09-15,2026-09-15,False
BUS-002230,Quantum Bakery,Mid,17,79.68,2023-08-11,2026-08-10,False
BUS-002231,Quantum Partners,Free,3,0.0,2024-04-22,2027-04-22,False
BUS-002232,Cedar Builders,Mid,9,59.52,2025-10-01,2026-10-01,False
BUS-002233,Cedar Auto,Premium,91,454.69,2023-12-27,2026-12-26,False
BUS-002234,Quantum Partners,Free,1,0.0,2023-08-14,2026-08-13,False
BUS-002235,Umbra Partners,Free,2,0.0,2024-11-06,2026-11-06,False
BUS-002236,Apex Trading,Mid,16,69.59,2023-06-07,2026-06-06,False
BUS-002237,Umbra Foods,Mid,12,88.67,2025-10-15,2026-10-15,False
BUS-002238,Apex Trading,Free,3,0.0,2023-12-23,2026-12-22,False
BUS-002239,Globex Supply,Free,2,0.0,2023-10-04,2026-10-03,False
BUS-002240,Acme Retail,Mid,13,82.11,2023-12-02,2026-12-01,False
BUS-002241,Bright Labs,Mid,3,74.14,2024-06-30,2026-06-30,True
BUS-002242,Pioneer Auto,Mid,16,92.37,2024-04-30,2027-04-30,False
BUS-002243,Harbor Works,Premium,41,315.98,2026-01-27,2027-01-27,False
BUS-002244,Harbor Supply,Mid,13,48.42,2025-06-10,2026-06-10,False
BUS-002245,Harbor Auto,Mid,15,87.08,2023-07-16,2026-07-15,False
BUS-002246,Summit Bakery,Mid,14,86.36,2025-01-23,2027-01-23,False
BUS-002247,Cobalt Consulting,Premium,21,533.67,2024-08-02,2026-08-02,False
BUS-002248,Iron Auto,Mid,6,48.53,2023-08-14,2026-08-13,False
BUS-002249,Summit Health,Mid,5,52.59,2025-09-18,2026-09-18,False
BUS-002250,Initech Supply,Mid,11,42.45,2025-11-30,2026-11-30,False
BUS-002251,Apex Studios,Premium,28,579.53,2024-05-10,2027-05-10,False
BUS-002252,Initech Media,Premium,23,657.01,2024-09-10,2026-09-10,False
BUS-002253,Nova Builders,Premium,66,645.68,2024-12-17,2026-12-17,False
BUS-002254,Quantum Foods,Free,1,0.0,2025-02-10,2027-02-10,False
BUS-002255,Acme Health,Free,1,0.0,2025-07-11,2026-07-11,False
BUS-002256,Iron Group,Free,1,0.0,2023-08-19,2026-08-18,False
BUS-002257,Apex Supply,Mid,12,43.46,2025-04-18,2027-04-18,False
BUS-002258,Cedar Group,Mid,14,85.78,2024-04-19,2027-04-19,False
BUS-002259,Pioneer Logistics,Free,1,0.0,2024-07-18,2026-07-18,False
BUS-002260,Nova Bakery,Premium,27,343.0,2024-12-15,2026-12-15,False
BUS-002261,Umbra Foods,Premium,74,575.01,2024-07-31,2026-07-31,False
BUS-002262,Globex Works,Mid,14,79.15,2025-01-31,2027-01-31,False
BUS-002263,Vertex Labs,Mid,10,71.37,2025-12-23,2026-12-23,False
BUS-002264,Nova Logistics,Mid,11,75.52,2024-05-23,2027-05-23,False
BUS-002265,Acme Partners,Mid,4,96.83,2024-10-16,2026-10-16,False
BUS-002266,Stellar Works,Free,1,0.0,2024-02-13,2027-02-12,False
BUS-002267,Harbor Foods,Free,3,0.0,2024-08-19,2026-08-19,False
BUS-002268,Harbor Labs,Mid,17,65.56,2024-01-22,2027-01-21,True
BUS-002269,Umbra Logistics,Premium,16,577.27,2024-05-01,2027-05-01,False
BUS-002270,Quantum Consulting,Mid,11,58.96,2025-06-08,2026-06-08,False
BUS-002271,Harbor Logistics,Mid,3,75.46,2023-07-26,2026-07-25,False
BUS-002272,Bright Supply,Free,2,0.0,2024-03-02,2027-03-02,False
BUS-002273,Pioneer Consulting,Mid,5,89.31,2025-04-25,2027-04-25,True
BUS-002274,Apex Retail,Mid,17,47.64,2025-10-31,2026-10-31,False
BUS-002275,Harbor Works,Free,3,0.0,2025-11-18,2026-11-18,False
BUS-002276,Globex Auto,Mid,11,48.04,2025-12-31,2026-12-31,False
BUS-002277,Acme Media,Free,1,0.0,2026-04-09,2027-04-09,False
BUS-002278,Initech Consulting,Free,1,0.0,2024-03-28,2027-03-28,False
BUS-002279,Vertex Retail,Free,3,0.0,2023-07-19,2026-07-18,False
BUS-002280,Pioneer Consulting,Premium,22,673.26,2025-06-22,2026-06-22,False
BUS-002281,Acme Trading,Premium,32,454.4,2023-11-05,2026-11-04,False
BUS-002282,Summit Bakery,Premium,25,634.32,2024-08-04,2026-08-04,False
BUS-002283,Vertex Bakery,Free,1,0.0,2023-06-08,2026-06-07,False
BUS-002284,Harbor Works,Free,3,0.0,2025-06-21,2026-06-21,False
BUS-002285,Umbra Logistics,Premium,80,649.06,2023-10-30,2026-10-29,False
BUS-002286,Quantum Partners,Free,2,0.0,2025-07-19,2026-07-19,False
BUS-002287,Pioneer Trading,Free,2,0.0,2026-02-08,2027-02-08,False
BUS-002288,Initech Media,Premium,71,636.54,2025-10-14,2026-10-14,False
BUS-002289,Apex Retail,Premium,82,495.05,2023-06-01,2027-05-31,False
BUS-002290,Stellar Health,Free,1,0.0,2023-10-30,2026-10-29,False
BUS-002291,Initech Partners,Premium,64,392.54,2024-03-23,2027-03-23,False
BUS-002292,Cobalt Supply,Free,1,0.0,2024-07-15,2026-07-15,False
BUS-002293,Globex Retail,Free,2,0.0,2026-01-12,2027-01-12,False
BUS-002294,Harbor Trading,Premium,49,685.26,2025-05-14,2027-05-14,False
BUS-002295,Apex Retail,Free,1,0.0,2024-08-22,2026-08-22,False
BUS-002296,Bright Consulting,Free,3,0.0,2026-01-17,2027-01-17,False
BUS-002297,Stellar Bakery,Free,3,0.0,2026-02-02,2027-02-02,False
BUS-002298,Harbor Logistics,Free,1,0.0,2025-02-05,2027-02-05,False
BUS-002299,Apex Retail,Mid,10,44.47,2026-04-03,2027-04-03,True
BUS-002300,Quantum Media,Premium,24,704.59,2026-04-25,2027-04-25,False
BUS-002301,Apex Trading,Premium,59,645.94,2024-04-03,2027-04-03,False
BUS-002302,Cedar Group,Free,3,0.0,2024-12-16,2026-12-16,False
BUS-002303,Cedar Group,Mid,14,90.46,2024-08-08,2026-08-08,False
BUS-002304,Stellar Partners,Mid,9,87.65,2024-03-23,2027-03-23,False
BUS-002305,Globex Works,Free,1,0.0,2024-02-15,2027-02-14,False
BUS-002306,Initech Bakery,Free,3,0.0,2025-02-02,2027-02-02,False
BUS-002307,Vertex Media,Free,2,0.0,2025-12-19,2026-12-19,False
BUS-002308,Apex Health,Free,3,0.0,2024-11-25,2026-11-25,False
BUS-002309,Umbra Bakery,Free,2,0.0,2024-11-15,2026-11-15,False
BUS-002310,Cobalt Retail,Free,1,0.0,2025-11-08,2026-11-08,False
BUS-002311,Cobalt Bakery,Free,1,0.0,2023-09-17,2026-09-16,False
BUS-002312,Vertex Logistics,Free,1,0.0,2024-03-01,2027-03-01,False
BUS-002313,Iron Studios,Mid,15,34.72,2023-11-24,2026-11-23,False
BUS-002314,Stellar Retail,Free,1,0.0,2023-07-08,2026-07-07,False
BUS-002315,Cedar Consulting,Mid,3,69.82,2025-06-26,2026-06-26,False
BUS-002316,Apex Supply,Free,1,0.0,2026-01-09,2027-01-09,False
BUS-002317,Initech Foods,Free,2,0.0,2023-07-04,2026-07-03,False
BUS-002318,Iron Labs,Free,1,0.0,2024-06-16,2026-06-16,False
BUS-002319,Vertex Studios,Premium,18,656.05,2024-09-22,2026-09-22,False
BUS-002320,Umbra Logistics,Free,2,0.0,2026-01-08,2027-01-08,False
BUS-002321,Vertex Media,Free,3,0.0,2026-03-30,2027-03-30,False
BUS-002322,Quantum Labs,Free,1,0.0,2025-10-04,2026-10-04,False
BUS-002323,Apex Bakery,Free,3,0.0,2026-01-05,2027-01-05,False
BUS-002324,Acme Partners,Premium,90,171.12,2025-12-04,2026-12-04,False
BUS-002325,Iron Foods,Premium,92,381.63,2024-03-03,2027-03-03,False
BUS-002326,Nova Works,Mid,12,47.5,2023-10-16,2026-10-15,False
BUS-002327,Nova Health,Free,2,0.0,2025-01-31,2027-01-31,False
BUS-002328,Vertex Auto,Mid,5,97.41,2024-02-29,2027-02-28,False
BUS-002329,Bright Foods,Mid,9,86.38,2025-07-14,2026-07-14,True
BUS-002330,Stellar Supply,Premium,26,654.08,2024-05-12,2027-05-12,False
BUS-002331,Iron Works,Free,2,0.0,2023-10-04,2026-10-03,False
BUS-002332,Apex Studios,Premium,69,368.14,2024-07-06,2026-07-06,False
BUS-002333,Pioneer Works,Mid,6,47.22,2025-04-08,2027-04-08,False
BUS-002334,Summit Retail,Free,2,0.0,2024-03-28,2027-03-28,False
BUS-002335,Iron Health,Free,2,0.0,2025-09-24,2026-09-24,False
BUS-002336,Stellar Media,Premium,89,397.27,2025-03-22,2027-03-22,False
BUS-002337,Iron Labs,Mid,5,76.18,2023-06-10,2026-06-09,False
BUS-002338,Nova Supply,Mid,9,69.72,2025-05-17,2027-05-17,False
BUS-002339,Quantum Studios,Mid,15,43.85,2024-01-13,2027-01-12,False
BUS-002340,Initech Logistics,Mid,10,52.14,2026-02-21,2027-02-21,False
BUS-002341,Initech Media,Free,1,0.0,2024-06-25,2026-06-25,False
BUS-002342,Stellar Health,Premium,55,271.8,2025-06-30,2026-06-30,False
BUS-002343,Iron Partners,Mid,8,73.63,2024-07-27,2026-07-27,False
BUS-002344,Summit Bakery,Free,1,0.0,2024-09-18,2026-09-18,False
BUS-002345,Umbra Group,Mid,5,93.06,2025-06-27,2026-06-27,True
BUS-002346,Cedar Foods,Free,3,0.0,2023-09-16,2026-09-15,False
BUS-002347,Umbra Trading,Premium,94,717.24,2023-11-05,2026-11-04,False
BUS-002348,Apex Partners,Free,2,0.0,2023-09-09,2026-09-08,False
BUS-002349,Iron Consulting,Free,1,0.0,2024-04-22,2027-04-22,False
BUS-002350,Pioneer Media,Free,1,0.0,2023-08-01,2026-07-31,False
BUS-002351,Summit Supply,Premium,57,191.33,2025-08-01,2026-08-01,False
BUS-002352,Harbor Health,Premium,24,745.74,2025-03-27,2027-03-27,False
BUS-002353,Bright Consulting,Mid,15,35.82,2023-07-26,2026-07-25,True
BUS-002354,Cedar Labs,Free,2,0.0,2025-04-06,2027-04-06,False
BUS-002355,Quantum Health,Free,1,0.0,2026-01-18,2027-01-18,False
BUS-002356,Globex Builders,Free,2,0.0,2024-06-12,2026-06-12,False
BUS-002357,Globex Studios,Mid,15,75.97,2025-11-21,2026-11-21,False
BUS-002358,Summit Supply,Premium,89,156.41,2026-03-26,2027-03-26,False
BUS-002359,Apex Trading,Free,2,0.0,2024-03-17,2027-03-17,False
BUS-002360,Bright Group,Mid,7,78.78,2024-06-16,2026-06-16,False
BUS-002361,Cobalt Health,Mid,5,96.0,2024-11-15,2026-11-15,False
BUS-002362,Harbor Bakery,Free,2,0.0,2025-11-12,2026-11-12,False
BUS-002363,Quantum Logistics,Free,1,0.0,2025-09-27,2026-09-27,False
BUS-002364,Quantum Logistics,Free,1,0.0,2025-06-23,2026-06-23,False
BUS-002365,Initech Studios,Premium,11,583.86,2024-06-05,2026-06-05,False
BUS-002366,Umbra Bakery,Mid,16,97.84,2024-06-26,2026-06-26,False
BUS-002367,Initech Consulting,Free,1,0.0,2025-03-22,2027-03-22,False
BUS-002368,Bright Foods,Free,1,0.0,2026-04-27,2027-04-27,False
BUS-002369,Apex Media,Free,3,0.0,2025-11-23,2026-11-23,False
BUS-002370,Cobalt Consulting,Mid,6,63.32,2025-03-26,2027-03-26,False
BUS-002371,Iron Consulting,Free,3,0.0,2025-12-30,2026-12-30,False
BUS-002372,Stellar Builders,Free,1,0.0,2025-05-09,2027-05-09,False
BUS-002373,Umbra Logistics,Free,3,0.0,2025-04-12,2027-04-12,False
BUS-002374,Vertex Supply,Free,2,0.0,2025-01-23,2027-01-23,False
BUS-002375,Summit Retail,Mid,12,50.77,2024-01-11,2027-01-10,False
BUS-002376,Acme Builders,Free,2,0.0,2024-12-27,2026-12-27,False
BUS-002377,Globex Logistics,Free,1,0.0,2025-12-23,2026-12-23,False
BUS-002378,Bright Logistics,Free,3,0.0,2026-01-01,2027-01-01,False
BUS-002379,Initech Media,Mid,17,80.13,2026-04-10,2027-04-10,False
BUS-002380,Harbor Works,Mid,17,94.01,2025-12-21,2026-12-21,False
BUS-002381,Cobalt Health,Free,2,0.0,2024-04-06,2027-04-06,False
BUS-002382,Vertex Trading,Mid,8,68.21,2025-04-10,2027-04-10,False
BUS-002383,Apex Works,Mid,9,62.55,2023-10-02,2026-10-01,False
BUS-002384,Apex Group,Premium,69,421.31,2025-07-18,2026-07-18,False
BUS-002385,Nova Supply,Premium,27,622.96,2024-03-14,2027-03-14,False
BUS-002386,Nova Consulting,Free,2,0.0,2025-05-16,2027-05-16,False
BUS-002387,Cobalt Studios,Free,1,0.0,2024-02-23,2027-02-22,False
BUS-002388,Cobalt Supply,Free,1,0.0,2026-03-21,2027-03-21,False
BUS-002389,Quantum Retail,Free,3,0.0,2024-10-13,2026-10-13,False
BUS-002390,Bright Group,Free,3,0.0,2023-07-17,2026-07-16,False
BUS-002391,Pioneer Bakery,Premium,30,442.41,2026-01-02,2027-01-02,False
BUS-002392,Summit Studios,Free,2,0.0,2023-09-01,2026-08-31,False
BUS-002393,Bright Partners,Free,2,0.0,2025-02-15,2027-02-15,False
BUS-002394,Harbor Health,Free,2,0.0,2025-06-14,2026-06-14,False
BUS-002395,Harbor Auto,Mid,9,72.81,2025-08-12,2026-08-12,False
BUS-002396,Iron Auto,Mid,16,38.97,2023-09-08,2026-09-07,True
BUS-002397,Quantum Media,Free,1,0.0,2024-07-05,2026-07-05,False
BUS-002398,Harbor Retail,Mid,17,98.08,2024-10-07,2026-10-07,False
BUS-002399,Quantum Foods,Premium,51,618.96,2025-01-21,2027-01-21,False
BUS-002400,Harbor Bakery,Free,2,0.0,2026-03-26,2027-03-26,False
BUS-002401,Initech Partners,Free,1,0.0,2024-07-15,2026-07-15,False
BUS-002402,Initech Works,Free,3,0.0,2024-11-06,2026-11-06,False
BUS-002403,Nova Auto,Free,1,0.0,2024-10-16,2026-10-16,False
BUS-002404,Harbor Auto,Mid,3,63.16,2025-02-01,2027-02-01,False
BUS-002405,Cobalt Media,Mid,10,69.33,2024-10-23,2026-10-23,False
BUS-002406,Umbra Health,Mid,11,44.0,2025-04-14,2027-04-14,False
BUS-002407,Summit Foods,Mid,14,91.93,2023-05-28,2027-05-27,False
BUS-002408,Stellar Studios,Mid,9,79.05,2026-04-12,2027-04-12,False
BUS-002409,Initech Auto,Free,1,0.0,2023-12-23,2026-12-22,False
BUS-002410,Apex Consulting,Free,1,0.0,2023-11-02,2026-11-01,False
BUS-002411,Stellar Works,Mid,15,51.99,2024-10-21,2026-10-21,False
BUS-002412,Harbor Labs,Free,3,0.0,2025-08-14,2026-08-14,False
BUS-002413,Pioneer Studios,Free,2,0.0,2023-08-31,2026-08-30,False
BUS-002414,Acme Group,Free,3,0.0,2024-03-27,2027-03-27,False
BUS-002415,Harbor Trading,Mid,9,42.46,2026-02-23,2027-02-23,False
BUS-002416,Cobalt Logistics,Premium,17,583.67,2025-08-07,2026-08-07,False
BUS-002417,Vertex Foods,Premium,27,240.94,2023-05-30,2027-05-29,False
BUS-002418,Harbor Logistics,Free,2,0.0,2024-05-03,2027-05-03,False
BUS-002419,Apex Trading,Free,1,0.0,2023-07-31,2026-07-30,False
BUS-002420,Nova Logistics,Free,3,0.0,2024-02-14,2027-02-13,False
BUS-002421,Globex Labs,Mid,10,41.13,2024-11-16,2026-11-16,False
BUS-002422,Cobalt Trading,Free,3,0.0,2025-01-28,2027-01-28,False
BUS-002423,Nova Media,Free,1,0.0,2025-06-26,2026-06-26,False
BUS-002424,Acme Health,Free,3,0.0,2024-02-14,2027-02-13,False
BUS-002425,Initech Trading,Free,3,0.0,2024-01-06,2027-01-05,False
BUS-002426,Quantum Partners,Free,1,0.0,2025-03-03,2027-03-03,False
BUS-002427,Pioneer Consulting,Free,3,0.0,2025-11-20,2026-11-20,False
BUS-002428,Summit Builders,Free,1,0.0,2026-04-19,2027-04-19,False
BUS-002429,Cedar Media,Mid,11,57.19,2025-03-18,2027-03-18,False
BUS-002430,Umbra Health,Free,2,0.0,2024-02-20,2027-02-19,False
BUS-002431,Apex Retail,Free,2,0.0,2023-06-21,2026-06-20,False
BUS-002432,Umbra Retail,Free,1,0.0,2024-03-02,2027-03-02,False
BUS-002433,Stellar Health,Free,3,0.0,2024-08-31,2026-08-31,False
BUS-002434,Cedar Retail,Free,1,0.0,2025-01-19,2027-01-19,False
BUS-002435,Stellar Consulting,Free,2,0.0,2026-04-09,2027-04-09,False
BUS-002436,Harbor Works,Premium,36,449.76,2024-02-29,2027-02-28,False
BUS-002437,Cobalt Health,Premium,87,602.32,2023-08-02,2026-08-01,False
BUS-002438,Umbra Labs,Mid,13,90.02,2024-12-12,2026-12-12,True
BUS-002439,Cedar Labs,Premium,89,180.02,2026-04-12,2027-04-12,False
BUS-002440,Umbra Trading,Free,2,0.0,2025-06-12,2026-06-12,False
BUS-002441,Bright Auto,Free,3,0.0,2025-04-09,2027-04-09,False
BUS-002442,Summit Trading,Free,2,0.0,2026-03-20,2027-03-20,False
BUS-002443,Stellar Bakery,Premium,48,235.1,2023-10-12,2026-10-11,False
BUS-002444,Vertex Labs,Premium,97,625.66,2023-09-02,2026-09-01,False
BUS-002445,Iron Builders,Free,3,0.0,2025-01-09,2027-01-09,False
BUS-002446,Initech Studios,Free,3,0.0,2023-08-26,2026-08-25,False
BUS-002447,Acme Trading,Free,2,0.0,2024-03-23,2027-03-23,False
BUS-002448,Vertex Labs,Free,2,0.0,2024-01-11,2027-01-10,False
BUS-002449,Cobalt Retail,Mid,3,75.96,2024-10-06,2026-10-06,False
BUS-002450,Iron Labs,Mid,3,76.99,2025-04-14,2027-04-14,False
BUS-002451,Cobalt Foods,Premium,15,674.11,2023-11-25,2026-11-24,False
BUS-002452,Pioneer Works,Mid,14,33.31,2024-04-19,2027-04-19,True
BUS-002453,Nova Media,Mid,11,41.47,2024-04-04,2027-04-04,False
BUS-002454,Pioneer Health,Mid,8,58.49,2024-02-02,2027-02-01,False
BUS-002455,Bright Auto,Free,3,0.0,2023-07-27,2026-07-26,False
BUS-002456,Harbor Auto,Premium,21,511.29,2025-07-27,2026-07-27,False
BUS-002457,Harbor Studios,Mid,10,82.76,2025-06-02,2027-06-02,False
BUS-002458,Nova Retail,Mid,11,74.29,2025-06-12,2026-06-12,False
BUS-002459,Globex Bakery,Mid,9,35.72,2023-12-28,2026-12-27,False
BUS-002460,Harbor Partners,Mid,7,95.42,2025-06-01,2027-06-01,False
BUS-002461,Apex Supply,Free,3,0.0,2024-03-31,2027-03-31,False
BUS-002462,Umbra Foods,Free,2,0.0,2024-01-20,2027-01-19,False
BUS-002463,Umbra Partners,Mid,10,40.9,2025-04-14,2027-04-14,False
BUS-002464,Quantum Supply,Free,1,0.0,2024-08-15,2026-08-15,False
BUS-002465,Stellar Labs,Free,1,0.0,2025-10-19,2026-10-19,False
BUS-002466,Stellar Consulting,Free,2,0.0,2025-08-30,2026-08-30,False
BUS-002467,Umbra Group,Mid,13,34.99,2024-12-01,2026-12-01,False
BUS-002468,Harbor Supply,Premium,94,391.8,2024-08-28,2026-08-28,False
BUS-002469,Cobalt Trading,Free,2,0.0,2023-12-09,2026-12-08,False
BUS-002470,Cobalt Supply,Mid,3,65.0,2024-05-15,2027-05-15,True
BUS-002471,Cobalt Labs,Mid,15,36.86,2024-05-16,2027-05-16,False
BUS-002472,Cobalt Builders,Free,2,0.0,2025-11-08,2026-11-08,False
BUS-002473,Umbra Works,Free,1,0.0,2024-12-18,2026-12-18,False
BUS-002474,Cobalt Trading,Free,2,0.0,2024-12-26,2026-12-26,False
BUS-002475,Stellar Group,Free,3,0.0,2023-10-23,2026-10-22,False
BUS-002476,Acme Works,Free,3,0.0,2025-08-15,2026-08-15,False
BUS-002477,Cedar Supply,Free,1,0.0,2023-09-29,2026-09-28,False
BUS-002478,Umbra Partners,Mid,11,75.76,2026-01-25,2027-01-25,False
BUS-002479,Vertex Trading,Free,2,0.0,2024-09-11,2026-09-11,False
BUS-002480,Umbra Studios,Free,2,0.0,2023-12-13,2026-12-12,False
BUS-002481,Quantum Labs,Premium,19,269.47,2023-08-13,2026-08-12,False
BUS-002482,Apex Trading,Free,3,0.0,2025-05-08,2027-05-08,False
BUS-002483,Cobalt Foods,Free,1,0.0,2024-06-07,2026-06-07,False
BUS-002484,Nova Studios,Mid,15,79.05,2025-09-09,2026-09-09,True
BUS-002485,Bright Labs,Mid,12,69.39,2023-11-19,2026-11-18,False
BUS-002486,Globex Builders,Mid,17,78.57,2025-09-29,2026-09-29,False
BUS-002487,Initech Logistics,Free,3,0.0,2023-12-22,2026-12-21,False
BUS-002488,Cobalt Supply,Free,3,0.0,2024-05-02,2027-05-02,False
BUS-002489,Umbra Labs,Free,1,0.0,2025-07-27,2026-07-27,False
BUS-002490,Stellar Works,Free,3,0.0,2025-04-17,2027-04-17,False
BUS-002491,Vertex Group,Mid,11,56.13,2024-11-12,2026-11-12,False
BUS-002492,Stellar Studios,Free,1,0.0,2025-01-14,2027-01-14,False
BUS-002493,Acme Auto,Free,3,0.0,2024-02-24,2027-02-23,False
BUS-002494,Cedar Labs,Free,1,0.0,2025-09-16,2026-09-16,False
BUS-002495,Quantum Partners,Free,1,0.0,2024-07-19,2026-07-19,False
BUS-002496,Umbra Consulting,Mid,6,76.48,2023-08-29,2026-08-28,False
BUS-002497,Nova Studios,Free,3,0.0,2025-12-10,2026-12-10,False
BUS-002498,Cobalt Logistics,Premium,28,666.71,2025-12-16,2026-12-16,False
BUS-002499,Pioneer Foods,Mid,6,73.89,2024-01-09,2027-01-08,False
BUS-002500,Harbor Supply,Mid,9,34.18,2023-12-02,2026-12-01,True
BUS-002501,Apex Works,Free,3,0.0,2024-03-30,2027-03-30,False
BUS-002502,Bright Consulting,Mid,16,45.73,2025-08-17,2026-08-17,False
BUS-002503,Cobalt Logistics,Free,3,0.0,2024-09-22,2026-09-22,False
BUS-002504,Initech Logistics,Free,1,0.0,2024-01-01,2026-12-31,False
BUS-002505,Apex Builders,Mid,15,40.19,2026-02-12,2027-02-12,False
BUS-002506,Harbor Health,Free,2,0.0,2024-08-21,2026-08-21,False
BUS-002507,Nova Partners,Premium,70,456.86,2024-03-05,2027-03-05,False
BUS-002508,Harbor Logistics,Free,3,0.0,2023-08-06,2026-08-05,False
BUS-002509,Summit Foods,Free,2,0.0,2024-10-26,2026-10-26,False
BUS-002510,Stellar Auto,Free,2,0.0,2024-12-30,2026-12-30,False
BUS-002511,Bright Builders,Premium,34,645.44,2023-06-09,2026-06-08,False
BUS-002512,Nova Health,Free,2,0.0,2025-04-14,2027-04-14,False
BUS-002513,Harbor Retail,Free,3,0.0,2024-04-24,2027-04-24,False
BUS-002514,Summit Foods,Mid,12,66.41,2025-09-06,2026-09-06,False
BUS-002515,Vertex Partners,Free,3,0.0,2024-06-13,2026-06-13,False
BUS-002516,Cedar Works,Free,2,0.0,2023-08-17,2026-08-16,False
BUS-002517,Initech Builders,Free,1,0.0,2024-11-29,2026-11-29,False
BUS-002518,Acme Logistics,Free,2,0.0,2024-02-19,2027-02-18,False
BUS-002519,Iron Builders,Free,2,0.0,2023-07-26,2026-07-25,False
BUS-002520,Cedar Trading,Free,2,0.0,2025-03-23,2027-03-23,False
BUS-002521,Cobalt Group,Premium,90,739.02,2025-09-25,2026-09-25,False
BUS-002522,Vertex Bakery,Free,1,0.0,2025-07-22,2026-07-22,False
BUS-002523,Initech Builders,Free,1,0.0,2026-02-09,2027-02-09,False
BUS-002524,Nova Bakery,Free,3,0.0,2024-11-01,2026-11-01,False
BUS-002525,Globex Labs,Premium,97,403.96,2026-02-12,2027-02-12,False
BUS-002526,Summit Group,Free,3,0.0,2024-10-14,2026-10-14,False
BUS-002527,Pioneer Foods,Free,1,0.0,2024-11-04,2026-11-04,False
BUS-002528,Quantum Consulting,Free,3,0.0,2024-07-25,2026-07-25,False
BUS-002529,Initech Builders,Mid,16,56.83,2026-03-30,2027-03-30,False
BUS-002530,Iron Consulting,Mid,4,36.7,2024-01-23,2027-01-22,False
BUS-002531,Quantum Health,Premium,38,317.68,2026-04-28,2027-04-28,False
BUS-002532,Iron Retail,Free,3,0.0,2024-03-04,2027-03-04,False
BUS-002533,Iron Works,Free,1,0.0,2024-01-19,2027-01-18,False
BUS-002534,Acme Builders,Free,2,0.0,2024-03-17,2027-03-17,False
BUS-002535,Bright Media,Free,3,0.0,2023-08-02,2026-08-01,False
BUS-002536,Apex Works,Free,2,0.0,2023-06-30,2026-06-29,False
BUS-002537,Apex Consulting,Mid,8,40.12,2025-11-27,2026-11-27,False
BUS-002538,Quantum Health,Mid,6,45.25,2024-05-11,2027-05-11,False
BUS-002539,Acme Foods,Premium,58,510.26,2023-09-16,2026-09-15,False
BUS-002540,Pioneer Auto,Mid,4,61.66,2026-03-21,2027-03-21,False
BUS-002541,Iron Group,Free,2,0.0,2023-11-23,2026-11-22,False
BUS-002542,Quantum Builders,Free,2,0.0,2024-05-21,2027-05-21,False
BUS-002543,Vertex Consulting,Free,2,0.0,2023-08-28,2026-08-27,False
BUS-002544,Stellar Trading,Free,3,0.0,2023-06-10,2026-06-09,False
BUS-002545,Initech Consulting,Premium,56,178.79,2025-01-21,2027-01-21,False
BUS-002546,Cedar Logistics,Free,3,0.0,2026-01-22,2027-01-22,False
BUS-002547,Nova Health,Free,2,0.0,2023-10-20,2026-10-19,False
BUS-002548,Vertex Foods,Free,2,0.0,2024-10-11,2026-10-11,False
BUS-002549,Initech Foods,Free,1,0.0,2023-06-03,2027-06-02,False
BUS-002550,Summit Partners,Premium,89,181.29,2025-05-09,2027-05-09,False
BUS-002551,Initech Logistics,Premium,31,291.75,2025-03-30,2027-03-30,False
BUS-002552,Iron Auto,Mid,7,87.21,2025-05-03,2027-05-03,False
BUS-002553,Acme Media,Mid,5,67.36,2025-04-17,2027-04-17,False
BUS-002554,Globex Supply,Premium,44,457.95,2026-03-23,2027-03-23,False
BUS-002555,Nova Studios,Free,1,0.0,2023-09-17,2026-09-16,False
BUS-002556,Cedar Works,Free,3,0.0,2024-04-12,2027-04-12,False
BUS-002557,Quantum Consulting,Free,1,0.0,2025-09-21,2026-09-21,False
BUS-002558,Summit Works,Mid,15,32.96,2024-03-23,2027-03-23,True
BUS-002559,Apex Works,Free,2,0.0,2024-02-16,2027-02-15,False
BUS-002560,Cedar Group,Premium,76,362.36,2024-01-26,2027-01-25,False
BUS-002561,Globex Retail,Free,2,0.0,2025-08-19,2026-08-19,False
BUS-002562,Umbra Group,Free,2,0.0,2024-08-31,2026-08-31,False
BUS-002563,Acme Media,Free,2,0.0,2024-03-30,2027-03-30,False
BUS-002564,Bright Studios,Free,1,0.0,2025-02-17,2027-02-17,False
BUS-002565,Summit Supply,Free,3,0.0,2025-07-22,2026-07-22,False
BUS-002566,Iron Builders,Free,1,0.0,2025-01-24,2027-01-24,False
BUS-002567,Pioneer Retail,Free,2,0.0,2023-09-25,2026-09-24,False
BUS-002568,Quantum Studios,Free,2,0.0,2026-01-19,2027-01-19,False
BUS-002569,Pioneer Works,Premium,22,327.25,2026-01-16,2027-01-16,False
BUS-002570,Summit Auto,Premium,93,673.27,2025-11-26,2026-11-26,False
BUS-002571,Harbor Retail,Mid,11,63.4,2023-08-27,2026-08-26,True
BUS-002572,Acme Bakery,Free,3,0.0,2025-05-30,2027-05-30,False
BUS-002573,Globex Labs,Free,3,0.0,2024-10-29,2026-10-29,False
BUS-002574,Pioneer Labs,Free,3,0.0,2023-06-02,2027-06-01,False
BUS-002575,Pioneer Media,Free,2,0.0,2023-10-05,2026-10-04,False
BUS-002576,Umbra Works,Free,1,0.0,2023-06-11,2026-06-10,False
BUS-002577,Initech Studios,Mid,9,83.45,2026-02-19,2027-02-19,False
BUS-002578,Cedar Studios,Premium,58,348.09,2023-11-16,2026-11-15,False
BUS-002579,Apex Builders,Free,1,0.0,2025-10-26,2026-10-26,False
BUS-002580,Summit Labs,Free,1,0.0,2026-02-03,2027-02-03,False
BUS-002581,Bright Studios,Premium,34,401.03,2025-04-03,2027-04-03,False
BUS-002582,Stellar Labs,Free,3,0.0,2024-11-28,2026-11-28,False
BUS-002583,Cobalt Logistics,Premium,30,665.3,2024-11-07,2026-11-07,False
BUS-002584,Umbra Logistics,Free,1,0.0,2023-07-29,2026-07-28,False
BUS-002585,Cedar Media,Mid,15,92.96,2024-04-02,2027-04-02,False
BUS-002586,Quantum Foods,Mid,8,66.87,2023-06-04,2027-06-03,False
BUS-002587,Summit Partners,Mid,9,63.84,2024-07-01,2026-07-01,False
BUS-002588,Cedar Bakery,Premium,61,180.77,2024-08-27,2026-08-27,False
BUS-002589,Quantum Works,Mid,11,45.65,2025-02-10,2027-02-10,False
BUS-002590,Pioneer Group,Premium,22,568.43,2023-07-04,2026-07-03,False
BUS-002591,Vertex Partners,Mid,9,69.66,2024-08-30,2026-08-30,True
BUS-002592,Globex Group,Premium,94,189.79,2024-07-31,2026-07-31,False
BUS-002593,Bright Partners,Free,2,0.0,2025-06-23,2026-06-23,False
BUS-002594,Summit Foods,Premium,52,712.56,2025-09-04,2026-09-04,False
BUS-002595,Stellar Supply,Free,2,0.0,2024-02-13,2027-02-12,False
BUS-002596,Quantum Consulting,Free,1,0.0,2024-09-25,2026-09-25,False
BUS-002597,Apex Logistics,Free,3,0.0,2024-07-04,2026-07-04,False
BUS-002598,Nova Group,Free,1,0.0,2026-04-17,2027-04-17,False
BUS-002599,Globex Labs,Free,1,0.0,2025-06-27,2026-06-27,False
BUS-002600,Summit Auto,Free,1,0.0,2025-08-04,2026-08-04,False
BUS-002601,Initech Trading,Mid,17,87.87,2024-05-03,2027-05-03,False
BUS-002602,Umbra Trading,Free,2,0.0,2024-06-27,2026-06-27,False
BUS-002603,Stellar Consulting,Premium,20,742.91,2026-05-04,2027-05-04,False
BUS-002604,Initech Health,Premium,72,214.52,2024-09-15,2026-09-15,False
BUS-002605,Vertex Bakery,Free,2,0.0,2024-11-18,2026-11-18,False
BUS-002606,Globex Supply,Free,1,0.0,2024-09-30,2026-09-30,False
BUS-002607,Iron Auto,Premium,95,247.68,2023-09-09,2026-09-08,False
BUS-002608,Bright Foods,Premium,49,326.19,2024-02-03,2027-02-02,False
BUS-002609,Iron Studios,Mid,16,51.65,2024-07-05,2026-07-05,False
BUS-002610,Iron Studios,Mid,3,35.56,2025-09-05,2026-09-05,True
BUS-002611,Harbor Media,Free,1,0.0,2024-10-03,2026-10-03,False
BUS-002612,Summit Retail,Mid,14,63.71,2024-01-16,2027-01-15,True
BUS-002613,Apex Retail,Premium,93,170.3,2025-06-18,2026-06-18,False
BUS-002614,Cedar Supply,Free,1,0.0,2026-03-01,2027-03-01,False
BUS-002615,Apex Media,Free,2,0.0,2023-09-28,2026-09-27,False
BUS-002616,Harbor Consulting,Free,2,0.0,2023-12-22,2026-12-21,False
BUS-002617,Bright Logistics,Free,1,0.0,2024-12-07,2026-12-07,False
BUS-002618,Globex Studios,Free,2,0.0,2025-07-05,2026-07-05,False
BUS-002619,Cedar Retail,Free,3,0.0,2023-07-25,2026-07-24,False
BUS-002620,Harbor Auto,Mid,9,32.69,2026-04-16,2027-04-16,False
BUS-002621,Stellar Retail,Free,1,0.0,2023-08-20,2026-08-19,False
BUS-002622,Cedar Supply,Free,3,0.0,2023-07-05,2026-07-04,False
BUS-002623,Bright Trading,Premium,85,517.48,2025-03-28,2027-03-28,False
BUS-002624,Iron Trading,Free,3,0.0,2024-09-17,2026-09-17,False
BUS-002625,Initech Partners,Free,1,0.0,2024-01-21,2027-01-20,False
BUS-002626,Quantum Works,Mid,9,95.03,2025-01-17,2027-01-17,False
BUS-002627,Quantum Builders,Free,3,0.0,2026-02-14,2027-02-14,False
BUS-002628,Globex Foods,Free,1,0.0,2025-01-20,2027-01-20,False
BUS-002629,Bright Trading,Premium,67,293.39,2026-04-30,2027-04-30,False
BUS-002630,Acme Health,Premium,45,471.15,2024-01-02,2027-01-01,False
BUS-002631,Summit Bakery,Mid,13,33.58,2025-02-21,2027-02-21,False
BUS-002632,Vertex Retail,Premium,59,486.45,2024-07-01,2026-07-01,False
BUS-002633,Harbor Foods,Free,2,0.0,2025-11-22,2026-11-22,False
BUS-002634,Vertex Health,Premium,12,209.68,2024-11-22,2026-11-22,False
BUS-002635,Vertex Auto,Mid,9,41.33,2023-12-13,2026-12-12,False
BUS-002636,Initech Logistics,Free,2,0.0,2024-08-09,2026-08-09,False
BUS-002637,Quantum Logistics,Premium,25,661.82,2026-04-28,2027-04-28,False
BUS-002638,Umbra Works,Mid,15,83.09,2024-10-28,2026-10-28,False
BUS-002639,Umbra Partners,Free,3,0.0,2023-09-25,2026-09-24,False
BUS-002640,Pioneer Consulting,Mid,7,84.98,2024-05-05,2027-05-05,False
BUS-002641,Acme Logistics,Free,1,0.0,2024-12-08,2026-12-08,False
BUS-002642,Stellar Partners,Premium,30,237.49,2025-06-10,2026-06-10,False
BUS-002643,Apex Group,Premium,90,360.83,2024-06-07,2026-06-07,False
BUS-002644,Stellar Consulting,Free,3,0.0,2024-01-31,2027-01-30,False
BUS-002645,Initech Foods,Free,3,0.0,2023-08-18,2026-08-17,False
BUS-002646,Iron Supply,Mid,17,93.9,2023-07-27,2026-07-26,False
BUS-002647,Globex Trading,Free,2,0.0,2025-03-23,2027-03-23,False
BUS-002648,Acme Auto,Free,1,0.0,2024-05-07,2027-05-07,False
BUS-002649,Iron Logistics,Mid,9,82.48,2026-04-19,2027-04-19,False
BUS-002650,Umbra Studios,Free,1,0.0,2023-06-03,2027-06-02,False
BUS-002651,Umbra Trading,Free,3,0.0,2024-06-06,2026-06-06,False
BUS-002652,Bright Health,Mid,13,52.19,2024-08-03,2026-08-03,False
BUS-002653,Summit Studios,Free,1,0.0,2026-01-12,2027-01-12,False
BUS-002654,Bright Logistics,Mid,16,56.57,2025-06-25,2026-06-25,False
BUS-002655,Summit Group,Premium,56,195.07,2024-08-11,2026-08-11,False
BUS-002656,Vertex Logistics,Free,2,0.0,2024-07-02,2026-07-02,False
BUS-002657,Pioneer Bakery,Premium,77,511.74,2025-10-11,2026-10-11,False
BUS-002658,Harbor Bakery,Free,2,0.0,2024-06-20,2026-06-20,False
BUS-002659,Quantum Trading,Free,1,0.0,2025-11-24,2026-11-24,False
BUS-002660,Summit Health,Free,3,0.0,2025-11-22,2026-11-22,False
BUS-002661,Summit Group,Free,2,0.0,2026-02-10,2027-02-10,False
BUS-002662,Globex Studios,Free,2,0.0,2024-10-30,2026-10-30,False
BUS-002663,Umbra Partners,Free,3,0.0,2026-04-26,2027-04-26,False
BUS-002664,Umbra Builders,Free,2,0.0,2024-01-24,2027-01-23,False
BUS-002665,Initech Media,Free,3,0.0,2024-12-13,2026-12-13,False
BUS-002666,Acme Partners,Free,3,0.0,2025-10-04,2026-10-04,False
BUS-002667,Vertex Foods,Free,3,0.0,2025-08-18,2026-08-18,False
BUS-002668,Stellar Partners,Premium,10,558.85,2024-10-22,2026-10-22,False
BUS-002669,Stellar Supply,Free,1,0.0,2023-12-06,2026-12-05,False
BUS-002670,Pioneer Studios,Free,3,0.0,2024-09-12,2026-09-12,False
BUS-002671,Summit Builders,Free,3,0.0,2024-01-13,2027-01-12,False
BUS-002672,Cedar Partners,Free,1,0.0,2023-12-26,2026-12-25,False
BUS-002673,Stellar Builders,Free,1,0.0,2024-01-25,2027-01-24,False
BUS-002674,Quantum Studios,Mid,12,42.91,2025-09-01,2026-09-01,False
BUS-002675,Apex Studios,Mid,6,99.87,2026-01-29,2027-01-29,False
BUS-002676,Stellar Bakery,Premium,45,725.64,2026-04-29,2027-04-29,False
BUS-002677,Nova Studios,Mid,3,58.93,2024-06-04,2026-06-04,False
BUS-002678,Bright Supply,Mid,15,38.63,2024-04-09,2027-04-09,False
BUS-002679,Nova Retail,Mid,13,49.25,2025-03-18,2027-03-18,False
BUS-002680,Cobalt Partners,Free,1,0.0,2024-12-23,2026-12-23,False
BUS-002681,Bright Works,Premium,65,179.36,2026-04-28,2027-04-28,False
BUS-002682,Summit Retail,Free,1,0.0,2023-10-08,2026-10-07,False
BUS-002683,Summit Builders,Free,2,0.0,2025-07-20,2026-07-20,False
BUS-002684,Initech Works,Free,1,0.0,2023-09-08,2026-09-07,False
BUS-002685,Iron Retail,Free,3,0.0,2025-01-30,2027-01-30,False
BUS-002686,Cobalt Foods,Mid,7,88.76,2024-02-25,2027-02-24,False
BUS-002687,Quantum Partners,Free,1,0.0,2026-03-30,2027-03-30,False
BUS-002688,Nova Bakery,Free,3,0.0,2023-06-26,2026-06-25,False
BUS-002689,Cedar Bakery,Free,2,0.0,2023-05-31,2027-05-30,False
BUS-002690,Summit Supply,Free,3,0.0,2023-06-12,2026-06-11,False
BUS-002691,Quantum Health,Free,3,0.0,2025-09-27,2026-09-27,False
BUS-002692,Cobalt Labs,Free,1,0.0,2025-04-25,2027-04-25,False
BUS-002693,Bright Media,Free,1,0.0,2024-07-03,2026-07-03,False
BUS-002694,Umbra Health,Free,1,0.0,2025-04-16,2027-04-16,False
BUS-002695,Apex Auto,Mid,9,47.58,2024-10-25,2026-10-25,False
BUS-002696,Quantum Media,Free,2,0.0,2025-03-29,2027-03-29,False
BUS-002697,Cobalt Foods,Free,2,0.0,2024-05-04,2027-05-04,False
BUS-002698,Bright Labs,Free,2,0.0,2025-01-23,2027-01-23,False
BUS-002699,Globex Retail,Mid,4,69.56,2025-07-28,2026-07-28,False
BUS-002700,Umbra Works,Free,3,0.0,2025-12-07,2026-12-07,False
BUS-002701,Globex Builders,Mid,6,81.66,2025-02-11,2027-02-11,False
BUS-002702,Umbra Builders,Free,3,0.0,2024-01-18,2027-01-17,False
BUS-002703,Quantum Bakery,Mid,17,61.49,2025-03-02,2027-03-02,True
BUS-002704,Globex Partners,Free,2,0.0,2024-12-27,2026-12-27,False
BUS-002705,Cobalt Retail,Mid,11,41.69,2026-04-21,2027-04-21,False
BUS-002706,Quantum Builders,Mid,17,53.15,2025-11-04,2026-11-04,False
BUS-002707,Pioneer Works,Free,3,0.0,2024-05-20,2027-05-20,False
BUS-002708,Acme Builders,Mid,5,31.88,2025-10-17,2026-10-17,False
BUS-002709,Globex Consulting,Free,1,0.0,2025-01-10,2027-01-10,False
BUS-002710,Nova Health,Free,1,0.0,2025-03-26,2027-03-26,False
BUS-002711,Quantum Studios,Free,3,0.0,2023-10-27,2026-10-26,False
BUS-002712,Pioneer Health,Free,3,0.0,2025-03-12,2027-03-12,False
BUS-002713,Vertex Partners,Mid,9,40.78,2025-12-26,2026-12-26,False
BUS-002714,Globex Consulting,Free,1,0.0,2024-03-28,2027-03-28,False
BUS-002715,Stellar Logistics,Mid,17,59.42,2025-11-12,2026-11-12,False
BUS-002716,Quantum Consulting,Free,1,0.0,2023-11-26,2026-11-25,False
BUS-002717,Iron Consulting,Free,3,0.0,2024-06-28,2026-06-28,False
BUS-002718,Bright Consulting,Mid,12,67.3,2025-02-17,2027-02-17,False
BUS-002719,Stellar Labs,Mid,15,61.16,2024-07-27,2026-07-27,False
BUS-002720,Iron Logistics,Free,2,0.0,2024-03-26,2027-03-26,False
BUS-002721,Globex Foods,Premium,24,627.96,2025-08-18,2026-08-18,False
BUS-002722,Apex Studios,Mid,11,96.47,2025-09-15,2026-09-15,False
BUS-002723,Nova Foods,Free,1,0.0,2025-01-15,2027-01-15,False
BUS-002724,Quantum Logistics,Premium,75,664.98,2025-12-04,2026-12-04,False
BUS-002725,Cedar Builders,Free,3,0.0,2025-10-25,2026-10-25,False
BUS-002726,Globex Group,Free,1,0.0,2025-05-04,2027-05-04,False
BUS-002727,Quantum Logistics,Free,1,0.0,2025-07-22,2026-07-22,False
BUS-002728,Initech Group,Free,3,0.0,2023-11-11,2026-11-10,False
BUS-002729,Cedar Media,Mid,11,35.61,2024-07-14,2026-07-14,False
BUS-002730,Acme Labs,Free,1,0.0,2026-03-10,2027-03-10,False
BUS-002731,Initech Retail,Free,1,0.0,2025-11-19,2026-11-19,False
BUS-002732,Pioneer Trading,Free,1,0.0,2023-11-17,2026-11-16,False
BUS-002733,Pioneer Media,Mid,14,97.81,2026-03-13,2027-03-13,False
BUS-002734,Summit Health,Free,1,0.0,2023-07-07,2026-07-06,False
BUS-002735,Cobalt Health,Free,1,0.0,2025-07-06,2026-07-06,False
BUS-002736,Vertex Health,Free,1,0.0,2025-06-30,2026-06-30,False
BUS-002737,Apex Partners,Free,1,0.0,2024-07-30,2026-07-30,False
BUS-002738,Acme Trading,Free,2,0.0,2023-09-20,2026-09-19,False
BUS-002739,Harbor Logistics,Mid,3,76.34,2024-12-17,2026-12-17,False
BUS-002740,Nova Supply,Free,3,0.0,2024-10-18,2026-10-18,False
BUS-002741,Bright Studios,Free,1,0.0,2025-01-07,2027-01-07,False
BUS-002742,Globex Auto,Mid,11,45.95,2024-07-15,2026-07-15,False
BUS-002743,Globex Trading,Free,1,0.0,2024-03-27,2027-03-27,False
BUS-002744,Iron Auto,Mid,3,58.47,2024-12-28,2026-12-28,False
BUS-002745,Initech Trading,Mid,3,84.07,2023-05-24,2027-05-23,False
BUS-002746,Apex Builders,Free,1,0.0,2025-08-27,2026-08-27,False
BUS-002747,Cedar Consulting,Mid,4,92.31,2026-04-24,2027-04-24,False
BUS-002748,Quantum Retail,Free,2,0.0,2023-07-19,2026-07-18,False
BUS-002749,Apex Builders,Free,1,0.0,2025-12-24,2026-12-24,False
BUS-002750,Nova Supply,Free,3,0.0,2025-12-21,2026-12-21,False
BUS-002751,Summit Group,Mid,7,80.82,2023-06-01,2027-05-31,False
BUS-002752,Bright Studios,Free,1,0.0,2024-12-23,2026-12-23,False
BUS-002753,Stellar Bakery,Free,3,0.0,2023-12-04,2026-12-03,False
BUS-002754,Iron Trading,Free,2,0.0,2025-11-17,2026-11-17,False
BUS-002755,Pioneer Health,Mid,7,96.18,2024-02-26,2027-02-25,True
BUS-002756,Pioneer Media,Premium,15,261.95,2025-01-20,2027-01-20,False
BUS-002757,Stellar Labs,Free,1,0.0,2024-09-10,2026-09-10,False
BUS-002758,Summit Labs,Mid,10,56.41,2024-01-13,2027-01-12,False
BUS-002759,Vertex Builders,Mid,14,37.63,2024-12-26,2026-12-26,False
BUS-002760,Globex Media,Free,1,0.0,2023-09-24,2026-09-23,False
BUS-002761,Summit Foods,Free,3,0.0,2026-01-07,2027-01-07,False
BUS-002762,Pioneer Retail,Free,1,0.0,2025-03-03,2027-03-03,False
BUS-002763,Quantum Studios,Mid,7,71.1,2025-08-27,2026-08-27,False
BUS-002764,Umbra Trading,Mid,4,36.62,2023-10-16,2026-10-15,False
BUS-002765,Stellar Partners,Mid,6,46.88,2025-10-29,2026-10-29,False
BUS-002766,Quantum Trading,Free,2,0.0,2024-07-12,2026-07-12,False
BUS-002767,Cobalt Media,Premium,14,584.02,2025-11-14,2026-11-14,False
BUS-002768,Bright Labs,Premium,22,427.03,2023-07-14,2026-07-13,False
BUS-002769,Acme Labs,Free,1,0.0,2025-03-03,2027-03-03,False
BUS-002770,Acme Foods,Mid,8,84.5,2025-09-17,2026-09-17,False
BUS-002771,Summit Bakery,Mid,8,63.06,2023-07-21,2026-07-20,False
BUS-002772,Apex Auto,Premium,63,700.0,2025-02-21,2027-02-21,False
BUS-002773,Initech Bakery,Mid,8,39.37,2026-01-06,2027-01-06,True
BUS-002774,Umbra Health,Premium,91,613.12,2024-09-24,2026-09-24,False
BUS-002775,Harbor Labs,Free,2,0.0,2023-08-31,2026-08-30,False
BUS-002776,Vertex Retail,Mid,15,99.79,2025-04-01,2027-04-01,False
BUS-002777,Harbor Media,Mid,11,40.35,2024-12-29,2026-12-29,False
BUS-002778,Globex Health,Free,1,0.0,2024-11-28,2026-11-28,False
BUS-002779,Globex Auto,Free,3,0.0,2024-01-21,2027-01-20,False
BUS-002780,Apex Group,Mid,15,85.44,2025-01-03,2027-01-03,False
BUS-002781,Umbra Bakery,Free,3,0.0,2026-01-30,2027-01-30,False
BUS-002782,Stellar Trading,Mid,9,84.62,2026-03-29,2027-03-29,False
BUS-002783,Apex Supply,Free,1,0.0,2024-04-25,2027-04-25,False
BUS-002784,Apex Studios,Premium,21,640.9,2026-03-10,2027-03-10,False
BUS-002785,Vertex Retail,Mid,4,52.43,2025-02-23,2027-02-23,True
BUS-002786,Globex Group,Free,2,0.0,2024-05-06,2027-05-06,False
BUS-002787,Umbra Partners,Free,1,0.0,2023-11-23,2026-11-22,False
BUS-002788,Cedar Health,Mid,10,59.71,2025-07-16,2026-07-16,False
BUS-002789,Acme Works,Mid,3,38.11,2024-08-20,2026-08-20,False
BUS-002790,Nova Group,Mid,8,50.89,2023-09-01,2026-08-31,False
BUS-002791,Umbra Trading,Free,1,0.0,2024-03-29,2027-03-29,False
BUS-002792,Acme Trading,Free,2,0.0,2023-10-23,2026-10-22,False
BUS-002793,Summit Health,Free,3,0.0,2025-12-23,2026-12-23,False
BUS-002794,Vertex Supply,Mid,17,31.1,2023-10-20,2026-10-19,False
BUS-002795,Apex Health,Mid,14,70.1,2023-12-25,2026-12-24,False
BUS-002796,Summit Studios,Mid,13,72.33,2023-10-13,2026-10-12,True
BUS-002797,Quantum Studios,Free,2,0.0,2024-03-09,2027-03-09,False
BUS-002798,Acme Health,Free,1,0.0,2024-09-09,2026-09-09,False
BUS-002799,Stellar Bakery,Mid,15,98.24,2025-04-01,2027-04-01,False
BUS-002800,Nova Group,Free,1,0.0,2024-09-09,2026-09-09,False
BUS-002801,Bright Labs,Free,3,0.0,2026-01-12,2027-01-12,False
BUS-002802,Iron Group,Premium,70,243.0,2025-09-05,2026-09-05,False
BUS-002803,Stellar Health,Premium,13,535.16,2025-05-13,2027-05-13,False
BUS-002804,Pioneer Foods,Mid,14,45.97,2025-02-07,2027-02-07,False
BUS-002805,Summit Labs,Premium,76,233.11,2026-03-30,2027-03-30,False
BUS-002806,Nova Group,Premium,62,682.37,2025-09-05,2026-09-05,False
BUS-002807,Apex Auto,Free,3,0.0,2025-07-07,2026-07-07,False
BUS-002808,Cedar Logistics,Free,1,0.0,2023-11-27,2026-11-26,False
BUS-002809,Initech Retail,Mid,9,70.1,2024-05-29,2027-05-29,False
BUS-002810,Umbra Studios,Free,2,0.0,2023-12-14,2026-12-13,False
BUS-002811,Umbra Builders,Mid,15,67.0,2024-06-14,2026-06-14,False
BUS-002812,Summit Builders,Mid,15,48.69,2025-07-03,2026-07-03,False
BUS-002813,Quantum Labs,Mid,3,89.82,2025-06-02,2027-06-02,False
BUS-002814,Apex Supply,Free,3,0.0,2023-11-27,2026-11-26,False
BUS-002815,Apex Retail,Free,1,0.0,2025-09-07,2026-09-07,False
BUS-002816,Harbor Labs,Free,3,0.0,2025-04-04,2027-04-04,False
BUS-002817,Globex Builders,Free,1,0.0,2024-03-27,2027-03-27,False
BUS-002818,Harbor Trading,Free,3,0.0,2025-12-06,2026-12-06,False
BUS-002819,Stellar Works,Free,1,0.0,2023-06-01,2027-05-31,False
BUS-002820,Cedar Builders,Mid,13,40.06,2024-04-10,2027-04-10,False
BUS-002821,Iron Health,Free,2,0.0,2023-11-14,2026-11-13,False
BUS-002822,Nova Supply,Free,1,0.0,2023-10-28,2026-10-27,False
BUS-002823,Initech Partners,Mid,9,77.0,2025-07-28,2026-07-28,False
BUS-002824,Vertex Logistics,Mid,16,63.19,2024-03-08,2027-03-08,False
BUS-002825,Cedar Logistics,Mid,7,31.59,2023-05-27,2027-05-26,False
BUS-002826,Initech Studios,Premium,35,271.6,2025-01-14,2027-01-14,False
BUS-002827,Stellar Auto,Premium,50,364.73,2025-05-19,2027-05-19,False
BUS-002828,Iron Labs,Premium,61,215.23,2025-11-23,2026-11-23,False
BUS-002829,Initech Consulting,Free,1,0.0,2025-10-08,2026-10-08,False
BUS-002830,Bright Foods,Free,1,0.0,2025-02-10,2027-02-10,False
BUS-002831,Pioneer Supply,Mid,13,52.24,2023-09-20,2026-09-19,False
BUS-002832,Initech Health,Free,1,0.0,2023-10-31,2026-10-30,False
BUS-002833,Vertex Media,Free,3,0.0,2026-01-24,2027-01-24,False
BUS-002834,Globex Bakery,Free,2,0.0,2024-09-09,2026-09-09,False
BUS-002835,Quantum Works,Free,2,0.0,2026-01-16,2027-01-16,False
BUS-002836,Apex Partners,Free,2,0.0,2025-10-08,2026-10-08,False
BUS-002837,Cobalt Consulting,Free,1,0.0,2023-09-29,2026-09-28,False
BUS-002838,Initech Partners,Premium,19,158.41,2025-06-08,2026-06-08,False
BUS-002839,Umbra Retail,Premium,85,471.75,2025-04-26,2027-04-26,False
BUS-002840,Harbor Partners,Free,2,0.0,2025-05-18,2027-05-18,False
BUS-002841,Quantum Foods,Mid,13,72.45,2025-01-11,2027-01-11,False
BUS-002842,Bright Labs,Premium,75,256.33,2024-07-21,2026-07-21,False
BUS-002843,Acme Partners,Free,3,0.0,2023-10-27,2026-10-26,False
BUS-002844,Umbra Works,Mid,12,68.12,2023-12-09,2026-12-08,False
BUS-002845,Cobalt Foods,Free,1,0.0,2024-01-31,2027-01-30,False
BUS-002846,Acme Auto,Premium,76,617.93,2025-07-08,2026-07-08,False
BUS-002847,Vertex Consulting,Mid,9,67.84,2025-11-13,2026-11-13,False
BUS-002848,Vertex Logistics,Free,2,0.0,2024-07-02,2026-07-02,False
BUS-002849,Acme Media,Premium,96,674.07,2024-04-15,2027-04-15,False
BUS-002850,Cedar Supply,Free,2,0.0,2025-10-02,2026-10-02,False
BUS-002851,Nova Media,Mid,14,35.1,2025-05-13,2027-05-13,True
BUS-002852,Cedar Foods,Mid,10,82.85,2026-02-13,2027-02-13,False
BUS-002853,Acme Consulting,Free,3,0.0,2024-09-20,2026-09-20,False
BUS-002854,Globex Foods,Free,1,0.0,2024-06-26,2026-06-26,False
BUS-002855,Summit Studios,Mid,11,60.32,2024-12-07,2026-12-07,False
BUS-002856,Initech Logistics,Free,3,0.0,2024-06-12,2026-06-12,False
BUS-002857,Iron Trading,Free,2,0.0,2023-06-30,2026-06-29,False
BUS-002858,Apex Works,Mid,10,36.42,2025-05-03,2027-05-03,False
BUS-002859,Acme Works,Free,1,0.0,2025-04-17,2027-04-17,False
BUS-002860,Iron Partners,Free,1,0.0,2025-12-25,2026-12-25,False
BUS-002861,Bright Partners,Mid,10,56.91,2025-07-01,2026-07-01,False
BUS-002862,Stellar Partners,Mid,5,88.59,2025-08-12,2026-08-12,False
BUS-002863,Acme Supply,Premium,14,624.32,2024-07-22,2026-07-22,False
BUS-002864,Cedar Labs,Mid,13,73.76,2025-01-03,2027-01-03,False
BUS-002865,Harbor Works,Mid,16,55.23,2024-02-25,2027-02-24,False
BUS-002866,Vertex Media,Mid,3,77.11,2025-05-26,2027-05-26,False
BUS-002867,Apex Works,Premium,44,300.72,2023-05-28,2027-05-27,False
BUS-002868,Quantum Studios,Mid,6,39.82,2024-09-09,2026-09-09,False
BUS-002869,Quantum Retail,Mid,14,70.32,2024-10-30,2026-10-30,False
BUS-002870,Harbor Supply,Free,3,0.0,2025-10-05,2026-10-05,False
BUS-002871,Vertex Media,Free,1,0.0,2024-07-02,2026-07-02,False
BUS-002872,Vertex Supply,Mid,17,63.83,2024-05-31,2027-05-31,False
BUS-002873,Harbor Auto,Premium,38,671.0,2025-02-03,2027-02-03,False
BUS-002874,Apex Auto,Free,3,0.0,2025-09-29,2026-09-29,False
BUS-002875,Cedar Supply,Free,3,0.0,2023-08-06,2026-08-05,False
BUS-002876,Cobalt Health,Premium,81,344.63,2024-07-17,2026-07-17,False
BUS-002877,Umbra Logistics,Mid,6,30.53,2024-08-15,2026-08-15,False
BUS-002878,Vertex Trading,Premium,24,698.33,2023-08-17,2026-08-16,False
BUS-002879,Quantum Builders,Free,3,0.0,2024-06-20,2026-06-20,False
BUS-002880,Initech Media,Mid,4,88.7,2025-02-28,2027-02-28,False
BUS-002881,Harbor Retail,Free,1,0.0,2024-07-04,2026-07-04,False
BUS-002882,Pioneer Retail,Free,3,0.0,2025-05-14,2027-05-14,False
BUS-002883,Bright Works,Mid,10,80.95,2023-05-26,2027-05-25,True
BUS-002884,Nova Bakery,Premium,15,159.63,2024-11-06,2026-11-06,False
BUS-002885,Pioneer Consulting,Free,1,0.0,2026-02-21,2027-02-21,False
BUS-002886,Cobalt Trading,Free,3,0.0,2025-08-28,2026-08-28,False
BUS-002887,Pioneer Studios,Mid,16,39.21,2023-08-30,2026-08-29,True
BUS-002888,Pioneer Supply,Free,3,0.0,2023-05-22,2027-05-21,False
BUS-002889,Bright Group,Free,1,0.0,2024-06-26,2026-06-26,False
BUS-002890,Bright Works,Free,2,0.0,2023-07-02,2026-07-01,False
BUS-002891,Vertex Studios,Free,2,0.0,2024-08-31,2026-08-31,False
BUS-002892,Harbor Builders,Free,2,0.0,2023-06-25,2026-06-24,False
BUS-002893,Pioneer Media,Free,2,0.0,2023-12-22,2026-12-21,False
BUS-002894,Summit Bakery,Mid,16,72.96,2025-05-05,2027-05-05,False
BUS-002895,Acme Studios,Premium,98,406.86,2024-06-23,2026-06-23,False
BUS-002896,Nova Health,Premium,10,679.49,2026-02-06,2027-02-06,False
BUS-002897,Initech Foods,Free,1,0.0,2025-01-14,2027-01-14,False
BUS-002898,Harbor Logistics,Free,1,0.0,2024-07-06,2026-07-06,False
BUS-002899,Cobalt Trading,Free,2,0.0,2024-06-07,2026-06-07,False
BUS-002900,Vertex Bakery,Free,3,0.0,2023-12-15,2026-12-14,False
BUS-002901,Apex Supply,Free,2,0.0,2023-06-05,2026-06-04,False
BUS-002902,Quantum Group,Mid,14,64.34,2023-07-16,2026-07-15,False
BUS-002903,Summit Group,Free,3,0.0,2023-11-13,2026-11-12,False
BUS-002904,Pioneer Consulting,Free,1,0.0,2025-08-12,2026-08-12,False
BUS-002905,Stellar Consulting,Premium,46,275.49,2025-12-13,2026-12-13,False
BUS-002906,Initech Studios,Mid,15,87.14,2025-08-04,2026-08-04,False
BUS-002907,Summit Logistics,Free,1,0.0,2026-04-20,2027-04-20,False
BUS-002908,Initech Foods,Free,3,0.0,2026-04-18,2027-04-18,False
BUS-002909,Stellar Works,Free,2,0.0,2025-06-11,2026-06-11,False
BUS-002910,Cobalt Supply,Free,3,0.0,2025-05-31,2027-05-31,False
BUS-002911,Vertex Consulting,Free,1,0.0,2023-10-14,2026-10-13,False
BUS-002912,Pioneer Builders,Premium,71,428.56,2024-11-17,2026-11-17,False
BUS-002913,Globex Media,Free,2,0.0,2025-06-22,2026-06-22,False
BUS-002914,Iron Supply,Free,1,0.0,2023-06-23,2026-06-22,False
BUS-002915,Apex Trading,Premium,80,294.65,2025-10-07,2026-10-07,False
BUS-002916,Umbra Partners,Free,1,0.0,2023-11-16,2026-11-15,False
BUS-002917,Stellar Works,Free,2,0.0,2025-02-18,2027-02-18,False
BUS-002918,Acme Media,Mid,14,45.21,2025-04-18,2027-04-18,False
BUS-002919,Bright Consulting,Free,1,0.0,2025-02-20,2027-02-20,False
BUS-002920,Summit Foods,Premium,64,629.64,2025-12-01,2026-12-01,False
BUS-002921,Pioneer Foods,Mid,5,46.55,2025-05-28,2027-05-28,False
BUS-002922,Summit Builders,Mid,16,92.62,2025-03-14,2027-03-14,False
BUS-002923,Cobalt Foods,Free,2,0.0,2023-09-29,2026-09-28,False
BUS-002924,Quantum Labs,Free,2,0.0,2024-09-18,2026-09-18,False
BUS-002925,Umbra Consulting,Mid,7,90.58,2023-07-19,2026-07-18,False
BUS-002926,Acme Consulting,Premium,87,644.92,2023-11-18,2026-11-17,False
BUS-002927,Iron Partners,Mid,10,34.89,2026-01-11,2027-01-11,False
BUS-002928,Quantum Studios,Mid,6,64.32,2024-07-04,2026-07-04,True
BUS-002929,Nova Auto,Free,3,0.0,2025-10-15,2026-10-15,False
BUS-002930,Stellar Consulting,Free,3,0.0,2026-01-13,2027-01-13,False
BUS-002931,Cobalt Works,Free,1,0.0,2024-11-07,2026-11-07,False
BUS-002932,Pioneer Retail,Free,3,0.0,2023-11-19,2026-11-18,False
BUS-002933,Pioneer Consulting,Mid,14,79.35,2024-04-02,2027-04-02,False
BUS-002934,Globex Trading,Free,3,0.0,2024-02-17,2027-02-16,False
BUS-002935,Quantum Supply,Free,2,0.0,2024-08-24,2026-08-24,False
BUS-002936,Initech Auto,Mid,16,70.09,2024-07-17,2026-07-17,True
BUS-002937,Nova Consulting,Mid,5,96.79,2025-10-25,2026-10-25,True
BUS-002938,Initech Health,Mid,14,95.93,2024-05-21,2027-05-21,False
BUS-002939,Stellar Trading,Free,2,0.0,2023-06-22,2026-06-21,False
BUS-002940,Initech Retail,Mid,6,93.82,2024-01-04,2027-01-03,False
BUS-002941,Globex Studios,Mid,10,36.51,2025-09-11,2026-09-11,True
BUS-002942,Iron Group,Mid,4,44.51,2025-09-05,2026-09-05,False
BUS-002943,Globex Bakery,Free,3,0.0,2025-07-23,2026-07-23,False
BUS-002944,Apex Bakery,Mid,14,77.14,2025-09-09,2026-09-09,True
BUS-002945,Umbra Trading,Free,1,0.0,2026-02-08,2027-02-08,False
BUS-002946,Iron Foods,Free,3,0.0,2024-06-01,2027-06-01,False
BUS-002947,Globex Health,Free,3,0.0,2025-02-20,2027-02-20,False
BUS-002948,Vertex Works,Mid,9,56.62,2025-03-04,2027-03-04,False
BUS-002949,Summit Consulting,Mid,13,86.79,2023-06-03,2027-06-02,True
BUS-002950,Apex Studios,Free,2,0.0,2026-03-19,2027-03-19,False
BUS-002951,Nova Studios,Premium,11,495.86,2024-07-05,2026-07-05,False
BUS-002952,Pioneer Auto,Mid,9,39.02,2025-04-03,2027-04-03,False
BUS-002953,Stellar Auto,Mid,16,85.37,2026-05-02,2027-05-02,False
BUS-002954,Acme Bakery,Free,3,0.0,2023-07-23,2026-07-22,False
BUS-002955,Nova Builders,Free,2,0.0,2025-09-04,2026-09-04,False
BUS-002956,Pioneer Supply,Free,2,0.0,2024-07-05,2026-07-05,False
BUS-002957,Acme Builders,Free,1,0.0,2025-02-24,2027-02-24,False
BUS-002958,Globex Group,Premium,29,165.39,2023-08-22,2026-08-21,False
BUS-002959,Cobalt Foods,Free,3,0.0,2025-06-07,2026-06-07,False
BUS-002960,Initech Group,Mid,7,34.22,2025-12-30,2026-12-30,False
BUS-002961,Bright Foods,Free,3,0.0,2026-03-20,2027-03-20,False
BUS-002962,Harbor Media,Free,2,0.0,2025-09-27,2026-09-27,False
BUS-002963,Quantum Health,Free,1,0.0,2026-04-19,2027-04-19,False
BUS-002964,Acme Auto,Free,1,0.0,2025-08-22,2026-08-22,False
BUS-002965,Pioneer Group,Premium,61,723.95,2023-10-23,2026-10-22,False
BUS-002966,Iron Auto,Premium,49,523.74,2024-04-05,2027-04-05,False
BUS-002967,Quantum Builders,Free,2,0.0,2025-05-16,2027-05-16,False
BUS-002968,Cedar Works,Free,1,0.0,2025-07-28,2026-07-28,False
BUS-002969,Globex Bakery,Free,1,0.0,2026-02-03,2027-02-03,False
BUS-002970,Bright Foods,Mid,11,38.58,2025-03-06,2027-03-06,True
BUS-002971,Initech Partners,Free,2,0.0,2024-10-16,2026-10-16,False
BUS-002972,Acme Bakery,Free,3,0.0,2026-02-06,2027-02-06,False
BUS-002973,Acme Bakery,Mid,13,55.64,2025-09-27,2026-09-27,True
BUS-002974,Globex Group,Premium,17,428.07,2025-03-30,2027-03-30,False
BUS-002975,Iron Foods,Free,1,0.0,2026-01-14,2027-01-14,False
BUS-002976,Pioneer Builders,Free,1,0.0,2024-09-22,2026-09-22,False
BUS-002977,Vertex Bakery,Free,1,0.0,2024-02-04,2027-02-03,False
BUS-002978,Pioneer Works,Mid,3,31.22,2023-11-25,2026-11-24,False
BUS-002979,Cobalt Labs,Free,2,0.0,2024-12-01,2026-12-01,False
BUS-002980,Harbor Retail,Free,3,0.0,2026-04-23,2027-04-23,False
BUS-002981,Iron Builders,Premium,35,514.18,2025-06-18,2026-06-18,False
BUS-002982,Initech Foods,Mid,17,57.55,2025-07-04,2026-07-04,True
BUS-002983,Cedar Supply,Mid,14,89.76,2026-03-27,2027-03-27,True
BUS-002984,Harbor Labs,Free,1,0.0,2024-08-06,2026-08-06,False
BUS-002985,Iron Bakery,Mid,15,38.15,2023-11-01,2026-10-31,False
BUS-002986,Quantum Logistics,Premium,14,161.79,2024-11-13,2026-11-13,False
BUS-002987,Harbor Foods,Mid,12,83.01,2024-10-29,2026-10-29,False
BUS-002988,Globex Health,Mid,14,34.6,2025-05-17,2027-05-17,True
BUS-002989,Cobalt Foods,Mid,12,87.52,2024-02-16,2027-02-15,False
BUS-002990,Bright Supply,Mid,6,62.43,2023-11-17,2026-11-16,False
BUS-002991,Umbra Studios,Mid,14,50.48,2024-01-14,2027-01-13,False
BUS-002992,Cobalt Partners,Free,2,0.0,2026-01-24,2027-01-24,False
BUS-002993,Bright Consulting,Mid,6,46.33,2025-05-13,2027-05-13,False
BUS-002994,Summit Bakery,Free,3,0.0,2023-06-14,2026-06-13,False
BUS-002995,Cedar Consulting,Premium,67,634.21,2025-12-18,2026-12-18,False
BUS-002996,Iron Trading,Premium,94,233.74,2025-02-20,2027-02-20,False
BUS-002997,Umbra Logistics,Free,3,0.0,2025-05-18,2027-05-18,False
BUS-002998,Cedar Bakery,Free,1,0.0,2026-03-09,2027-03-09,False
BUS-002999,Iron Studios,Mid,17,95.56,2025-11-14,2026-11-14,False
BUS-003000,Summit Labs,Premium,20,735.61,2026-03-20,2027-03-20,False
BUS-003001,Summit Studios,Mid,16,34.94,2024-02-07,2027-02-06,False
BUS-003002,Pioneer Foods,Free,1,0.0,2023-10-23,2026-10-22,False
BUS-003003,Acme Consulting,Mid,10,98.08,2024-03-30,2027-03-30,False
BUS-003004,Globex Group,Free,1,0.0,2024-11-19,2026-11-19,False
BUS-003005,Vertex Retail,Free,2,0.0,2025-10-25,2026-10-25,False
BUS-003006,Apex Logistics,Free,1,0.0,2024-08-29,2026-08-29,False
BUS-003007,Cobalt Builders,Mid,13,35.88,2025-06-15,2026-06-15,False
BUS-003008,Apex Partners,Mid,12,76.93,2023-07-06,2026-07-05,True
BUS-003009,Umbra Builders,Mid,3,48.7,2024-05-08,2027-05-08,False
BUS-003010,Umbra Auto,Premium,21,624.07,2023-12-19,2026-12-18,False
BUS-003011,Vertex Partners,Free,2,0.0,2024-12-12,2026-12-12,False
BUS-003012,Harbor Supply,Free,3,0.0,2025-01-30,2027-01-30,False
BUS-003013,Vertex Health,Free,2,0.0,2024-02-09,2027-02-08,False
BUS-003014,Summit Supply,Mid,17,72.33,2023-12-23,2026-12-22,False
BUS-003015,Bright Labs,Free,1,0.0,2024-11-08,2026-11-08,False
BUS-003016,Nova Logistics,Free,3,0.0,2024-08-03,2026-08-03,False
BUS-003017,Umbra Supply,Free,1,0.0,2024-06-11,2026-06-11,False
BUS-003018,Bright Builders,Free,2,0.0,2024-12-23,2026-12-23,False
BUS-003019,Quantum Builders,Free,1,0.0,2026-05-04,2027-05-04,False
BUS-003020,Quantum Trading,Free,3,0.0,2023-07-12,2026-07-11,False
BUS-003021,Cobalt Studios,Premium,27,741.01,2024-02-15,2027-02-14,False
BUS-003022,Bright Labs,Premium,77,417.1,2025-12-16,2026-12-16,False
BUS-003023,Umbra Foods,Mid,4,36.24,2025-12-04,2026-12-04,False
BUS-003024,Stellar Group,Free,3,0.0,2025-06-04,2026-06-04,False
BUS-003025,Bright Labs,Free,1,0.0,2023-09-04,2026-09-03,False
BUS-003026,Cedar Media,Free,1,0.0,2026-02-04,2027-02-04,False
BUS-003027,Pioneer Builders,Mid,4,58.04,2026-03-21,2027-03-21,False
BUS-003028,Bright Media,Mid,10,40.13,2025-08-22,2026-08-22,False
BUS-003029,Bright Supply,Mid,16,43.53,2024-09-19,2026-09-19,False
BUS-003030,Initech Studios,Mid,10,82.89,2023-08-17,2026-08-16,False
BUS-003031,Acme Supply,Mid,12,67.68,2026-02-08,2027-02-08,False
BUS-003032,Umbra Builders,Free,3,0.0,2025-07-11,2026-07-11,False
BUS-003033,Umbra Foods,Free,2,0.0,2024-01-08,2027-01-07,False
BUS-003034,Cedar Group,Mid,12,42.93,2024-02-17,2027-02-16,False
BUS-003035,Apex Works,Mid,11,73.22,2024-12-11,2026-12-11,False
BUS-003036,Summit Logistics,Free,3,0.0,2024-03-15,2027-03-15,False
BUS-003037,Harbor Trading,Free,3,0.0,2024-11-16,2026-11-16,False
BUS-003038,Vertex Trading,Free,3,0.0,2025-08-01,2026-08-01,False
BUS-003039,Apex Trading,Mid,15,63.44,2024-04-25,2027-04-25,False
BUS-003040,Initech Group,Free,1,0.0,2023-09-06,2026-09-05,False
BUS-003041,Harbor Foods,Mid,3,45.89,2024-02-16,2027-02-15,False
BUS-003042,Umbra Builders,Free,3,0.0,2025-08-20,2026-08-20,False
BUS-003043,Apex Partners,Free,3,0.0,2026-01-10,2027-01-10,False
BUS-003044,Nova Health,Free,1,0.0,2024-08-26,2026-08-26,False
BUS-003045,Vertex Trading,Free,3,0.0,2024-12-08,2026-12-08,False
BUS-003046,Cedar Group,Free,2,0.0,2024-03-27,2027-03-27,False
BUS-003047,Harbor Group,Free,2,0.0,2026-01-22,2027-01-22,False
BUS-003048,Harbor Group,Free,1,0.0,2024-08-06,2026-08-06,False
BUS-003049,Acme Works,Premium,72,603.76,2024-06-07,2026-06-07,False
BUS-003050,Acme Group,Mid,7,83.76,2025-02-06,2027-02-06,False
BUS-003051,Apex Supply,Free,2,0.0,2024-11-22,2026-11-22,False
BUS-003052,Summit Trading,Mid,16,74.35,2023-12-29,2026-12-28,False
BUS-003053,Pioneer Foods,Free,3,0.0,2024-06-19,2026-06-19,False
BUS-003054,Vertex Consulting,Premium,11,566.88,2023-12-15,2026-12-14,False
BUS-003055,Vertex Works,Free,1,0.0,2024-09-09,2026-09-09,False
BUS-003056,Summit Supply,Free,2,0.0,2023-09-07,2026-09-06,False
BUS-003057,Apex Labs,Free,2,0.0,2025-12-18,2026-12-18,False
BUS-003058,Umbra Logistics,Free,1,0.0,2024-10-06,2026-10-06,False
BUS-003059,Apex Trading,Free,3,0.0,2024-12-06,2026-12-06,False
BUS-003060,Umbra Partners,Free,3,0.0,2026-04-04,2027-04-04,False
BUS-003061,Nova Retail,Mid,9,63.68,2023-07-27,2026-07-26,False
BUS-003062,Iron Labs,Premium,32,496.7,2024-05-01,2027-05-01,False
BUS-003063,Cedar Consulting,Premium,44,417.67,2024-01-19,2027-01-18,False
BUS-003064,Globex Retail,Mid,9,35.33,2025-09-19,2026-09-19,False
BUS-003065,Harbor Foods,Free,1,0.0,2023-08-28,2026-08-27,False
BUS-003066,Globex Works,Free,3,0.0,2024-03-05,2027-03-05,False
BUS-003067,Vertex Health,Mid,16,74.49,2024-04-10,2027-04-10,False
BUS-003068,Harbor Builders,Free,3,0.0,2025-01-13,2027-01-13,False
BUS-003069,Globex Group,Free,2,0.0,2026-01-28,2027-01-28,False
BUS-003070,Summit Works,Free,3,0.0,2024-04-12,2027-04-12,False
BUS-003071,Initech Bakery,Free,1,0.0,2025-03-27,2027-03-27,False
BUS-003072,Iron Health,Free,1,0.0,2025-06-23,2026-06-23,False
BUS-003073,Initech Works,Mid,12,83.57,2023-08-02,2026-08-01,False
BUS-003074,Quantum Health,Free,2,0.0,2025-03-08,2027-03-08,False
BUS-003075,Stellar Supply,Mid,13,81.96,2023-08-06,2026-08-05,True
BUS-003076,Acme Trading,Mid,16,35.09,2023-09-05,2026-09-04,False
BUS-003077,Globex Builders,Mid,4,72.47,2024-03-03,2027-03-03,False
BUS-003078,Globex Supply,Free,3,0.0,2025-04-01,2027-04-01,False
BUS-003079,Nova Builders,Mid,15,98.52,2024-07-08,2026-07-08,False
BUS-003080,Acme Trading,Mid,6,53.17,2025-01-19,2027-01-19,False
BUS-003081,Initech Supply,Premium,99,622.7,2025-10-04,2026-10-04,False
BUS-003082,Initech Group,Free,3,0.0,2024-09-25,2026-09-25,False
BUS-003083,Cedar Builders,Free,1,0.0,2024-10-10,2026-10-10,False
BUS-003084,Globex Retail,Premium,56,306.99,2023-12-11,2026-12-10,False
BUS-003085,Stellar Works,Mid,17,55.31,2025-12-20,2026-12-20,False
BUS-003086,Umbra Studios,Mid,11,37.5,2024-07-17,2026-07-17,False
BUS-003087,Cedar Supply,Free,3,0.0,2023-06-20,2026-06-19,False
BUS-003088,Nova Trading,Mid,12,70.55,2023-05-20,2027-05-19,False
BUS-003089,Nova Partners,Free,2,0.0,2023-08-23,2026-08-22,False
BUS-003090,Cedar Supply,Free,2,0.0,2025-07-27,2026-07-27,False
BUS-003091,Cedar Consulting,Free,1,0.0,2024-03-15,2027-03-15,False
BUS-003092,Iron Consulting,Free,1,0.0,2025-01-26,2027-01-26,False
BUS-003093,Nova Bakery,Free,1,0.0,2025-10-05,2026-10-05,False
BUS-003094,Apex Consulting,Premium,94,479.82,2026-03-04,2027-03-04,False
BUS-003095,Globex Retail,Premium,82,276.05,2025-05-16,2027-05-16,False
BUS-003096,Umbra Labs,Free,1,0.0,2026-02-02,2027-02-02,False
BUS-003097,Acme Logistics,Free,1,0.0,2026-04-30,2027-04-30,False
BUS-003098,Acme Partners,Mid,9,62.29,2024-03-18,2027-03-18,True
BUS-003099,Stellar Auto,Mid,4,30.78,2025-11-14,2026-11-14,False
BUS-003100,Globex Foods,Free,1,0.0,2024-09-20,2026-09-20,False
BUS-003101,Initech Trading,Premium,47,707.13,2024-12-21,2026-12-21,False
BUS-003102,Summit Group,Mid,7,59.48,2025-07-25,2026-07-25,False
BUS-003103,Globex Labs,Premium,85,339.84,2025-10-16,2026-10-16,False
BUS-003104,Apex Consulting,Free,1,0.0,2023-10-11,2026-10-10,False
BUS-003105,Apex Works,Free,2,0.0,2024-06-29,2026-06-29,False
BUS-003106,Apex Group,Mid,8,31.37,2026-01-30,2027-01-30,False
BUS-003107,Apex Auto,Free,1,0.0,2026-04-08,2027-04-08,False
BUS-003108,Quantum Health,Free,1,0.0,2025-11-01,2026-11-01,False
BUS-003109,Umbra Supply,Free,2,0.0,2024-07-10,2026-07-10,False
BUS-003110,Cobalt Trading,Mid,17,94.14,2024-10-31,2026-10-31,False
BUS-003111,Stellar Group,Free,1,0.0,2024-04-12,2027-04-12,False
BUS-003112,Nova Supply,Free,1,0.0,2024-09-09,2026-09-09,False
BUS-003113,Vertex Supply,Free,3,0.0,2024-01-26,2027-01-25,False
BUS-003114,Umbra Partners,Mid,15,31.08,2025-01-10,2027-01-10,False
BUS-003115,Initech Auto,Free,3,0.0,2023-08-15,2026-08-14,False
BUS-003116,Vertex Auto,Free,3,0.0,2023-12-08,2026-12-07,False
BUS-003117,Apex Labs,Free,1,0.0,2023-10-17,2026-10-16,False
BUS-003118,Pioneer Works,Mid,6,38.86,2025-11-07,2026-11-07,True
BUS-003119,Summit Logistics,Mid,13,66.54,2025-04-17,2027-04-17,False
BUS-003120,Initech Works,Mid,3,83.27,2024-04-10,2027-04-10,False
BUS-003121,Umbra Works,Free,3,0.0,2024-07-30,2026-07-30,False
BUS-003122,Nova Partners,Free,2,0.0,2025-11-01,2026-11-01,False
BUS-003123,Initech Bakery,Free,3,0.0,2025-04-21,2027-04-21,False
BUS-003124,Cedar Logistics,Free,3,0.0,2025-07-12,2026-07-12,False
BUS-003125,Vertex Consulting,Mid,12,58.2,2025-07-26,2026-07-26,False
BUS-003126,Initech Works,Free,2,0.0,2024-06-19,2026-06-19,False
BUS-003127,Pioneer Builders,Free,3,0.0,2024-11-09,2026-11-09,False
BUS-003128,Summit Auto,Premium,23,643.98,2024-05-25,2027-05-25,False
BUS-003129,Bright Studios,Free,1,0.0,2024-07-20,2026-07-20,False
BUS-003130,Nova Auto,Free,3,0.0,2025-07-19,2026-07-19,False
BUS-003131,Globex Logistics,Free,1,0.0,2026-03-29,2027-03-29,False
BUS-003132,Globex Works,Mid,6,94.77,2024-06-03,2027-06-03,False
BUS-003133,Cobalt Consulting,Free,1,0.0,2024-10-11,2026-10-11,False
BUS-003134,Cedar Labs,Free,3,0.0,2024-07-02,2026-07-02,False
BUS-003135,Vertex Consulting,Free,2,0.0,2023-06-04,2027-06-03,False
BUS-003136,Bright Logistics,Mid,14,61.68,2025-11-01,2026-11-01,True
BUS-003137,Acme Partners,Free,3,0.0,2024-03-31,2027-03-31,False
BUS-003138,Initech Bakery,Free,2,0.0,2026-01-04,2027-01-04,False
BUS-003139,Umbra Logistics,Mid,3,72.73,2023-09-28,2026-09-27,False
BUS-003140,Globex Auto,Free,2,0.0,2025-11-20,2026-11-20,False
BUS-003141,Nova Retail,Free,2,0.0,2026-01-15,2027-01-15,False
BUS-003142,Bright Media,Free,2,0.0,2025-12-10,2026-12-10,False
BUS-003143,Initech Health,Mid,3,96.99,2024-11-25,2026-11-25,False
BUS-003144,Nova Works,Mid,8,78.94,2025-01-25,2027-01-25,False
BUS-003145,Bright Auto,Free,3,0.0,2025-02-22,2027-02-22,False
BUS-003146,Cobalt Bakery,Free,2,0.0,2024-10-10,2026-10-10,False
BUS-003147,Nova Partners,Free,3,0.0,2025-11-05,2026-11-05,False
BUS-003148,Stellar Logistics,Free,2,0.0,2025-11-16,2026-11-16,False
BUS-003149,Nova Auto,Free,2,0.0,2026-02-01,2027-02-01,False
BUS-003150,Initech Works,Mid,13,72.75,2025-02-04,2027-02-04,False
BUS-003151,Iron Builders,Premium,37,732.49,2024-04-27,2027-04-27,False
BUS-003152,Nova Group,Free,1,0.0,2024-06-13,2026-06-13,False
BUS-003153,Bright Trading,Free,2,0.0,2024-10-22,2026-10-22,False
BUS-003154,Cedar Health,Mid,10,43.56,2025-02-10,2027-02-10,False
BUS-003155,Vertex Media,Premium,74,267.14,2024-08-21,2026-08-21,False
BUS-003156,Nova Trading,Mid,9,94.48,2024-09-01,2026-09-01,False
BUS-003157,Iron Builders,Free,1,0.0,2023-11-04,2026-11-03,False
BUS-003158,Pioneer Supply,Mid,9,55.21,2024-06-16,2026-06-16,False
BUS-003159,Acme Trading,Free,3,0.0,2025-04-25,2027-04-25,False
BUS-003160,Umbra Trading,Free,2,0.0,2024-07-09,2026-07-09,False
BUS-003161,Acme Bakery,Free,3,0.0,2024-08-09,2026-08-09,False
BUS-003162,Iron Supply,Premium,22,720.63,2025-10-11,2026-10-11,False
BUS-003163,Nova Media,Free,3,0.0,2026-03-26,2027-03-26,False
BUS-003164,Vertex Consulting,Mid,14,95.97,2024-02-28,2027-02-27,True
BUS-003165,Harbor Builders,Mid,9,80.2,2024-04-05,2027-04-05,False
BUS-003166,Nova Consulting,Mid,4,77.78,2026-05-03,2027-05-03,False
BUS-003167,Globex Labs,Free,2,0.0,2024-05-03,2027-05-03,False
BUS-003168,Initech Media,Free,2,0.0,2026-01-21,2027-01-21,False
BUS-003169,Pioneer Builders,Free,1,0.0,2025-04-25,2027-04-25,False
BUS-003170,Globex Works,Free,3,0.0,2024-06-08,2026-06-08,False
BUS-003171,Iron Retail,Free,2,0.0,2025-10-12,2026-10-12,False
BUS-003172,Pioneer Labs,Mid,10,71.65,2026-01-23,2027-01-23,False
BUS-003173,Globex Labs,Premium,95,600.6,2025-12-21,2026-12-21,False
BUS-003174,Summit Labs,Premium,46,724.44,2025-02-16,2027-02-16,False
BUS-003175,Acme Builders,Free,3,0.0,2025-09-04,2026-09-04,False
BUS-003176,Bright Trading,Free,1,0.0,2025-02-19,2027-02-19,False
BUS-003177,Initech Logistics,Free,3,0.0,2024-09-29,2026-09-29,False
BUS-003178,Quantum Media,Free,3,0.0,2025-10-24,2026-10-24,False
BUS-003179,Pioneer Foods,Premium,88,685.14,2024-04-29,2027-04-29,False
BUS-003180,Globex Auto,Premium,97,490.25,2025-07-08,2026-07-08,False
BUS-003181,Bright Partners,Free,1,0.0,2026-01-03,2027-01-03,False
BUS-003182,Bright Trading,Mid,12,30.91,2026-03-26,2027-03-26,False
BUS-003183,Cobalt Builders,Free,2,0.0,2023-11-17,2026-11-16,False
BUS-003184,Cobalt Builders,Free,3,0.0,2024-12-26,2026-12-26,False
BUS-003185,Summit Health,Mid,5,80.17,2025-02-12,2027-02-12,False
BUS-003186,Cobalt Works,Mid,8,90.33,2026-03-23,2027-03-23,True
BUS-003187,Harbor Labs,Free,1,0.0,2024-06-19,2026-06-19,False
BUS-003188,Acme Logistics,Free,3,0.0,2024-05-22,2027-05-22,False
BUS-003189,Cedar Studios,Free,2,0.0,2024-08-01,2026-08-01,False
BUS-003190,Cedar Consulting,Premium,33,321.52,2023-10-07,2026-10-06,False
BUS-003191,Quantum Health,Mid,13,43.07,2025-07-02,2026-07-02,False
BUS-003192,Acme Trading,Free,1,0.0,2025-12-13,2026-12-13,False
BUS-003193,Globex Auto,Mid,13,92.65,2023-12-23,2026-12-22,False
BUS-003194,Cedar Foods,Free,3,0.0,2024-01-08,2027-01-07,False
BUS-003195,Apex Supply,Free,1,0.0,2025-11-04,2026-11-04,False
BUS-003196,Summit Media,Free,1,0.0,2026-04-21,2027-04-21,False
BUS-003197,Harbor Consulting,Premium,68,350.45,2023-10-24,2026-10-23,False
BUS-003198,Summit Consulting,Free,3,0.0,2023-12-19,2026-12-18,False
BUS-003199,Bright Consulting,Free,1,0.0,2024-12-28,2026-12-28,False
BUS-003200,Vertex Logistics,Mid,17,78.6,2023-10-10,2026-10-09,False
BUS-003201,Nova Labs,Free,2,0.0,2026-03-15,2027-03-15,False
BUS-003202,Vertex Foods,Premium,24,204.5,2024-05-29,2027-05-29,False
BUS-003203,Vertex Bakery,Mid,11,30.43,2025-04-12,2027-04-12,False
BUS-003204,Umbra Partners,Mid,12,80.79,2025-05-19,2027-05-19,True
BUS-003205,Umbra Group,Mid,13,55.62,2025-10-23,2026-10-23,False
BUS-003206,Initech Media,Free,2,0.0,2024-06-23,2026-06-23,False
BUS-003207,Umbra Supply,Mid,10,78.32,2023-09-14,2026-09-13,True
BUS-003208,Cobalt Retail,Mid,3,79.62,2024-06-08,2026-06-08,False
BUS-003209,Cobalt Consulting,Free,2,0.0,2025-06-22,2026-06-22,False
BUS-003210,Umbra Studios,Mid,7,53.22,2024-08-06,2026-08-06,False
BUS-003211,Acme Trading,Free,2,0.0,2025-06-06,2026-06-06,False
BUS-003212,Nova Foods,Free,1,0.0,2024-09-08,2026-09-08,False
BUS-003213,Cedar Logistics,Free,1,0.0,2026-01-03,2027-01-03,False
BUS-003214,Stellar Studios,Free,2,0.0,2024-10-11,2026-10-11,False
BUS-003215,Bright Auto,Premium,77,598.66,2025-12-20,2026-12-20,False
BUS-003216,Acme Studios,Mid,14,43.74,2026-04-14,2027-04-14,False
BUS-003217,Cedar Studios,Free,1,0.0,2026-01-21,2027-01-21,False
BUS-003218,Iron Partners,Free,1,0.0,2025-08-10,2026-08-10,False
BUS-003219,Quantum Auto,Free,1,0.0,2025-10-05,2026-10-05,False
BUS-003220,Bright Media,Mid,3,92.9,2025-08-10,2026-08-10,False
BUS-003221,Acme Trading,Premium,62,302.08,2025-03-27,2027-03-27,False
BUS-003222,Iron Works,Free,3,0.0,2025-01-17,2027-01-17,False
BUS-003223,Quantum Studios,Free,2,0.0,2025-10-20,2026-10-20,False
BUS-003224,Initech Group,Mid,13,31.6,2025-06-07,2026-06-07,False
BUS-003225,Apex Trading,Mid,16,78.01,2025-12-04,2026-12-04,False
BUS-003226,Umbra Labs,Premium,30,499.22,2025-02-12,2027-02-12,False
BUS-003227,Initech Supply,Free,3,0.0,2024-10-16,2026-10-16,False
BUS-003228,Stellar Bakery,Free,1,0.0,2025-11-19,2026-11-19,False
BUS-003229,Globex Auto,Free,1,0.0,2023-07-13,2026-07-12,False
BUS-003230,Apex Works,Free,2,0.0,2023-12-31,2026-12-30,False
BUS-003231,Nova Logistics,Premium,15,379.9,2024-02-18,2027-02-17,False
BUS-003232,Summit Builders,Mid,15,57.56,2024-04-24,2027-04-24,True
BUS-003233,Bright Supply,Free,1,0.0,2023-11-13,2026-11-12,False
BUS-003234,Quantum Group,Premium,97,333.7,2025-04-13,2027-04-13,False
BUS-003235,Vertex Works,Free,2,0.0,2024-03-24,2027-03-24,False
BUS-003236,Nova Group,Free,1,0.0,2024-03-06,2027-03-06,False
BUS-003237,Cedar Retail,Premium,25,203.08,2025-07-08,2026-07-08,False
BUS-003238,Harbor Builders,Mid,13,39.62,2024-05-31,2027-05-31,False
BUS-003239,Globex Partners,Mid,4,77.54,2023-06-18,2026-06-17,False
BUS-003240,Bright Studios,Premium,86,720.22,2025-10-16,2026-10-16,False
BUS-003241,Apex Builders,Mid,14,51.78,2025-11-12,2026-11-12,False
BUS-003242,Quantum Studios,Free,3,0.0,2024-06-10,2026-06-10,False
BUS-003243,Globex Auto,Mid,7,96.31,2025-04-17,2027-04-17,False
BUS-003244,Cedar Retail,Free,1,0.0,2024-12-18,2026-12-18,False
BUS-003245,Initech Logistics,Premium,14,635.35,2024-12-27,2026-12-27,False
BUS-003246,Pioneer Builders,Mid,8,89.38,2023-07-17,2026-07-16,False
BUS-003247,Cedar Partners,Free,2,0.0,2024-02-25,2027-02-24,False
BUS-003248,Cedar Media,Free,2,0.0,2024-02-02,2027-02-01,False
BUS-003249,Pioneer Partners,Premium,56,730.23,2023-11-22,2026-11-21,False
BUS-003250,Apex Logistics,Premium,44,385.82,2023-07-10,2026-07-09,False
BUS-003251,Initech Consulting,Free,2,0.0,2025-08-18,2026-08-18,False
BUS-003252,Acme Media,Free,2,0.0,2026-03-20,2027-03-20,False
BUS-003253,Initech Media,Premium,89,700.24,2024-08-15,2026-08-15,False
BUS-003254,Harbor Auto,Free,2,0.0,2025-07-16,2026-07-16,False
BUS-003255,Quantum Labs,Mid,9,51.15,2023-11-02,2026-11-01,False
BUS-003256,Quantum Auto,Free,2,0.0,2025-07-29,2026-07-29,False
BUS-003257,Umbra Health,Mid,12,99.11,2024-11-06,2026-11-06,False
BUS-003258,Stellar Foods,Free,3,0.0,2024-11-08,2026-11-08,False
BUS-003259,Harbor Health,Mid,5,95.87,2025-09-08,2026-09-08,False
BUS-003260,Bright Foods,Free,1,0.0,2023-10-20,2026-10-19,False
BUS-003261,Umbra Partners,Mid,10,45.82,2026-03-28,2027-03-28,True
BUS-003262,Umbra Logistics,Premium,55,701.85,2025-07-18,2026-07-18,False
BUS-003263,Initech Builders,Free,3,0.0,2023-11-02,2026-11-01,False
BUS-003264,Cedar Consulting,Free,1,0.0,2024-04-22,2027-04-22,False
BUS-003265,Cedar Builders,Free,3,0.0,2023-10-04,2026-10-03,False
BUS-003266,Cobalt Retail,Mid,13,92.32,2023-07-19,2026-07-18,True
BUS-003267,Bright Media,Mid,5,90.88,2026-03-14,2027-03-14,False
BUS-003268,Iron Works,Premium,28,283.54,2023-11-06,2026-11-05,False
BUS-003269,Harbor Group,Free,2,0.0,2024-02-05,2027-02-04,False
BUS-003270,Umbra Builders,Free,2,0.0,2026-04-28,2027-04-28,False
BUS-003271,Nova Works,Premium,92,646.45,2024-05-03,2027-05-03,False
BUS-003272,Harbor Trading,Premium,18,164.75,2024-04-12,2027-04-12,False
BUS-003273,Vertex Studios,Free,1,0.0,2023-08-18,2026-08-17,False
BUS-003274,Iron Retail,Free,1,0.0,2024-07-19,2026-07-19,False
BUS-003275,Quantum Bakery,Free,1,0.0,2024-08-26,2026-08-26,False
BUS-003276,Vertex Trading,Mid,6,83.41,2025-11-08,2026-11-08,False
BUS-003277,Pioneer Auto,Free,1,0.0,2024-03-21,2027-03-21,False
BUS-003278,Acme Consulting,Mid,11,84.29,2025-05-09,2027-05-09,False
BUS-003279,Pioneer Auto,Mid,13,89.92,2024-12-16,2026-12-16,False
BUS-003280,Nova Consulting,Mid,16,76.15,2025-02-22,2027-02-22,False
BUS-003281,Quantum Retail,Free,3,0.0,2023-11-10,2026-11-09,False
BUS-003282,Summit Auto,Premium,87,514.75,2026-05-02,2027-05-02,False
BUS-003283,Pioneer Foods,Premium,98,566.1,2025-02-04,2027-02-04,False
BUS-003284,Initech Auto,Free,2,0.0,2023-12-12,2026-12-11,False
BUS-003285,Iron Trading,Premium,70,388.26,2026-01-24,2027-01-24,False
BUS-003286,Umbra Consulting,Free,2,0.0,2023-07-20,2026-07-19,False
BUS-003287,Umbra Studios,Mid,6,56.68,2025-10-14,2026-10-14,True
BUS-003288,Vertex Logistics,Free,2,0.0,2025-02-03,2027-02-03,False
BUS-003289,Cedar Builders,Premium,73,549.73,2023-11-26,2026-11-25,False
BUS-003290,Nova Studios,Mid,10,44.02,2023-11-10,2026-11-09,False
BUS-003291,Nova Consulting,Free,1,0.0,2025-06-26,2026-06-26,False
BUS-003292,Summit Builders,Premium,75,160.13,2025-09-29,2026-09-29,False
BUS-003293,Vertex Consulting,Premium,54,486.13,2025-06-23,2026-06-23,False
BUS-003294,Harbor Retail,Mid,8,58.35,2024-03-23,2027-03-23,False
BUS-003295,Quantum Partners,Free,1,0.0,2024-02-27,2027-02-26,False
BUS-003296,Globex Builders,Premium,41,190.0,2025-09-12,2026-09-12,False
BUS-003297,Umbra Foods,Free,2,0.0,2024-10-17,2026-10-17,False
BUS-003298,Quantum Health,Free,3,0.0,2024-07-28,2026-07-28,False
BUS-003299,Initech Foods,Mid,13,69.32,2025-07-04,2026-07-04,True
BUS-003300,Summit Supply,Mid,5,58.09,2026-01-07,2027-01-07,False
BUS-003301,Pioneer Supply,Free,3,0.0,2023-09-08,2026-09-07,False
BUS-003302,Cobalt Trading,Free,3,0.0,2024-10-15,2026-10-15,False
BUS-003303,Vertex Logistics,Free,2,0.0,2025-12-07,2026-12-07,False
BUS-003304,Initech Logistics,Free,2,0.0,2024-11-02,2026-11-02,False
BUS-003305,Acme Logistics,Mid,17,77.13,2024-06-28,2026-06-28,False
BUS-003306,Iron Partners,Mid,9,71.47,2025-02-25,2027-02-25,False
BUS-003307,Cobalt Labs,Free,1,0.0,2026-01-01,2027-01-01,False
BUS-003308,Acme Logistics,Mid,3,47.75,2023-11-26,2026-11-25,False
BUS-003309,Initech Studios,Mid,13,64.73,2025-07-30,2026-07-30,False
BUS-003310,Bright Supply,Free,1,0.0,2024-12-22,2026-12-22,False
BUS-003311,Apex Trading,Free,3,0.0,2023-10-18,2026-10-17,False
BUS-003312,Cobalt Partners,Mid,11,63.22,2025-12-04,2026-12-04,True
BUS-003313,Nova Works,Free,3,0.0,2025-04-20,2027-04-20,False
BUS-003314,Cobalt Group,Mid,13,83.52,2023-10-05,2026-10-04,False
BUS-003315,Summit Retail,Free,3,0.0,2025-03-05,2027-03-05,False
BUS-003316,Harbor Health,Free,1,0.0,2024-03-13,2027-03-13,False
BUS-003317,Vertex Foods,Free,3,0.0,2024-06-18,2026-06-18,False
BUS-003318,Umbra Logistics,Free,1,0.0,2025-06-14,2026-06-14,False
BUS-003319,Cobalt Supply,Free,1,0.0,2024-05-20,2027-05-20,False
BUS-003320,Summit Partners,Free,2,0.0,2023-10-13,2026-10-12,False
BUS-003321,Nova Group,Free,1,0.0,2026-05-02,2027-05-02,False
BUS-003322,Bright Partners,Premium,69,387.39,2024-08-09,2026-08-09,False
BUS-003323,Iron Health,Free,3,0.0,2023-10-30,2026-10-29,False
BUS-003324,Apex Auto,Premium,21,401.87,2025-03-18,2027-03-18,False
BUS-003325,Harbor Trading,Free,1,0.0,2024-11-24,2026-11-24,False
BUS-003326,Harbor Foods,Free,1,0.0,2024-05-12,2027-05-12,False
BUS-003327,Cedar Group,Free,1,0.0,2024-03-05,2027-03-05,False
BUS-003328,Pioneer Studios,Mid,10,60.9,2025-09-21,2026-09-21,False
BUS-003329,Pioneer Works,Mid,9,45.59,2025-03-09,2027-03-09,True
BUS-003330,Vertex Works,Mid,5,55.76,2025-09-21,2026-09-21,True
BUS-003331,Summit Foods,Free,1,0.0,2023-12-13,2026-12-12,False
BUS-003332,Harbor Supply,Premium,50,518.45,2023-05-26,2027-05-25,False
BUS-003333,Bright Foods,Free,2,0.0,2024-01-08,2027-01-07,False
BUS-003334,Summit Foods,Free,2,0.0,2024-11-14,2026-11-14,False
BUS-003335,Summit Bakery,Free,2,0.0,2025-12-06,2026-12-06,False
BUS-003336,Quantum Builders,Free,3,0.0,2024-12-20,2026-12-20,False
BUS-003337,Quantum Builders,Free,2,0.0,2024-09-28,2026-09-28,False
BUS-003338,Nova Foods,Premium,43,160.31,2025-05-19,2027-05-19,False
BUS-003339,Bright Studios,Free,2,0.0,2023-07-14,2026-07-13,False
BUS-003340,Cedar Bakery,Mid,10,80.65,2025-02-11,2027-02-11,False
BUS-003341,Iron Studios,Free,1,0.0,2026-04-18,2027-04-18,False
BUS-003342,Cobalt Trading,Free,1,0.0,2025-09-11,2026-09-11,False
BUS-003343,Pioneer Retail,Free,2,0.0,2023-06-07,2026-06-06,False
BUS-003344,Pioneer Media,Free,3,0.0,2024-01-10,2027-01-09,False
BUS-003345,Nova Trading,Free,3,0.0,2025-08-07,2026-08-07,False
BUS-003346,Cedar Group,Free,1,0.0,2024-08-24,2026-08-24,False
BUS-003347,Quantum Trading,Mid,9,95.02,2025-07-05,2026-07-05,False
BUS-003348,Umbra Retail,Mid,5,92.81,2024-05-06,2027-05-06,True
BUS-003349,Apex Retail,Mid,10,53.33,2024-02-19,2027-02-18,False
BUS-003350,Acme Group,Free,2,0.0,2023-09-12,2026-09-11,False
BUS-003351,Initech Builders,Premium,20,703.62,2025-02-11,2027-02-11,False
BUS-003352,Apex Supply,Mid,11,50.88,2024-11-19,2026-11-19,False
BUS-003353,Pioneer Trading,Free,1,0.0,2025-02-02,2027-02-02,False
BUS-003354,Bright Consulting,Premium,47,684.15,2025-04-09,2027-04-09,False
BUS-003355,Stellar Health,Premium,27,170.09,2024-12-11,2026-12-11,False
BUS-003356,Bright Retail,Free,1,0.0,2024-11-08,2026-11-08,False
BUS-003357,Bright Supply,Mid,3,51.09,2023-10-24,2026-10-23,False
BUS-003358,Harbor Studios,Mid,11,88.18,2026-02-27,2027-02-27,False
BUS-003359,Initech Partners,Mid,7,56.7,2026-01-22,2027-01-22,True
BUS-003360,Iron Builders,Free,2,0.0,2025-12-24,2026-12-24,False
BUS-003361,Stellar Media,Free,1,0.0,2024-08-24,2026-08-24,False
BUS-003362,Globex Consulting,Free,1,0.0,2024-04-14,2027-04-14,False
BUS-003363,Bright Supply,Free,3,0.0,2024-10-07,2026-10-07,False
BUS-003364,Vertex Retail,Free,2,0.0,2024-06-14,2026-06-14,False
BUS-003365,Quantum Labs,Free,3,0.0,2025-06-25,2026-06-25,False
BUS-003366,Apex Bakery,Free,1,0.0,2024-06-27,2026-06-27,False
BUS-003367,Acme Foods,Free,1,0.0,2025-01-19,2027-01-19,False
BUS-003368,Iron Logistics,Free,2,0.0,2023-09-18,2026-09-17,False
BUS-003369,Pioneer Labs,Mid,4,76.92,2023-12-10,2026-12-09,False
BUS-003370,Cobalt Auto,Free,2,0.0,2025-07-18,2026-07-18,False
BUS-003371,Pioneer Retail,Mid,8,47.44,2026-01-08,2027-01-08,False
BUS-003372,Cedar Partners,Free,1,0.0,2025-01-17,2027-01-17,False
BUS-003373,Cedar Studios,Free,1,0.0,2025-02-15,2027-02-15,False
BUS-003374,Iron Logistics,Free,3,0.0,2024-09-05,2026-09-05,False
BUS-003375,Initech Works,Premium,84,635.7,2026-04-01,2027-04-01,False
BUS-003376,Pioneer Trading,Mid,5,76.33,2025-08-06,2026-08-06,False
BUS-003377,Cedar Works,Free,3,0.0,2024-01-08,2027-01-07,False
BUS-003378,Cobalt Media,Mid,4,88.22,2023-09-02,2026-09-01,False
BUS-003379,Globex Supply,Mid,9,37.41,2025-04-25,2027-04-25,False
BUS-003380,Iron Studios,Free,3,0.0,2025-01-24,2027-01-24,False
BUS-003381,Initech Consulting,Mid,10,74.02,2024-06-08,2026-06-08,False
BUS-003382,Harbor Supply,Free,3,0.0,2026-02-11,2027-02-11,False
BUS-003383,Cedar Studios,Free,3,0.0,2024-10-04,2026-10-04,False
BUS-003384,Iron Logistics,Premium,72,299.46,2025-04-15,2027-04-15,False
BUS-003385,Umbra Works,Mid,4,39.1,2025-11-09,2026-11-09,False
BUS-003386,Bright Trading,Premium,15,291.42,2024-05-25,2027-05-25,False
BUS-003387,Globex Partners,Mid,17,98.32,2025-12-04,2026-12-04,False
BUS-003388,Nova Auto,Free,1,0.0,2025-01-28,2027-01-28,False
BUS-003389,Pioneer Consulting,Free,3,0.0,2024-12-05,2026-12-05,False
BUS-003390,Vertex Consulting,Mid,14,92.0,2025-09-22,2026-09-22,False
BUS-003391,Cedar Foods,Free,2,0.0,2024-03-01,2027-03-01,False
BUS-003392,Vertex Labs,Free,2,0.0,2025-04-27,2027-04-27,False
BUS-003393,Nova Bakery,Free,2,0.0,2025-07-02,2026-07-02,False
BUS-003394,Cedar Supply,Free,2,0.0,2024-07-17,2026-07-17,False
BUS-003395,Stellar Retail,Mid,6,93.61,2026-05-01,2027-05-01,False
BUS-003396,Summit Partners,Premium,47,331.23,2026-03-28,2027-03-28,False
BUS-003397,Acme Builders,Free,3,0.0,2024-06-26,2026-06-26,False
BUS-003398,Pioneer Supply,Free,1,0.0,2026-04-13,2027-04-13,False
BUS-003399,Iron Partners,Mid,13,54.46,2024-08-01,2026-08-01,False
BUS-003400,Apex Group,Free,3,0.0,2025-04-27,2027-04-27,False
BUS-003401,Cedar Consulting,Mid,6,41.2,2024-07-25,2026-07-25,False
BUS-003402,Harbor Consulting,Free,2,0.0,2023-09-06,2026-09-05,False
BUS-003403,Acme Group,Free,2,0.0,2025-06-24,2026-06-24,False
BUS-003404,Initech Studios,Free,2,0.0,2024-05-19,2027-05-19,False
BUS-003405,Vertex Studios,Mid,5,31.94,2024-04-09,2027-04-09,False
BUS-003406,Nova Media,Mid,4,34.99,2024-01-15,2027-01-14,False
BUS-003407,Quantum Group,Free,3,0.0,2024-02-01,2027-01-31,False
BUS-003408,Bright Consulting,Free,3,0.0,2025-06-23,2026-06-23,False
BUS-003409,Apex Logistics,Mid,14,50.77,2025-05-01,2027-05-01,True
BUS-003410,Acme Media,Free,2,0.0,2023-06-16,2026-06-15,False
BUS-003411,Quantum Trading,Free,1,0.0,2025-09-27,2026-09-27,False
BUS-003412,Vertex Logistics,Free,3,0.0,2025-01-30,2027-01-30,False
BUS-003413,Vertex Logistics,Mid,4,42.37,2025-06-28,2026-06-28,True
BUS-003414,Umbra Auto,Free,2,0.0,2023-06-22,2026-06-21,False
BUS-003415,Cobalt Supply,Free,2,0.0,2024-01-01,2026-12-31,False
BUS-003416,Umbra Media,Free,1,0.0,2025-10-04,2026-10-04,False
BUS-003417,Apex Health,Free,3,0.0,2026-01-05,2027-01-05,False
BUS-003418,Globex Supply,Premium,27,652.3,2026-05-03,2027-05-03,False
BUS-003419,Iron Partners,Free,3,0.0,2023-07-20,2026-07-19,False
BUS-003420,Harbor Supply,Free,2,0.0,2023-06-03,2027-06-02,False
BUS-003421,Umbra Group,Mid,7,96.2,2024-02-07,2027-02-06,False
BUS-003422,Nova Group,Mid,6,50.73,2025-04-30,2027-04-30,True
BUS-003423,Initech Trading,Mid,5,35.26,2025-04-25,2027-04-25,True
BUS-003424,Stellar Bakery,Free,3,0.0,2024-12-02,2026-12-02,False
BUS-003425,Umbra Logistics,Free,2,0.0,2023-06-23,2026-06-22,False
BUS-003426,Nova Group,Free,3,0.0,2023-11-02,2026-11-01,False
BUS-003427,Umbra Consulting,Mid,12,98.37,2024-10-13,2026-10-13,False
BUS-003428,Acme Trading,Free,1,0.0,2025-09-19,2026-09-19,False
BUS-003429,Bright Labs,Free,2,0.0,2023-12-22,2026-12-21,False
BUS-003430,Pioneer Retail,Mid,14,41.77,2026-04-30,2027-04-30,True
BUS-003431,Umbra Labs,Mid,11,53.57,2024-02-13,2027-02-12,False
BUS-003432,Vertex Builders,Free,1,0.0,2024-07-05,2026-07-05,False
BUS-003433,Acme Auto,Free,3,0.0,2025-01-08,2027-01-08,False
BUS-003434,Globex Trading,Mid,5,94.74,2025-05-19,2027-05-19,False
BUS-003435,Vertex Works,Free,3,0.0,2023-12-01,2026-11-30,False
BUS-003436,Stellar Supply,Mid,17,47.08,2025-01-24,2027-01-24,False
BUS-003437,Bright Logistics,Mid,17,97.18,2025-02-19,2027-02-19,False
BUS-003438,Apex Consulting,Free,3,0.0,2025-09-13,2026-09-13,False
BUS-003439,Bright Health,Free,1,0.0,2024-12-13,2026-12-13,False
BUS-003440,Stellar Studios,Premium,23,150.49,2025-12-03,2026-12-03,False
BUS-003441,Nova Bakery,Mid,15,40.98,2025-01-27,2027-01-27,False
BUS-003442,Vertex Works,Mid,16,65.57,2025-01-31,2027-01-31,False
BUS-003443,Acme Supply,Mid,14,89.93,2023-09-01,2026-08-31,False
BUS-003444,Globex Group,Premium,71,445.81,2025-10-22,2026-10-22,False
BUS-003445,Umbra Builders,Mid,14,55.92,2025-05-27,2027-05-27,True
BUS-003446,Iron Works,Free,1,0.0,2025-08-17,2026-08-17,False
BUS-003447,Umbra Auto,Premium,24,426.39,2023-07-09,2026-07-08,False
BUS-003448,Summit Auto,Premium,63,497.73,2024-12-15,2026-12-15,False
BUS-003449,Nova Supply,Mid,5,81.41,2026-03-31,2027-03-31,False
BUS-003450,Apex Consulting,Free,3,0.0,2024-02-07,2027-02-06,False
BUS-003451,Iron Retail,Mid,8,70.23,2025-10-24,2026-10-24,True
BUS-003452,Harbor Media,Free,3,0.0,2025-06-06,2026-06-06,False
BUS-003453,Acme Works,Free,2,0.0,2023-11-25,2026-11-24,False
BUS-003454,Cobalt Studios,Mid,17,39.56,2026-03-19,2027-03-19,False
BUS-003455,Iron Supply,Mid,9,59.61,2024-08-19,2026-08-19,True
BUS-003456,Iron Health,Free,3,0.0,2026-04-27,2027-04-27,False
BUS-003457,Summit Supply,Mid,10,47.84,2024-05-14,2027-05-14,False
BUS-003458,Summit Bakery,Free,3,0.0,2025-04-03,2027-04-03,False
BUS-003459,Iron Media,Free,1,0.0,2024-09-20,2026-09-20,False
BUS-003460,Apex Health,Free,3,0.0,2025-09-28,2026-09-28,False
BUS-003461,Vertex Supply,Mid,11,31.96,2024-09-18,2026-09-18,False
BUS-003462,Globex Consulting,Premium,51,728.91,2025-09-04,2026-09-04,False
BUS-003463,Apex Supply,Free,2,0.0,2026-02-13,2027-02-13,False
BUS-003464,Acme Consulting,Free,3,0.0,2025-12-30,2026-12-30,False
BUS-003465,Umbra Foods,Free,2,0.0,2024-04-30,2027-04-30,False
BUS-003466,Globex Media,Free,3,0.0,2025-04-10,2027-04-10,False
BUS-003467,Cobalt Builders,Free,3,0.0,2025-01-04,2027-01-04,False
BUS-003468,Quantum Labs,Mid,14,99.64,2024-05-23,2027-05-23,False
BUS-003469,Acme Trading,Free,2,0.0,2024-04-06,2027-04-06,False
BUS-003470,Apex Supply,Free,1,0.0,2024-05-28,2027-05-28,False
BUS-003471,Stellar Labs,Free,3,0.0,2024-05-06,2027-05-06,False
BUS-003472,Cedar Retail,Premium,55,382.44,2025-10-18,2026-10-18,False
BUS-003473,Globex Partners,Mid,11,76.55,2024-09-09,2026-09-09,False
BUS-003474,Vertex Group,Premium,12,542.18,2023-09-11,2026-09-10,False
BUS-003475,Bright Auto,Premium,14,168.74,2025-03-13,2027-03-13,False
BUS-003476,Summit Health,Premium,25,178.56,2024-10-26,2026-10-26,False
BUS-003477,Apex Partners,Premium,42,228.92,2026-02-05,2027-02-05,False
BUS-003478,Apex Auto,Free,2,0.0,2023-12-22,2026-12-21,False
BUS-003479,Nova Studios,Free,1,0.0,2024-03-22,2027-03-22,False
BUS-003480,Cobalt Studios,Free,2,0.0,2023-11-23,2026-11-22,False
BUS-003481,Vertex Consulting,Free,2,0.0,2025-05-04,2027-05-04,False
BUS-003482,Quantum Retail,Free,1,0.0,2024-06-24,2026-06-24,False
BUS-003483,Acme Builders,Premium,92,545.94,2023-11-16,2026-11-15,False
BUS-003484,Summit Health,Free,2,0.0,2024-02-28,2027-02-27,False
BUS-003485,Harbor Consulting,Mid,8,56.07,2025-02-02,2027-02-02,False
BUS-003486,Harbor Labs,Free,1,0.0,2025-01-28,2027-01-28,False
BUS-003487,Summit Media,Free,1,0.0,2025-07-28,2026-07-28,False
BUS-003488,Quantum Supply,Mid,6,37.11,2026-01-09,2027-01-09,True
BUS-003489,Initech Partners,Free,1,0.0,2025-10-29,2026-10-29,False
BUS-003490,Iron Partners,Free,3,0.0,2025-07-15,2026-07-15,False
BUS-003491,Pioneer Media,Free,2,0.0,2024-12-16,2026-12-16,False
BUS-003492,Summit Consulting,Mid,8,68.79,2025-05-19,2027-05-19,False
BUS-003493,Umbra Media,Mid,8,39.8,2024-08-02,2026-08-02,True
BUS-003494,Iron Logistics,Free,3,0.0,2025-11-13,2026-11-13,False
BUS-003495,Pioneer Health,Free,1,0.0,2026-01-28,2027-01-28,False
BUS-003496,Quantum Auto,Mid,7,61.38,2024-08-13,2026-08-13,False
BUS-003497,Summit Bakery,Mid,8,84.07,2024-09-02,2026-09-02,False
BUS-003498,Iron Retail,Mid,16,62.29,2024-05-05,2027-05-05,False
BUS-003499,Globex Media,Free,3,0.0,2025-03-14,2027-03-14,False
BUS-003500,Quantum Retail,Free,3,0.0,2026-03-03,2027-03-03,False
BUS-003501,Initech Logistics,Free,1,0.0,2023-12-24,2026-12-23,False
BUS-003502,Vertex Group,Mid,6,87.78,2023-06-02,2027-06-01,False
BUS-003503,Initech Auto,Premium,75,434.66,2025-05-11,2027-05-11,False
BUS-003504,Bright Consulting,Mid,10,68.03,2025-03-28,2027-03-28,True
BUS-003505,Vertex Bakery,Free,1,0.0,2024-08-01,2026-08-01,False
BUS-003506,Harbor Retail,Free,2,0.0,2024-01-19,2027-01-18,False
BUS-003507,Globex Bakery,Premium,38,439.58,2023-06-21,2026-06-20,False
BUS-003508,Bright Partners,Free,1,0.0,2024-05-05,2027-05-05,False
BUS-003509,Cobalt Logistics,Free,2,0.0,2024-03-14,2027-03-14,False
BUS-003510,Apex Logistics,Mid,10,81.96,2025-06-06,2026-06-06,False
BUS-003511,Nova Builders,Premium,38,275.94,2024-02-13,2027-02-12,False
BUS-003512,Harbor Trading,Premium,90,626.32,2024-11-14,2026-11-14,False
BUS-003513,Umbra Trading,Mid,12,71.01,2026-03-06,2027-03-06,False
BUS-003514,Cobalt Foods,Free,3,0.0,2024-06-07,2026-06-07,False
BUS-003515,Initech Group,Mid,11,93.41,2024-06-06,2026-06-06,True
BUS-003516,Apex Builders,Mid,7,93.32,2025-05-21,2027-05-21,False
BUS-003517,Iron Auto,Mid,11,84.35,2024-09-02,2026-09-02,False
BUS-003518,Cobalt Media,Free,3,0.0,2024-04-05,2027-04-05,False
BUS-003519,Umbra Trading,Mid,12,54.4,2023-06-05,2026-06-04,True
BUS-003520,Iron Logistics,Free,1,0.0,2023-11-13,2026-11-12,False
BUS-003521,Iron Logistics,Mid,7,67.02,2025-04-15,2027-04-15,False
BUS-003522,Cedar Media,Free,2,0.0,2024-08-30,2026-08-30,False
BUS-003523,Vertex Supply,Mid,15,48.61,2025-03-08,2027-03-08,False
BUS-003524,Acme Retail,Premium,23,199.8,2025-02-13,2027-02-13,False
BUS-003525,Umbra Logistics,Free,2,0.0,2023-11-27,2026-11-26,False
BUS-003526,Initech Builders,Mid,12,99.03,2023-08-02,2026-08-01,False
BUS-003527,Vertex Bakery,Premium,53,495.86,2026-03-19,2027-03-19,False
BUS-003528,Pioneer Media,Free,3,0.0,2026-01-28,2027-01-28,False
BUS-003529,Stellar Foods,Free,2,0.0,2023-12-20,2026-12-19,False
BUS-003530,Acme Works,Mid,8,36.26,2024-08-01,2026-08-01,False
BUS-003531,Stellar Studios,Premium,11,611.28,2024-07-21,2026-07-21,False
BUS-003532,Quantum Logistics,Mid,3,82.23,2025-08-29,2026-08-29,True
BUS-003533,Cobalt Health,Free,3,0.0,2025-08-20,2026-08-20,False
BUS-003534,Umbra Foods,Free,2,0.0,2024-05-19,2027-05-19,False
BUS-003535,Umbra Bakery,Mid,3,70.18,2024-07-02,2026-07-02,False
BUS-003536,Nova Health,Free,2,0.0,2025-12-31,2026-12-31,False
BUS-003537,Apex Logistics,Free,2,0.0,2025-03-07,2027-03-07,False
BUS-003538,Stellar Supply,Premium,99,627.04,2023-07-23,2026-07-22,False
BUS-003539,Pioneer Supply,Mid,5,94.05,2025-11-24,2026-11-24,False
BUS-003540,Harbor Media,Mid,6,54.73,2026-01-01,2027-01-01,False
BUS-003541,Iron Foods,Premium,65,204.21,2024-09-14,2026-09-14,False
BUS-003542,Apex Foods,Free,2,0.0,2024-03-05,2027-03-05,False
BUS-003543,Umbra Bakery,Mid,12,43.02,2024-05-24,2027-05-24,False
BUS-003544,Globex Studios,Free,1,0.0,2024-02-20,2027-02-19,False
BUS-003545,Acme Consulting,Mid,17,46.8,2023-08-13,2026-08-12,False
BUS-003546,Bright Labs,Free,2,0.0,2024-03-21,2027-03-21,False
BUS-003547,Vertex Logistics,Free,1,0.0,2024-09-07,2026-09-07,False
BUS-003548,Initech Group,Free,2,0.0,2024-11-25,2026-11-25,False
BUS-003549,Harbor Retail,Free,1,0.0,2023-10-02,2026-10-01,False
BUS-003550,Bright Builders,Free,3,0.0,2024-08-29,2026-08-29,False
BUS-003551,Globex Retail,Free,2,0.0,2025-08-23,2026-08-23,False
BUS-003552,Acme Builders,Mid,11,30.09,2023-08-04,2026-08-03,False
BUS-003553,Bright Studios,Free,2,0.0,2025-03-03,2027-03-03,False
BUS-003554,Cedar Builders,Premium,75,673.42,2024-11-11,2026-11-11,False
BUS-003555,Harbor Retail,Free,3,0.0,2025-01-19,2027-01-19,False
BUS-003556,Bright Partners,Premium,83,397.06,2026-02-02,2027-02-02,False
BUS-003557,Vertex Consulting,Free,3,0.0,2026-04-27,2027-04-27,False
BUS-003558,Iron Builders,Free,2,0.0,2023-06-27,2026-06-26,False
BUS-003559,Harbor Works,Premium,54,217.13,2025-01-04,2027-01-04,False
BUS-003560,Iron Builders,Free,2,0.0,2025-08-25,2026-08-25,False
BUS-003561,Umbra Bakery,Premium,12,535.08,2023-12-16,2026-12-15,False
BUS-003562,Globex Retail,Mid,16,88.25,2024-10-27,2026-10-27,False
BUS-003563,Initech Partners,Free,1,0.0,2023-07-08,2026-07-07,False
BUS-003564,Pioneer Foods,Free,2,0.0,2023-11-09,2026-11-08,False
BUS-003565,Cedar Bakery,Mid,6,58.33,2023-09-05,2026-09-04,False
BUS-003566,Umbra Auto,Free,1,0.0,2026-04-09,2027-04-09,False
BUS-003567,Acme Consulting,Free,3,0.0,2023-12-28,2026-12-27,False
BUS-003568,Pioneer Builders,Free,2,0.0,2025-08-05,2026-08-05,False
BUS-003569,Vertex Foods,Mid,3,94.67,2025-12-17,2026-12-17,False
BUS-003570,Iron Works,Premium,88,170.91,2024-05-05,2027-05-05,False
BUS-003571,Initech Labs,Free,2,0.0,2024-10-09,2026-10-09,False
BUS-003572,Cedar Bakery,Free,3,0.0,2023-07-26,2026-07-25,False
BUS-003573,Initech Trading,Mid,5,48.95,2024-12-29,2026-12-29,False
BUS-003574,Nova Studios,Mid,14,73.13,2025-10-14,2026-10-14,False
BUS-003575,Cobalt Studios,Mid,11,96.65,2026-03-08,2027-03-08,False
BUS-003576,Vertex Auto,Mid,7,90.59,2024-01-22,2027-01-21,False
BUS-003577,Nova Consulting,Free,2,0.0,2024-08-31,2026-08-31,False
BUS-003578,Vertex Group,Free,2,0.0,2025-02-20,2027-02-20,False
BUS-003579,Globex Retail,Free,3,0.0,2026-01-19,2027-01-19,False
BUS-003580,Umbra Supply,Free,3,0.0,2023-12-03,2026-12-02,False
BUS-003581,Nova Supply,Free,2,0.0,2026-04-10,2027-04-10,False
BUS-003582,Globex Studios,Free,3,0.0,2025-05-22,2027-05-22,False
BUS-003583,Bright Studios,Mid,3,71.62,2025-01-05,2027-01-05,False
BUS-003584,Bright Labs,Free,2,0.0,2025-03-28,2027-03-28,False
BUS-003585,Harbor Labs,Free,2,0.0,2023-09-03,2026-09-02,False
BUS-003586,Nova Media,Free,2,0.0,2024-12-22,2026-12-22,False
BUS-003587,Iron Retail,Premium,82,729.42,2026-03-12,2027-03-12,False
BUS-003588,Vertex Consulting,Mid,4,43.27,2026-02-23,2027-02-23,False
BUS-003589,Globex Partners,Free,1,0.0,2024-03-16,2027-03-16,False
BUS-003590,Vertex Bakery,Premium,93,383.91,2025-07-17,2026-07-17,False
BUS-003591,Cedar Group,Free,2,0.0,2024-07-26,2026-07-26,False
BUS-003592,Initech Partners,Mid,10,37.77,2025-05-27,2027-05-27,False
BUS-003593,Nova Foods,Mid,10,47.98,2024-12-19,2026-12-19,False
BUS-003594,Nova Logistics,Mid,7,89.98,2025-08-08,2026-08-08,False
BUS-003595,Cedar Logistics,Mid,3,40.08,2025-04-29,2027-04-29,False
BUS-003596,Cedar Health,Free,3,0.0,2026-03-31,2027-03-31,False
BUS-003597,Apex Labs,Mid,10,85.85,2023-09-06,2026-09-05,False
BUS-003598,Pioneer Media,Free,1,0.0,2023-12-25,2026-12-24,False
BUS-003599,Bright Logistics,Free,1,0.0,2023-09-14,2026-09-13,False
BUS-003600,Nova Builders,Mid,12,87.28,2026-03-16,2027-03-16,False
BUS-003601,Umbra Supply,Premium,98,365.45,2024-05-16,2027-05-16,False
BUS-003602,Umbra Media,Free,1,0.0,2025-09-29,2026-09-29,False
BUS-003603,Vertex Group,Premium,78,498.87,2025-10-30,2026-10-30,False
BUS-003604,Bright Builders,Free,2,0.0,2024-09-27,2026-09-27,False
BUS-003605,Bright Studios,Free,2,0.0,2023-06-17,2026-06-16,False
BUS-003606,Acme Builders,Free,2,0.0,2026-01-04,2027-01-04,False
BUS-003607,Quantum Works,Free,2,0.0,2026-03-17,2027-03-17,False
BUS-003608,Cobalt Health,Mid,11,98.35,2025-09-22,2026-09-22,False
BUS-003609,Globex Supply,Mid,12,39.14,2023-11-21,2026-11-20,False
BUS-003610,Nova Retail,Mid,14,83.49,2025-03-18,2027-03-18,False
BUS-003611,Cedar Works,Mid,6,49.5,2024-10-31,2026-10-31,False
BUS-003612,Quantum Group,Premium,15,452.5,2025-09-06,2026-09-06,False
BUS-003613,Nova Labs,Free,2,0.0,2025-04-16,2027-04-16,False
BUS-003614,Cobalt Studios,Free,1,0.0,2025-03-22,2027-03-22,False
BUS-003615,Stellar Retail,Premium,55,691.6,2026-05-01,2027-05-01,False
BUS-003616,Apex Foods,Free,1,0.0,2026-03-28,2027-03-28,False
BUS-003617,Umbra Labs,Mid,14,80.0,2024-01-30,2027-01-29,False
BUS-003618,Umbra Builders,Free,3,0.0,2025-11-01,2026-11-01,False
BUS-003619,Initech Supply,Free,1,0.0,2026-03-18,2027-03-18,False
BUS-003620,Cobalt Retail,Mid,14,73.94,2025-01-08,2027-01-08,True
BUS-003621,Globex Supply,Premium,84,553.95,2023-10-06,2026-10-05,False
BUS-003622,Summit Logistics,Free,3,0.0,2024-06-14,2026-06-14,False
BUS-003623,Apex Foods,Premium,80,405.15,2024-11-22,2026-11-22,False
BUS-003624,Cedar Foods,Free,1,0.0,2023-06-15,2026-06-14,False
BUS-003625,Quantum Works,Free,1,0.0,2025-10-18,2026-10-18,False
BUS-003626,Initech Media,Free,1,0.0,2023-05-29,2027-05-28,False
BUS-003627,Cedar Media,Free,3,0.0,2024-04-08,2027-04-08,False
BUS-003628,Nova Labs,Free,3,0.0,2024-08-10,2026-08-10,False
BUS-003629,Initech Auto,Free,2,0.0,2026-04-10,2027-04-10,False
BUS-003630,Bright Group,Free,1,0.0,2024-10-13,2026-10-13,False
BUS-003631,Cedar Health,Free,2,0.0,2024-03-27,2027-03-27,False
BUS-003632,Nova Trading,Mid,14,49.13,2024-01-27,2027-01-26,False
BUS-003633,Cedar Labs,Free,3,0.0,2025-07-26,2026-07-26,False
BUS-003634,Nova Studios,Mid,14,83.9,2025-10-29,2026-10-29,False
BUS-003635,Nova Supply,Mid,11,61.27,2024-09-20,2026-09-20,False
BUS-003636,Initech Partners,Free,3,0.0,2024-05-25,2027-05-25,False
BUS-003637,Iron Foods,Free,2,0.0,2025-07-30,2026-07-30,False
BUS-003638,Vertex Foods,Mid,8,74.6,2025-04-05,2027-04-05,False
BUS-003639,Acme Health,Free,2,0.0,2026-03-30,2027-03-30,False
BUS-003640,Nova Media,Free,3,0.0,2025-10-23,2026-10-23,False
BUS-003641,Initech Consulting,Free,1,0.0,2023-12-29,2026-12-28,False
BUS-003642,Apex Bakery,Mid,8,54.22,2026-03-29,2027-03-29,False
BUS-003643,Quantum Trading,Premium,17,428.79,2025-05-15,2027-05-15,False
BUS-003644,Globex Logistics,Free,2,0.0,2026-03-17,2027-03-17,False
BUS-003645,Nova Works,Free,1,0.0,2023-05-31,2027-05-30,False
BUS-003646,Stellar Studios,Free,1,0.0,2025-05-10,2027-05-10,False
BUS-003647,Nova Labs,Mid,17,73.9,2025-12-15,2026-12-15,False
BUS-003648,Bright Group,Mid,7,96.26,2024-03-29,2027-03-29,True
BUS-003649,Globex Health,Mid,6,96.9,2024-11-21,2026-11-21,False
BUS-003650,Quantum Health,Mid,17,40.1,2023-11-16,2026-11-15,False
BUS-003651,Initech Media,Free,1,0.0,2025-09-27,2026-09-27,False
BUS-003652,Stellar Health,Free,2,0.0,2023-07-17,2026-07-16,False
BUS-003653,Quantum Auto,Free,1,0.0,2024-11-19,2026-11-19,False
BUS-003654,Vertex Media,Mid,9,35.82,2024-01-16,2027-01-15,False
BUS-003655,Vertex Supply,Mid,14,77.56,2023-10-08,2026-10-07,False
BUS-003656,Apex Group,Free,1,0.0,2023-06-26,2026-06-25,False
BUS-003657,Nova Builders,Mid,9,95.45,2024-02-05,2027-02-04,False
BUS-003658,Iron Builders,Premium,89,677.59,2024-01-18,2027-01-17,False
BUS-003659,Globex Retail,Mid,7,63.13,2025-11-21,2026-11-21,False
BUS-003660,Umbra Health,Free,1,0.0,2024-01-10,2027-01-09,False
BUS-003661,Nova Studios,Free,2,0.0,2024-08-25,2026-08-25,False
BUS-003662,Summit Trading,Free,2,0.0,2025-03-01,2027-03-01,False
BUS-003663,Nova Bakery,Free,2,0.0,2024-03-21,2027-03-21,False
BUS-003664,Cedar Auto,Free,2,0.0,2023-11-30,2026-11-29,False
BUS-003665,Acme Supply,Free,2,0.0,2025-05-17,2027-05-17,False
BUS-003666,Umbra Partners,Mid,7,86.07,2025-11-05,2026-11-05,False
BUS-003667,Acme Group,Mid,11,68.53,2025-07-08,2026-07-08,False
BUS-003668,Summit Consulting,Free,1,0.0,2024-06-13,2026-06-13,False
BUS-003669,Apex Supply,Mid,11,66.18,2023-12-27,2026-12-26,False
BUS-003670,Umbra Bakery,Free,1,0.0,2024-05-23,2027-05-23,False
BUS-003671,Summit Retail,Premium,33,204.66,2024-04-05,2027-04-05,False
BUS-003672,Acme Bakery,Mid,7,35.76,2025-04-18,2027-04-18,False
BUS-003673,Quantum Partners,Mid,3,51.77,2023-12-18,2026-12-17,True
BUS-003674,Apex Trading,Free,3,0.0,2023-07-05,2026-07-04,False
BUS-003675,Umbra Works,Premium,35,247.89,2025-03-18,2027-03-18,False
BUS-003676,Cedar Trading,Mid,12,73.6,2026-01-23,2027-01-23,True
BUS-003677,Umbra Foods,Premium,36,328.69,2023-09-05,2026-09-04,False
BUS-003678,Umbra Works,Free,3,0.0,2023-07-23,2026-07-22,False
BUS-003679,Apex Studios,Mid,11,59.05,2025-10-02,2026-10-02,False
BUS-003680,Cedar Bakery,Mid,8,77.86,2026-01-20,2027-01-20,False
BUS-003681,Harbor Auto,Mid,7,89.18,2023-09-22,2026-09-21,False
BUS-003682,Iron Media,Premium,90,222.29,2025-03-09,2027-03-09,False
BUS-003683,Umbra Labs,Free,3,0.0,2025-05-30,2027-05-30,False
BUS-003684,Acme Partners,Free,1,0.0,2023-11-08,2026-11-07,False
BUS-003685,Quantum Works,Free,2,0.0,2026-01-09,2027-01-09,False
BUS-003686,Bright Labs,Free,2,0.0,2025-09-30,2026-09-30,False
BUS-003687,Nova Studios,Mid,11,37.77,2023-09-15,2026-09-14,False
BUS-003688,Cedar Partners,Premium,96,507.43,2024-03-09,2027-03-09,False
BUS-003689,Cobalt Media,Free,1,0.0,2025-03-25,2027-03-25,False
BUS-003690,Umbra Labs,Mid,3,61.32,2023-12-28,2026-12-27,False
BUS-003691,Pioneer Auto,Free,2,0.0,2026-04-04,2027-04-04,False
BUS-003692,Acme Consulting,Free,3,0.0,2026-03-01,2027-03-01,False
BUS-003693,Nova Retail,Mid,13,90.77,2025-04-02,2027-04-02,False
BUS-003694,Apex Trading,Premium,33,247.36,2025-08-29,2026-08-29,False
BUS-003695,Iron Builders,Mid,9,72.17,2024-03-12,2027-03-12,False
BUS-003696,Apex Works,Free,2,0.0,2026-03-25,2027-03-25,False
BUS-003697,Pioneer Studios,Mid,8,34.64,2025-09-04,2026-09-04,False
BUS-003698,Bright Health,Free,1,0.0,2025-09-10,2026-09-10,False
BUS-003699,Stellar Retail,Mid,9,35.09,2023-08-25,2026-08-24,False
BUS-003700,Cedar Consulting,Free,3,0.0,2023-05-30,2027-05-29,False
BUS-003701,Quantum Studios,Free,1,0.0,2025-09-16,2026-09-16,False
BUS-003702,Initech Foods,Free,2,0.0,2023-07-09,2026-07-08,False
BUS-003703,Bright Logistics,Free,2,0.0,2025-09-27,2026-09-27,False
BUS-003704,Pioneer Logistics,Mid,8,90.07,2026-01-29,2027-01-29,True
BUS-003705,Apex Health,Free,3,0.0,2024-04-18,2027-04-18,False
BUS-003706,Harbor Foods,Free,1,0.0,2025-01-16,2027-01-16,False
BUS-003707,Acme Media,Free,1,0.0,2025-10-25,2026-10-25,False
BUS-003708,Cobalt Group,Free,1,0.0,2024-10-16,2026-10-16,False
BUS-003709,Bright Bakery,Free,1,0.0,2023-08-04,2026-08-03,False
BUS-003710,Harbor Bakery,Free,1,0.0,2024-06-13,2026-06-13,False
BUS-003711,Cobalt Media,Free,1,0.0,2023-10-28,2026-10-27,False
BUS-003712,Cobalt Bakery,Mid,5,46.39,2024-04-02,2027-04-02,False
BUS-003713,Apex Trading,Free,2,0.0,2025-06-22,2026-06-22,False
BUS-003714,Apex Labs,Mid,15,71.9,2025-06-09,2026-06-09,False
BUS-003715,Pioneer Builders,Free,2,0.0,2023-11-25,2026-11-24,False
BUS-003716,Nova Trading,Free,2,0.0,2023-09-18,2026-09-17,False
BUS-003717,Acme Works,Free,2,0.0,2025-10-08,2026-10-08,False
BUS-003718,Umbra Auto,Free,3,0.0,2023-09-28,2026-09-27,False
BUS-003719,Quantum Partners,Free,2,0.0,2023-08-24,2026-08-23,False
BUS-003720,Quantum Labs,Mid,3,45.16,2023-08-12,2026-08-11,False
BUS-003721,Harbor Works,Mid,17,60.96,2025-12-06,2026-12-06,False
BUS-003722,Apex Supply,Mid,9,33.49,2025-05-16,2027-05-16,False
BUS-003723,Summit Trading,Premium,67,261.56,2023-06-12,2026-06-11,False
BUS-003724,Nova Labs,Free,2,0.0,2024-12-07,2026-12-07,False
BUS-003725,Nova Partners,Free,2,0.0,2025-03-07,2027-03-07,False
BUS-003726,Apex Partners,Premium,36,715.85,2025-03-04,2027-03-04,False
BUS-003727,Nova Retail,Free,1,0.0,2024-05-01,2027-05-01,False
BUS-003728,Globex Group,Premium,65,583.22,2023-09-04,2026-09-03,False
BUS-003729,Apex Foods,Premium,98,168.13,2024-11-11,2026-11-11,False
BUS-003730,Pioneer Foods,Free,3,0.0,2024-06-18,2026-06-18,False
BUS-003731,Nova Partners,Free,2,0.0,2026-03-13,2027-03-13,False
BUS-003732,Harbor Works,Free,2,0.0,2025-11-14,2026-11-14,False
BUS-003733,Harbor Retail,Free,2,0.0,2026-04-16,2027-04-16,False
BUS-003734,Cobalt Works,Mid,14,52.52,2023-10-25,2026-10-24,True
BUS-003735,Cedar Consulting,Free,2,0.0,2024-05-29,2027-05-29,False
BUS-003736,Quantum Builders,Free,1,0.0,2026-03-09,2027-03-09,False
BUS-003737,Stellar Supply,Free,1,0.0,2023-09-01,2026-08-31,False
BUS-003738,Vertex Consulting,Mid,5,61.88,2025-03-08,2027-03-08,False
BUS-003739,Initech Works,Premium,28,439.29,2025-09-29,2026-09-29,False
BUS-003740,Cobalt Bakery,Mid,13,92.09,2023-12-14,2026-12-13,False
BUS-003741,Vertex Auto,Free,1,0.0,2024-09-08,2026-09-08,False
BUS-003742,Quantum Trading,Free,2,0.0,2024-01-28,2027-01-27,False
BUS-003743,Acme Retail,Free,1,0.0,2023-12-16,2026-12-15,False
BUS-003744,Bright Labs,Mid,15,42.54,2026-03-05,2027-03-05,False
BUS-003745,Apex Builders,Free,2,0.0,2025-04-22,2027-04-22,False
BUS-003746,Bright Labs,Free,1,0.0,2025-12-31,2026-12-31,False
BUS-003747,Stellar Logistics,Premium,67,428.73,2026-03-26,2027-03-26,False
BUS-003748,Globex Media,Free,1,0.0,2023-11-04,2026-11-03,False
BUS-003749,Bright Works,Mid,3,50.38,2025-03-24,2027-03-24,False
BUS-003750,Quantum Bakery,Free,2,0.0,2024-03-24,2027-03-24,False
BUS-003751,Iron Group,Premium,66,245.95,2024-10-11,2026-10-11,False
BUS-003752,Globex Supply,Premium,81,153.2,2025-02-03,2027-02-03,False
BUS-003753,Harbor Bakery,Mid,8,48.21,2025-06-18,2026-06-18,False
BUS-003754,Vertex Partners,Mid,6,81.67,2025-01-29,2027-01-29,True
BUS-003755,Umbra Supply,Free,1,0.0,2025-06-11,2026-06-11,False
BUS-003756,Summit Group,Free,3,0.0,2026-01-27,2027-01-27,False
BUS-003757,Iron Supply,Free,2,0.0,2023-12-27,2026-12-26,False
BUS-003758,Summit Auto,Mid,16,42.02,2025-05-29,2027-05-29,False
BUS-003759,Acme Works,Premium,85,443.55,2024-03-30,2027-03-30,False
BUS-003760,Acme Group,Mid,11,90.14,2023-11-26,2026-11-25,False
BUS-003761,Acme Bakery,Mid,8,82.75,2026-03-21,2027-03-21,True
BUS-003762,Initech Auto,Mid,16,89.11,2026-01-29,2027-01-29,True
BUS-003763,Cedar Builders,Mid,7,91.75,2025-01-02,2027-01-02,False
BUS-003764,Vertex Consulting,Free,1,0.0,2025-01-28,2027-01-28,False
BUS-003765,Stellar Consulting,Free,1,0.0,2024-12-14,2026-12-14,False
BUS-003766,Pioneer Logistics,Free,1,0.0,2024-12-19,2026-12-19,False
BUS-003767,Pioneer Trading,Free,2,0.0,2024-06-25,2026-06-25,False
BUS-003768,Harbor Health,Free,3,0.0,2025-01-26,2027-01-26,False
BUS-003769,Quantum Supply,Free,3,0.0,2026-02-25,2027-02-25,False
BUS-003770,Stellar Retail,Mid,16,68.81,2024-09-28,2026-09-28,False
BUS-003771,Quantum Supply,Mid,6,43.49,2025-06-06,2026-06-06,False
BUS-003772,Acme Auto,Premium,85,406.05,2026-04-20,2027-04-20,False
BUS-003773,Cedar Builders,Mid,14,67.69,2025-01-17,2027-01-17,True
BUS-003774,Iron Media,Free,3,0.0,2026-01-07,2027-01-07,False
BUS-003775,Umbra Studios,Mid,9,51.91,2025-08-03,2026-08-03,False
BUS-003776,Stellar Logistics,Free,2,0.0,2024-02-02,2027-02-01,False
BUS-003777,Cedar Consulting,Free,2,0.0,2024-04-03,2027-04-03,False
BUS-003778,Vertex Builders,Free,1,0.0,2024-03-09,2027-03-09,False
BUS-003779,Umbra Studios,Mid,12,44.22,2023-10-30,2026-10-29,False
BUS-003780,Quantum Bakery,Free,2,0.0,2025-11-30,2026-11-30,False
BUS-003781,Nova Group,Free,1,0.0,2024-02-04,2027-02-03,False
BUS-003782,Apex Builders,Premium,45,434.07,2025-06-29,2026-06-29,False
BUS-003783,Bright Bakery,Free,1,0.0,2026-03-13,2027-03-13,False
BUS-003784,Acme Consulting,Free,1,0.0,2026-03-11,2027-03-11,False
BUS-003785,Nova Builders,Mid,17,67.31,2024-10-31,2026-10-31,False
BUS-003786,Initech Auto,Free,1,0.0,2025-09-30,2026-09-30,False
BUS-003787,Cedar Retail,Mid,16,53.23,2026-04-14,2027-04-14,False
BUS-003788,Globex Works,Mid,5,37.03,2025-10-01,2026-10-01,False
BUS-003789,Nova Builders,Free,3,0.0,2023-10-03,2026-10-02,False
BUS-003790,Cedar Studios,Free,1,0.0,2024-03-29,2027-03-29,False
BUS-003791,Quantum Builders,Free,1,0.0,2023-07-12,2026-07-11,False
BUS-003792,Acme Health,Mid,13,52.49,2025-09-22,2026-09-22,False
BUS-003793,Apex Retail,Mid,10,64.48,2023-12-03,2026-12-02,False
BUS-003794,Pioneer Bakery,Premium,40,604.53,2023-12-06,2026-12-05,False
BUS-003795,Vertex Media,Free,3,0.0,2026-01-07,2027-01-07,False
BUS-003796,Bright Builders,Free,3,0.0,2024-09-18,2026-09-18,False
BUS-003797,Pioneer Retail,Free,3,0.0,2024-06-20,2026-06-20,False
BUS-003798,Cobalt Studios,Mid,11,42.03,2024-07-17,2026-07-17,False
BUS-003799,Cedar Supply,Free,1,0.0,2026-03-29,2027-03-29,False
BUS-003800,Pioneer Health,Free,3,0.0,2025-05-25,2027-05-25,False
BUS-003801,Initech Supply,Premium,91,674.94,2024-03-31,2027-03-31,False
BUS-003802,Vertex Auto,Free,1,0.0,2025-05-16,2027-05-16,False
BUS-003803,Pioneer Supply,Free,1,0.0,2025-04-24,2027-04-24,False
BUS-003804,Vertex Group,Free,2,0.0,2023-11-01,2026-10-31,False
BUS-003805,Acme Logistics,Free,2,0.0,2025-04-30,2027-04-30,False
BUS-003806,Cedar Logistics,Premium,31,625.75,2024-12-17,2026-12-17,False
BUS-003807,Acme Labs,Free,3,0.0,2025-05-11,2027-05-11,False
BUS-003808,Iron Trading,Mid,13,59.23,2025-05-21,2027-05-21,False
BUS-003809,Cedar Media,Free,2,0.0,2026-05-04,2027-05-04,False
BUS-003810,Vertex Logistics,Mid,3,97.4,2024-04-25,2027-04-25,False
BUS-003811,Acme Foods,Free,2,0.0,2026-02-13,2027-02-13,False
BUS-003812,Quantum Auto,Mid,3,81.61,2025-11-13,2026-11-13,False
BUS-003813,Iron Logistics,Mid,11,73.34,2025-08-02,2026-08-02,True
BUS-003814,Apex Labs,Free,3,0.0,2025-02-03,2027-02-03,False
BUS-003815,Globex Media,Mid,9,97.56,2025-07-14,2026-07-14,False
BUS-003816,Bright Trading,Free,2,0.0,2025-09-19,2026-09-19,False
BUS-003817,Apex Health,Free,2,0.0,2025-08-12,2026-08-12,False
BUS-003818,Acme Labs,Free,3,0.0,2024-05-10,2027-05-10,False
BUS-003819,Initech Works,Mid,6,62.41,2025-03-21,2027-03-21,False
BUS-003820,Stellar Retail,Mid,13,40.26,2025-02-02,2027-02-02,False
BUS-003821,Initech Group,Mid,4,30.87,2024-11-20,2026-11-20,False
BUS-003822,Apex Auto,Free,1,0.0,2025-10-13,2026-10-13,False
BUS-003823,Stellar Works,Free,2,0.0,2025-09-08,2026-09-08,False
BUS-003824,Pioneer Partners,Free,2,0.0,2024-02-29,2027-02-28,False
BUS-003825,Cedar Health,Premium,14,403.19,2025-03-04,2027-03-04,False
BUS-003826,Bright Logistics,Free,1,0.0,2024-10-13,2026-10-13,False
BUS-003827,Iron Labs,Free,2,0.0,2025-10-12,2026-10-12,False
BUS-003828,Vertex Health,Premium,73,521.83,2025-04-13,2027-04-13,False
BUS-003829,Iron Health,Mid,3,91.75,2024-09-24,2026-09-24,False
BUS-003830,Cobalt Consulting,Free,2,0.0,2025-11-26,2026-11-26,False
BUS-003831,Harbor Retail,Free,2,0.0,2023-12-09,2026-12-08,False
BUS-003832,Iron Labs,Free,2,0.0,2024-11-27,2026-11-27,False
BUS-003833,Quantum Supply,Free,2,0.0,2024-04-07,2027-04-07,False
BUS-003834,Iron Consulting,Mid,5,59.26,2026-02-09,2027-02-09,False
BUS-003835,Initech Labs,Free,2,0.0,2024-11-05,2026-11-05,False
BUS-003836,Harbor Media,Premium,10,507.37,2025-01-24,2027-01-24,False
BUS-003837,Initech Supply,Free,2,0.0,2025-05-12,2027-05-12,False
BUS-003838,Globex Foods,Mid,6,52.49,2026-04-02,2027-04-02,False
BUS-003839,Bright Trading,Free,1,0.0,2024-11-14,2026-11-14,False
BUS-003840,Umbra Health,Free,3,0.0,2024-01-15,2027-01-14,False
BUS-003841,Cedar Builders,Free,3,0.0,2023-05-30,2027-05-29,False
BUS-003842,Apex Logistics,Free,1,0.0,2024-02-13,2027-02-12,False
BUS-003843,Bright Builders,Free,2,0.0,2024-05-15,2027-05-15,False
BUS-003844,Quantum Supply,Premium,69,228.82,2024-03-01,2027-03-01,False
BUS-003845,Summit Logistics,Mid,15,93.09,2025-12-18,2026-12-18,False
BUS-003846,Globex Studios,Free,3,0.0,2026-02-25,2027-02-25,False
BUS-003847,Umbra Labs,Free,3,0.0,2025-05-28,2027-05-28,False
BUS-003848,Apex Labs,Mid,7,53.42,2023-10-17,2026-10-16,False
BUS-003849,Bright Group,Free,1,0.0,2024-04-20,2027-04-20,False
BUS-003850,Quantum Works,Free,1,0.0,2025-01-23,2027-01-23,False
BUS-003851,Quantum Retail,Free,2,0.0,2023-06-27,2026-06-26,False
BUS-003852,Stellar Labs,Free,2,0.0,2023-11-15,2026-11-14,False
BUS-003853,Nova Consulting,Mid,10,79.06,2025-08-31,2026-08-31,False
BUS-003854,Cedar Logistics,Mid,9,58.72,2023-09-04,2026-09-03,False
BUS-003855,Bright Media,Mid,15,65.83,2023-06-29,2026-06-28,False
BUS-003856,Apex Partners,Free,2,0.0,2026-01-29,2027-01-29,False
BUS-003857,Vertex Partners,Mid,12,59.03,2024-08-19,2026-08-19,False
BUS-003858,Harbor Labs,Premium,13,595.13,2024-07-29,2026-07-29,False
BUS-003859,Umbra Works,Mid,13,51.19,2025-07-26,2026-07-26,True
BUS-003860,Initech Supply,Free,3,0.0,2023-12-21,2026-12-20,False
BUS-003861,Globex Logistics,Mid,10,32.08,2024-02-24,2027-02-23,False
BUS-003862,Cobalt Retail,Free,1,0.0,2026-04-04,2027-04-04,False
BUS-003863,Initech Consulting,Premium,84,498.81,2023-06-27,2026-06-26,False
BUS-003864,Bright Media,Free,3,0.0,2025-06-23,2026-06-23,False
BUS-003865,Iron Logistics,Premium,36,613.57,2025-01-12,2027-01-12,False
BUS-003866,Summit Builders,Free,1,0.0,2023-12-20,2026-12-19,False
BUS-003867,Vertex Labs,Free,3,0.0,2024-09-14,2026-09-14,False
BUS-003868,Initech Foods,Free,3,0.0,2025-01-09,2027-01-09,False
BUS-003869,Umbra Health,Premium,48,562.25,2026-03-26,2027-03-26,False
BUS-003870,Iron Labs,Free,3,0.0,2023-12-29,2026-12-28,False
BUS-003871,Iron Retail,Premium,86,257.78,2024-06-07,2026-06-07,False
BUS-003872,Cedar Foods,Free,2,0.0,2025-06-06,2026-06-06,False
BUS-003873,Quantum Trading,Mid,11,81.97,2024-10-12,2026-10-12,False
BUS-003874,Umbra Group,Mid,15,91.01,2025-12-01,2026-12-01,False
BUS-003875,Apex Builders,Free,1,0.0,2024-03-04,2027-03-04,False
BUS-003876,Globex Bakery,Mid,13,37.97,2023-05-20,2027-05-19,False
BUS-003877,Initech Media,Free,2,0.0,2025-07-18,2026-07-18,False
BUS-003878,Umbra Partners,Free,2,0.0,2026-01-30,2027-01-30,False
BUS-003879,Bright Health,Free,3,0.0,2025-06-19,2026-06-19,False
BUS-003880,Acme Trading,Free,1,0.0,2025-03-14,2027-03-14,False
BUS-003881,Vertex Supply,Free,1,0.0,2023-10-17,2026-10-16,False
BUS-003882,Vertex Health,Free,1,0.0,2024-01-06,2027-01-05,False
BUS-003883,Acme Works,Mid,16,66.86,2026-03-04,2027-03-04,False
BUS-003884,Vertex Works,Free,3,0.0,2024-06-09,2026-06-09,False
BUS-003885,Umbra Supply,Mid,4,35.27,2026-04-30,2027-04-30,False
BUS-003886,Apex Studios,Premium,31,629.89,2024-01-24,2027-01-23,False
BUS-003887,Acme Foods,Free,1,0.0,2025-08-04,2026-08-04,False
BUS-003888,Bright Retail,Mid,10,33.98,2025-05-11,2027-05-11,False
BUS-003889,Apex Consulting,Mid,17,48.52,2024-10-30,2026-10-30,False
BUS-003890,Initech Consulting,Mid,8,99.88,2023-08-16,2026-08-15,False
BUS-003891,Nova Health,Free,3,0.0,2024-09-07,2026-09-07,False
BUS-003892,Bright Labs,Free,2,0.0,2025-02-18,2027-02-18,False
BUS-003893,Quantum Labs,Mid,17,40.93,2025-02-02,2027-02-02,False
BUS-003894,Apex Trading,Free,2,0.0,2023-10-23,2026-10-22,False
BUS-003895,Acme Studios,Free,2,0.0,2023-10-28,2026-10-27,False
BUS-003896,Nova Health,Premium,47,295.37,2024-07-22,2026-07-22,False
BUS-003897,Bright Builders,Free,2,0.0,2025-02-03,2027-02-03,False
BUS-003898,Pioneer Builders,Free,1,0.0,2023-11-16,2026-11-15,False
BUS-003899,Nova Bakery,Mid,6,91.16,2024-10-24,2026-10-24,False
BUS-003900,Cobalt Foods,Free,3,0.0,2023-10-22,2026-10-21,False
BUS-003901,Bright Studios,Free,2,0.0,2024-02-05,2027-02-04,False
BUS-003902,Apex Supply,Premium,26,288.49,2026-02-15,2027-02-15,False
BUS-003903,Initech Studios,Mid,12,84.28,2024-01-20,2027-01-19,False
BUS-003904,Vertex Studios,Free,2,0.0,2023-08-16,2026-08-15,False
BUS-003905,Vertex Group,Mid,7,43.02,2023-05-26,2027-05-25,False
BUS-003906,Iron Group,Mid,5,30.78,2024-01-02,2027-01-01,False
BUS-003907,Nova Foods,Free,2,0.0,2024-03-23,2027-03-23,False
BUS-003908,Apex Works,Free,3,0.0,2023-08-31,2026-08-30,False
BUS-003909,Bright Labs,Mid,10,72.76,2024-04-02,2027-04-02,False
BUS-003910,Vertex Trading,Free,1,0.0,2024-11-29,2026-11-29,False
BUS-003911,Umbra Media,Free,2,0.0,2024-12-15,2026-12-15,False
BUS-003912,Initech Studios,Free,3,0.0,2025-04-11,2027-04-11,False
BUS-003913,Initech Health,Premium,61,155.91,2026-04-25,2027-04-25,False
BUS-003914,Apex Studios,Free,3,0.0,2023-09-22,2026-09-21,False
BUS-003915,Summit Foods,Mid,14,82.29,2025-12-18,2026-12-18,False
BUS-003916,Stellar Health,Premium,46,588.65,2025-12-11,2026-12-11,False
BUS-003917,Cobalt Media,Free,1,0.0,2023-06-12,2026-06-11,False
BUS-003918,Nova Trading,Free,3,0.0,2023-09-15,2026-09-14,False
BUS-003919,Apex Health,Mid,11,60.43,2024-07-03,2026-07-03,False
BUS-003920,Summit Labs,Free,3,0.0,2025-07-31,2026-07-31,False
BUS-003921,Globex Consulting,Free,3,0.0,2025-06-29,2026-06-29,False
BUS-003922,Cobalt Group,Free,1,0.0,2026-03-02,2027-03-02,False
BUS-003923,Apex Studios,Free,1,0.0,2024-11-16,2026-11-16,False
BUS-003924,Pioneer Supply,Premium,82,714.1,2026-02-24,2027-02-24,False
BUS-003925,Cobalt Auto,Free,1,0.0,2025-11-11,2026-11-11,False
BUS-003926,Bright Group,Free,1,0.0,2023-10-29,2026-10-28,False
BUS-003927,Harbor Partners,Free,3,0.0,2023-12-05,2026-12-04,False
BUS-003928,Acme Health,Free,3,0.0,2024-09-17,2026-09-17,False
BUS-003929,Cedar Bakery,Free,2,0.0,2023-08-03,2026-08-02,False
BUS-003930,Cobalt Media,Mid,8,45.79,2025-12-07,2026-12-07,False
BUS-003931,Cobalt Partners,Premium,22,157.64,2023-07-23,2026-07-22,False
BUS-003932,Cobalt Auto,Free,1,0.0,2025-12-05,2026-12-05,False
BUS-003933,Vertex Trading,Free,2,0.0,2025-11-09,2026-11-09,False
BUS-003934,Stellar Partners,Free,2,0.0,2025-12-10,2026-12-10,False
BUS-003935,Stellar Health,Free,2,0.0,2026-02-11,2027-02-11,False
BUS-003936,Iron Health,Mid,15,50.57,2024-08-07,2026-08-07,False
BUS-003937,Cobalt Group,Free,1,0.0,2024-10-27,2026-10-27,False
BUS-003938,Nova Foods,Free,3,0.0,2024-01-04,2027-01-03,False
BUS-003939,Cobalt Group,Free,1,0.0,2026-04-24,2027-04-24,False
BUS-003940,Cobalt Trading,Free,3,0.0,2025-12-09,2026-12-09,False
BUS-003941,Initech Partners,Premium,98,484.42,2024-05-03,2027-05-03,False
BUS-003942,Pioneer Supply,Mid,13,41.65,2024-05-24,2027-05-24,True
BUS-003943,Initech Auto,Free,2,0.0,2026-02-18,2027-02-18,False
BUS-003944,Initech Bakery,Free,2,0.0,2024-05-25,2027-05-25,False
BUS-003945,Cedar Supply,Free,2,0.0,2024-11-17,2026-11-17,False
BUS-003946,Globex Partners,Mid,6,72.16,2025-09-07,2026-09-07,False
BUS-003947,Acme Health,Mid,3,33.54,2026-04-11,2027-04-11,False
BUS-003948,Cedar Labs,Free,2,0.0,2025-09-06,2026-09-06,False
BUS-003949,Vertex Logistics,Premium,41,512.52,2025-07-02,2026-07-02,False
BUS-003950,Vertex Trading,Mid,3,77.67,2024-03-12,2027-03-12,False
BUS-003951,Cedar Labs,Free,2,0.0,2024-02-07,2027-02-06,False
BUS-003952,Vertex Media,Mid,11,67.83,2025-06-28,2026-06-28,False
BUS-003953,Bright Retail,Free,2,0.0,2024-10-03,2026-10-03,False
BUS-003954,Nova Retail,Premium,40,355.53,2023-12-31,2026-12-30,False
BUS-003955,Summit Builders,Free,1,0.0,2023-09-18,2026-09-17,False
BUS-003956,Bright Partners,Premium,74,694.73,2026-01-15,2027-01-15,False
BUS-003957,Globex Consulting,Free,3,0.0,2023-08-19,2026-08-18,False
BUS-003958,Initech Health,Free,3,0.0,2025-09-06,2026-09-06,False
BUS-003959,Apex Supply,Premium,20,205.13,2025-07-11,2026-07-11,False
BUS-003960,Harbor Trading,Free,2,0.0,2024-10-17,2026-10-17,False
BUS-003961,Vertex Bakery,Free,2,0.0,2024-12-27,2026-12-27,False
BUS-003962,Globex Health,Free,3,0.0,2024-01-30,2027-01-29,False
BUS-003963,Nova Labs,Premium,97,553.34,2025-06-13,2026-06-13,False
BUS-003964,Acme Partners,Free,3,0.0,2023-09-14,2026-09-13,False
BUS-003965,Cedar Health,Free,2,0.0,2024-04-20,2027-04-20,False
BUS-003966,Nova Retail,Free,3,0.0,2026-01-08,2027-01-08,False
BUS-003967,Apex Logistics,Free,1,0.0,2024-09-19,2026-09-19,False
BUS-003968,Bright Partners,Mid,12,53.73,2024-12-21,2026-12-21,False
BUS-003969,Harbor Supply,Mid,9,39.26,2024-01-21,2027-01-20,False
BUS-003970,Nova Supply,Premium,56,289.25,2026-04-07,2027-04-07,False
BUS-003971,Acme Studios,Free,3,0.0,2024-08-26,2026-08-26,False
BUS-003972,Acme Retail,Free,3,0.0,2023-10-29,2026-10-28,False
BUS-003973,Globex Supply,Premium,76,390.77,2024-06-26,2026-06-26,False
BUS-003974,Quantum Group,Free,2,0.0,2024-02-14,2027-02-13,False
BUS-003975,Bright Builders,Mid,8,33.08,2025-11-06,2026-11-06,False
BUS-003976,Stellar Trading,Mid,12,68.15,2025-08-30,2026-08-30,True
BUS-003977,Nova Auto,Mid,5,34.11,2025-01-04,2027-01-04,False
BUS-003978,Harbor Consulting,Free,3,0.0,2024-11-13,2026-11-13,False
BUS-003979,Pioneer Foods,Mid,15,95.99,2024-04-05,2027-04-05,False
BUS-003980,Apex Trading,Premium,83,539.56,2025-04-17,2027-04-17,False
BUS-003981,Globex Studios,Free,3,0.0,2023-12-05,2026-12-04,False
BUS-003982,Summit Media,Premium,69,359.29,2023-07-30,2026-07-29,False
BUS-003983,Globex Media,Free,2,0.0,2025-07-28,2026-07-28,False
BUS-003984,Summit Media,Free,3,0.0,2024-10-05,2026-10-05,False
BUS-003985,Acme Bakery,Free,1,0.0,2025-08-23,2026-08-23,False
BUS-003986,Summit Health,Mid,12,57.25,2024-05-17,2027-05-17,False
BUS-003987,Pioneer Studios,Mid,9,98.62,2025-06-17,2026-06-17,False
BUS-003988,Globex Media,Free,3,0.0,2023-07-26,2026-07-25,False
BUS-003989,Bright Studios,Mid,9,30.85,2024-01-19,2027-01-18,True
BUS-003990,Iron Labs,Free,2,0.0,2026-03-03,2027-03-03,False
BUS-003991,Bright Supply,Free,3,0.0,2025-06-23,2026-06-23,False
BUS-003992,Initech Auto,Free,1,0.0,2024-05-11,2027-05-11,False
BUS-003993,Pioneer Retail,Free,1,0.0,2025-12-10,2026-12-10,False
BUS-003994,Umbra Media,Mid,4,60.89,2025-11-01,2026-11-01,False
BUS-003995,Iron Trading,Free,2,0.0,2023-05-22,2027-05-21,False
BUS-003996,Summit Logistics,Free,1,0.0,2024-11-27,2026-11-27,False
BUS-003997,Summit Works,Free,3,0.0,2024-07-05,2026-07-05,False
BUS-003998,Pioneer Retail,Mid,3,79.68,2024-11-09,2026-11-09,False
BUS-003999,Globex Media,Free,2,0.0,2023-09-20,2026-09-19,False
BUS-004000,Apex Group,Mid,4,70.09,2025-11-22,2026-11-22,False
BUS-004001,Stellar Group,Premium,48,658.57,2024-01-27,2027-01-26,False
BUS-004002,Stellar Media,Free,1,0.0,2025-01-08,2027-01-08,False
BUS-004003,Acme Auto,Mid,10,48.47,2023-10-05,2026-10-04,False
BUS-004004,Cobalt Partners,Mid,3,84.04,2024-12-23,2026-12-23,False
BUS-004005,Umbra Consulting,Mid,4,67.94,2024-12-20,2026-12-20,False
BUS-004006,Bright Partners,Free,3,0.0,2024-04-27,2027-04-27,False
BUS-004007,Cobalt Retail,Free,1,0.0,2025-07-14,2026-07-14,False
BUS-004008,Globex Consulting,Mid,5,44.72,2024-01-26,2027-01-25,False
BUS-004009,Apex Works,Premium,27,343.3,2025-06-03,2027-06-03,False
BUS-004010,Cedar Consulting,Free,3,0.0,2025-04-17,2027-04-17,False
BUS-004011,Quantum Media,Free,1,0.0,2025-06-12,2026-06-12,False
BUS-004012,Umbra Builders,Mid,3,39.57,2025-04-26,2027-04-26,True
BUS-004013,Vertex Builders,Mid,3,34.57,2025-04-13,2027-04-13,False
BUS-004014,Cobalt Logistics,Free,1,0.0,2024-09-03,2026-09-03,False
BUS-004015,Cobalt Media,Mid,11,40.45,2026-04-16,2027-04-16,False
BUS-004016,Nova Supply,Mid,16,35.89,2024-10-31,2026-10-31,False
BUS-004017,Bright Logistics,Free,2,0.0,2024-07-11,2026-07-11,False
BUS-004018,Acme Labs,Free,1,0.0,2025-08-23,2026-08-23,False
BUS-004019,Nova Consulting,Mid,9,85.2,2024-12-17,2026-12-17,False
BUS-004020,Cobalt Works,Mid,9,99.5,2025-06-30,2026-06-30,False
BUS-004021,Initech Group,Free,1,0.0,2025-03-13,2027-03-13,False
BUS-004022,Apex Supply,Premium,74,569.91,2026-02-24,2027-02-24,False
BUS-004023,Acme Retail,Premium,71,166.97,2023-11-09,2026-11-08,False
BUS-004024,Harbor Consulting,Mid,3,46.66,2026-02-23,2027-02-23,False
BUS-004025,Globex Partners,Mid,15,51.3,2024-09-22,2026-09-22,True
BUS-004026,Cedar Labs,Mid,7,80.95,2025-08-07,2026-08-07,False
BUS-004027,Bright Works,Mid,16,60.4,2024-04-13,2027-04-13,False
BUS-004028,Bright Consulting,Free,2,0.0,2026-04-30,2027-04-30,False
BUS-004029,Apex Retail,Free,1,0.0,2024-12-19,2026-12-19,False
BUS-004030,Cedar Group,Mid,13,98.75,2024-01-29,2027-01-28,False
BUS-004031,Cobalt Retail,Mid,7,70.16,2024-11-03,2026-11-03,False
BUS-004032,Cedar Logistics,Free,1,0.0,2023-08-16,2026-08-15,False
BUS-004033,Bright Trading,Free,3,0.0,2023-07-03,2026-07-02,False
BUS-004034,Summit Retail,Mid,12,92.21,2024-07-31,2026-07-31,True
BUS-004035,Summit Retail,Free,2,0.0,2023-11-23,2026-11-22,False
BUS-004036,Cedar Supply,Free,3,0.0,2025-02-03,2027-02-03,False
BUS-004037,Initech Bakery,Free,1,0.0,2025-06-17,2026-06-17,False
BUS-004038,Quantum Builders,Free,2,0.0,2024-06-08,2026-06-08,False
BUS-004039,Vertex Works,Free,3,0.0,2025-12-06,2026-12-06,False
BUS-004040,Nova Retail,Free,3,0.0,2025-06-04,2026-06-04,False
BUS-004041,Summit Consulting,Mid,11,79.22,2024-08-20,2026-08-20,False
BUS-004042,Iron Partners,Mid,17,74.59,2024-06-05,2026-06-05,False
BUS-004043,Nova Studios,Free,3,0.0,2023-07-13,2026-07-12,False
BUS-004044,Globex Media,Free,3,0.0,2023-08-19,2026-08-18,False
BUS-004045,Apex Logistics,Mid,16,50.31,2024-03-01,2027-03-01,False
BUS-004046,Pioneer Supply,Premium,35,568.74,2024-11-27,2026-11-27,False
BUS-004047,Apex Labs,Free,3,0.0,2024-10-26,2026-10-26,False
BUS-004048,Apex Retail,Mid,8,66.07,2023-11-08,2026-11-07,False
BUS-004049,Iron Studios,Premium,79,294.87,2026-04-27,2027-04-27,False
BUS-004050,Globex Studios,Free,1,0.0,2026-01-21,2027-01-21,False
BUS-004051,Nova Labs,Free,2,0.0,2024-02-04,2027-02-03,False
BUS-004052,Harbor Works,Free,2,0.0,2024-05-05,2027-05-05,False
BUS-004053,Apex Media,Mid,9,96.58,2024-06-27,2026-06-27,False
BUS-004054,Pioneer Bakery,Free,2,0.0,2023-07-29,2026-07-28,False
BUS-004055,Cedar Labs,Premium,32,302.86,2023-12-04,2026-12-03,False
BUS-004056,Iron Media,Free,2,0.0,2023-05-28,2027-05-27,False
BUS-004057,Summit Trading,Free,2,0.0,2025-08-06,2026-08-06,False
BUS-004058,Pioneer Builders,Free,2,0.0,2024-03-12,2027-03-12,False
BUS-004059,Cedar Health,Free,1,0.0,2025-05-11,2027-05-11,False
BUS-004060,Summit Labs,Free,3,0.0,2023-09-10,2026-09-09,False
BUS-004061,Bright Group,Free,1,0.0,2025-03-18,2027-03-18,False
BUS-004062,Cobalt Trading,Free,1,0.0,2024-07-22,2026-07-22,False
BUS-004063,Globex Health,Mid,10,31.39,2024-12-18,2026-12-18,False
BUS-004064,Bright Trading,Mid,7,40.77,2025-02-24,2027-02-24,False
BUS-004065,Globex Foods,Free,3,0.0,2024-06-22,2026-06-22,False
BUS-004066,Initech Retail,Free,3,0.0,2024-10-12,2026-10-12,False
BUS-004067,Bright Logistics,Free,3,0.0,2026-04-10,2027-04-10,False
BUS-004068,Cedar Media,Mid,10,71.75,2023-08-11,2026-08-10,True
BUS-004069,Pioneer Supply,Premium,81,311.24,2025-03-01,2027-03-01,False
BUS-004070,Iron Retail,Mid,11,30.92,2024-07-23,2026-07-23,False
BUS-004071,Summit Labs,Free,2,0.0,2023-08-01,2026-07-31,False
BUS-004072,Acme Media,Mid,10,74.82,2025-02-02,2027-02-02,False
BUS-004073,Bright Labs,Mid,13,83.29,2026-02-01,2027-02-01,True
BUS-004074,Cedar Studios,Free,3,0.0,2024-12-07,2026-12-07,False
BUS-004075,Pioneer Studios,Mid,15,89.96,2025-01-12,2027-01-12,False
BUS-004076,Iron Retail,Free,2,0.0,2026-03-30,2027-03-30,False
BUS-004077,Iron Works,Mid,5,32.86,2025-10-19,2026-10-19,False
BUS-004078,Iron Auto,Free,3,0.0,2023-11-22,2026-11-21,False
BUS-004079,Bright Builders,Mid,4,75.94,2025-12-19,2026-12-19,False
BUS-004080,Stellar Labs,Premium,97,463.61,2025-06-13,2026-06-13,False
BUS-004081,Harbor Supply,Free,3,0.0,2025-08-13,2026-08-13,False
BUS-004082,Vertex Foods,Mid,15,95.63,2025-09-29,2026-09-29,False
BUS-004083,Pioneer Supply,Mid,6,41.78,2023-12-07,2026-12-06,True
BUS-004084,Cobalt Health,Mid,15,49.6,2023-10-07,2026-10-06,False
BUS-004085,Stellar Labs,Premium,36,209.19,2023-11-08,2026-11-07,False
BUS-004086,Initech Auto,Free,1,0.0,2025-02-21,2027-02-21,False
BUS-004087,Iron Studios,Free,3,0.0,2025-11-01,2026-11-01,False
BUS-004088,Pioneer Media,Free,1,0.0,2024-03-14,2027-03-14,False
BUS-004089,Nova Foods,Mid,9,73.6,2026-03-18,2027-03-18,False
BUS-004090,Quantum Partners,Free,3,0.0,2025-07-13,2026-07-13,False
BUS-004091,Acme Studios,Free,3,0.0,2023-07-10,2026-07-09,False
BUS-004092,Globex Group,Premium,39,432.92,2026-01-09,2027-01-09,False
BUS-004093,Globex Builders,Free,2,0.0,2023-10-30,2026-10-29,False
BUS-004094,Iron Group,Mid,10,70.66,2024-11-19,2026-11-19,True
BUS-004095,Initech Trading,Free,2,0.0,2025-03-16,2027-03-16,False
BUS-004096,Initech Media,Mid,14,44.71,2023-06-16,2026-06-15,True
BUS-004097,Pioneer Supply,Free,1,0.0,2024-08-23,2026-08-23,False
BUS-004098,Cedar Works,Free,3,0.0,2025-02-28,2027-02-28,False
BUS-004099,Nova Labs,Free,3,0.0,2026-03-19,2027-03-19,False
BUS-004100,Umbra Consulting,Mid,9,35.55,2025-01-02,2027-01-02,False
BUS-004101,Harbor Logistics,Free,3,0.0,2026-03-08,2027-03-08,False
BUS-004102,Nova Supply,Free,3,0.0,2025-10-12,2026-10-12,False
BUS-004103,Acme Partners,Mid,15,83.37,2023-06-23,2026-06-22,False
BUS-004104,Globex Bakery,Free,2,0.0,2024-03-01,2027-03-01,False
BUS-004105,Quantum Partners,Free,3,0.0,2025-08-07,2026-08-07,False
BUS-004106,Quantum Foods,Mid,12,68.84,2024-03-02,2027-03-02,False
BUS-004107,Bright Health,Free,3,0.0,2023-06-22,2026-06-21,False
BUS-004108,Globex Group,Mid,10,94.49,2024-12-24,2026-12-24,False
BUS-004109,Bright Foods,Free,2,0.0,2023-06-23,2026-06-22,False
BUS-004110,Acme Partners,Premium,34,352.99,2023-11-03,2026-11-02,False
BUS-004111,Vertex Retail,Free,3,0.0,2025-10-09,2026-10-09,False
BUS-004112,Globex Media,Free,2,0.0,2024-06-07,2026-06-07,False
BUS-004113,Nova Logistics,Free,1,0.0,2024-05-02,2027-05-02,False
BUS-004114,Cedar Builders,Free,3,0.0,2025-02-03,2027-02-03,False
BUS-004115,Stellar Bakery,Free,2,0.0,2024-04-12,2027-04-12,False
BUS-004116,Globex Bakery,Premium,49,188.33,2023-08-19,2026-08-18,False
BUS-004117,Stellar Supply,Mid,17,45.88,2024-07-13,2026-07-13,False
BUS-004118,Harbor Supply,Free,2,0.0,2025-09-13,2026-09-13,False
BUS-004119,Iron Works,Mid,15,67.37,2025-12-03,2026-12-03,False
BUS-004120,Summit Builders,Mid,11,33.74,2025-07-17,2026-07-17,False
BUS-004121,Cedar Group,Free,3,0.0,2024-09-14,2026-09-14,False
BUS-004122,Quantum Group,Premium,83,636.12,2026-03-15,2027-03-15,False
BUS-004123,Stellar Studios,Mid,9,96.76,2026-03-21,2027-03-21,True
BUS-004124,Stellar Bakery,Mid,10,45.3,2023-07-18,2026-07-17,False
BUS-004125,Iron Consulting,Free,2,0.0,2024-04-15,2027-04-15,False
BUS-004126,Apex Retail,Mid,14,76.86,2023-11-17,2026-11-16,False
BUS-004127,Pioneer Health,Mid,5,69.55,2025-11-04,2026-11-04,False
BUS-004128,Apex Auto,Mid,16,45.87,2025-05-11,2027-05-11,False
BUS-004129,Quantum Group,Free,2,0.0,2024-11-30,2026-11-30,False
BUS-004130,Apex Partners,Mid,3,96.27,2025-03-06,2027-03-06,False
BUS-004131,Pioneer Health,Mid,9,42.37,2025-08-27,2026-08-27,False
BUS-004132,Umbra Group,Mid,17,73.9,2024-11-02,2026-11-02,False
BUS-004133,Acme Consulting,Free,1,0.0,2024-06-14,2026-06-14,False
BUS-004134,Apex Logistics,Premium,19,458.17,2025-10-24,2026-10-24,False
BUS-004135,Summit Builders,Mid,7,92.39,2025-10-14,2026-10-14,False
BUS-004136,Cedar Retail,Mid,9,78.93,2026-01-05,2027-01-05,False
BUS-004137,Nova Studios,Mid,15,61.48,2026-03-13,2027-03-13,False
BUS-004138,Stellar Labs,Free,2,0.0,2024-12-26,2026-12-26,False
BUS-004139,Acme Supply,Mid,9,97.32,2024-05-22,2027-05-22,False
BUS-004140,Iron Works,Mid,5,38.16,2025-04-13,2027-04-13,False
BUS-004141,Bright Group,Free,3,0.0,2024-03-22,2027-03-22,False
BUS-004142,Nova Media,Free,1,0.0,2026-05-01,2027-05-01,False
BUS-004143,Globex Studios,Mid,17,46.84,2025-05-13,2027-05-13,False
BUS-004144,Globex Logistics,Mid,16,38.96,2025-02-08,2027-02-08,False
BUS-004145,Quantum Group,Premium,36,585.12,2023-12-19,2026-12-18,False
BUS-004146,Umbra Partners,Free,3,0.0,2026-04-01,2027-04-01,False
BUS-004147,Summit Builders,Premium,88,193.3,2025-07-02,2026-07-02,False
BUS-004148,Stellar Foods,Mid,4,49.2,2026-03-10,2027-03-10,False
BUS-004149,Pioneer Group,Mid,8,34.39,2024-08-20,2026-08-20,False
BUS-004150,Globex Bakery,Premium,27,671.13,2024-03-24,2027-03-24,False
BUS-004151,Nova Supply,Free,1,0.0,2023-08-06,2026-08-05,False
BUS-004152,Apex Media,Free,3,0.0,2024-05-04,2027-05-04,False
BUS-004153,Cobalt Works,Free,1,0.0,2025-04-25,2027-04-25,False
BUS-004154,Summit Trading,Free,2,0.0,2025-10-27,2026-10-27,False
BUS-004155,Acme Consulting,Free,3,0.0,2024-07-11,2026-07-11,False
BUS-004156,Cedar Health,Mid,8,54.03,2025-03-04,2027-03-04,False
BUS-004157,Cobalt Studios,Premium,42,675.0,2024-02-07,2027-02-06,False
BUS-004158,Acme Health,Free,3,0.0,2025-01-21,2027-01-21,False
BUS-004159,Initech Builders,Free,1,0.0,2025-01-11,2027-01-11,False
BUS-004160,Pioneer Partners,Premium,45,376.78,2025-11-14,2026-11-14,False
BUS-004161,Pioneer Logistics,Free,1,0.0,2025-07-04,2026-07-04,False
BUS-004162,Iron Media,Free,3,0.0,2023-10-10,2026-10-09,False
BUS-004163,Summit Labs,Free,1,0.0,2026-04-18,2027-04-18,False
BUS-004164,Bright Bakery,Mid,7,47.07,2023-07-25,2026-07-24,False
BUS-004165,Globex Trading,Free,1,0.0,2024-03-30,2027-03-30,False
BUS-004166,Quantum Logistics,Free,3,0.0,2023-08-25,2026-08-24,False
BUS-004167,Harbor Logistics,Free,3,0.0,2025-11-13,2026-11-13,False
BUS-004168,Bright Consulting,Premium,42,287.3,2023-08-23,2026-08-22,False
BUS-004169,Umbra Trading,Mid,15,31.03,2025-11-27,2026-11-27,False
BUS-004170,Nova Media,Mid,9,74.16,2024-07-18,2026-07-18,False
BUS-004171,Bright Retail,Mid,16,33.7,2026-04-30,2027-04-30,True
BUS-004172,Pioneer Builders,Free,3,0.0,2025-12-08,2026-12-08,False
BUS-004173,Acme Supply,Free,3,0.0,2025-03-29,2027-03-29,False
BUS-004174,Globex Consulting,Free,1,0.0,2025-03-31,2027-03-31,False
BUS-004175,Acme Media,Premium,65,674.57,2024-06-17,2026-06-17,False
BUS-004176,Umbra Health,Premium,27,250.92,2025-10-21,2026-10-21,False
BUS-004177,Harbor Logistics,Mid,3,58.26,2023-08-25,2026-08-24,True
BUS-004178,Acme Bakery,Free,3,0.0,2025-07-18,2026-07-18,False
BUS-004179,Stellar Studios,Premium,61,404.65,2024-12-09,2026-12-09,False
BUS-004180,Globex Trading,Free,1,0.0,2024-10-12,2026-10-12,False
BUS-004181,Vertex Consulting,Premium,39,671.44,2025-08-10,2026-08-10,False
BUS-004182,Acme Bakery,Free,2,0.0,2025-07-22,2026-07-22,False
BUS-004183,Umbra Retail,Premium,88,604.51,2025-12-01,2026-12-01,False
BUS-004184,Quantum Bakery,Free,2,0.0,2025-03-02,2027-03-02,False
BUS-004185,Pioneer Consulting,Free,3,0.0,2025-05-13,2027-05-13,False
BUS-004186,Vertex Foods,Free,1,0.0,2025-02-19,2027-02-19,False
BUS-004187,Harbor Studios,Mid,7,53.49,2024-01-12,2027-01-11,False
BUS-004188,Apex Health,Free,1,0.0,2023-07-14,2026-07-13,False
BUS-004189,Vertex Builders,Mid,7,72.66,2023-12-10,2026-12-09,False
BUS-004190,Globex Auto,Mid,9,60.06,2024-11-02,2026-11-02,False
BUS-004191,Quantum Builders,Free,2,0.0,2023-09-08,2026-09-07,False
BUS-004192,Cobalt Foods,Mid,11,74.59,2024-04-26,2027-04-26,False
BUS-004193,Vertex Supply,Free,1,0.0,2024-06-18,2026-06-18,False
BUS-004194,Initech Builders,Premium,61,372.56,2024-06-23,2026-06-23,False
BUS-004195,Pioneer Foods,Free,2,0.0,2025-06-16,2026-06-16,False
BUS-004196,Bright Health,Premium,75,186.35,2024-01-02,2027-01-01,False
BUS-004197,Quantum Foods,Free,2,0.0,2024-04-08,2027-04-08,False
BUS-004198,Vertex Health,Free,3,0.0,2024-04-05,2027-04-05,False
BUS-004199,Bright Media,Premium,44,704.28,2024-02-18,2027-02-17,False
BUS-004200,Harbor Foods,Mid,8,44.59,2024-01-20,2027-01-19,True
BUS-004201,Cobalt Studios,Free,1,0.0,2024-02-29,2027-02-28,False
BUS-004202,Initech Consulting,Free,2,0.0,2023-09-05,2026-09-04,False
BUS-004203,Quantum Media,Mid,16,75.14,2023-12-30,2026-12-29,False
BUS-004204,Bright Media,Free,3,0.0,2024-09-25,2026-09-25,False
BUS-004205,Acme Group,Free,2,0.0,2024-12-16,2026-12-16,False
BUS-004206,Cobalt Foods,Mid,9,81.15,2025-07-07,2026-07-07,False
BUS-004207,Pioneer Foods,Mid,15,92.26,2025-11-27,2026-11-27,False
BUS-004208,Stellar Works,Mid,11,35.83,2024-02-18,2027-02-17,False
BUS-004209,Cobalt Retail,Free,1,0.0,2026-03-18,2027-03-18,False
BUS-004210,Cobalt Consulting,Free,2,0.0,2026-01-04,2027-01-04,False
BUS-004211,Bright Partners,Mid,15,30.28,2025-10-21,2026-10-21,False
BUS-004212,Apex Builders,Premium,12,483.56,2025-07-22,2026-07-22,False
BUS-004213,Apex Retail,Mid,4,39.23,2025-08-27,2026-08-27,False
BUS-004214,Harbor Builders,Mid,7,84.81,2023-11-11,2026-11-10,False
BUS-004215,Summit Auto,Mid,14,70.47,2025-06-02,2027-06-02,False
BUS-004216,Iron Studios,Mid,6,94.2,2025-04-08,2027-04-08,False
BUS-004217,Apex Builders,Mid,12,90.24,2024-08-27,2026-08-27,True
BUS-004218,Umbra Consulting,Free,3,0.0,2025-11-22,2026-11-22,False
BUS-004219,Initech Group,Mid,14,93.77,2024-09-13,2026-09-13,False
BUS-004220,Bright Foods,Free,3,0.0,2026-03-13,2027-03-13,False
BUS-004221,Globex Bakery,Free,1,0.0,2025-09-19,2026-09-19,False
BUS-004222,Umbra Supply,Premium,23,251.88,2026-03-09,2027-03-09,False
BUS-004223,Globex Logistics,Mid,6,69.74,2024-10-24,2026-10-24,False
BUS-004224,Cedar Retail,Free,1,0.0,2024-10-24,2026-10-24,False
BUS-004225,Cobalt Retail,Free,3,0.0,2023-12-28,2026-12-27,False
BUS-004226,Summit Trading,Premium,45,470.09,2025-10-11,2026-10-11,False
BUS-004227,Globex Logistics,Mid,11,85.8,2024-11-07,2026-11-07,True
BUS-004228,Initech Builders,Premium,73,510.3,2026-02-16,2027-02-16,False
BUS-004229,Summit Logistics,Premium,21,212.24,2026-04-13,2027-04-13,False
BUS-004230,Globex Studios,Mid,3,89.39,2025-06-08,2026-06-08,False
BUS-004231,Umbra Supply,Free,2,0.0,2024-01-01,2026-12-31,False
BUS-004232,Globex Foods,Premium,14,598.79,2025-12-07,2026-12-07,False
BUS-004233,Cedar Media,Free,1,0.0,2025-03-20,2027-03-20,False
BUS-004234,Globex Retail,Free,2,0.0,2025-06-19,2026-06-19,False
BUS-004235,Globex Partners,Free,1,0.0,2023-12-15,2026-12-14,False
BUS-004236,Apex Trading,Mid,13,36.73,2025-10-12,2026-10-12,False
BUS-004237,Initech Partners,Free,2,0.0,2025-10-14,2026-10-14,False
BUS-004238,Summit Labs,Free,1,0.0,2025-10-16,2026-10-16,False
BUS-004239,Vertex Logistics,Premium,48,693.73,2026-04-26,2027-04-26,False
BUS-004240,Iron Health,Free,1,0.0,2025-08-06,2026-08-06,False
BUS-004241,Stellar Group,Free,2,0.0,2025-12-02,2026-12-02,False
BUS-004242,Cobalt Supply,Free,3,0.0,2024-04-10,2027-04-10,False
BUS-004243,Initech Foods,Free,2,0.0,2025-04-15,2027-04-15,False
BUS-004244,Umbra Supply,Mid,4,32.63,2023-07-17,2026-07-16,False
BUS-004245,Vertex Foods,Free,3,0.0,2024-09-25,2026-09-25,False
BUS-004246,Quantum Logistics,Mid,4,54.38,2026-01-26,2027-01-26,True
BUS-004247,Bright Consulting,Premium,37,348.9,2024-01-14,2027-01-13,False
BUS-004248,Pioneer Media,Free,2,0.0,2024-12-02,2026-12-02,False
BUS-004249,Cobalt Health,Free,2,0.0,2025-05-10,2027-05-10,False
BUS-004250,Summit Partners,Premium,10,233.36,2024-04-20,2027-04-20,False
BUS-004251,Cedar Auto,Mid,4,95.4,2023-09-22,2026-09-21,False
BUS-004252,Quantum Trading,Free,3,0.0,2024-10-03,2026-10-03,False
BUS-004253,Bright Works,Free,1,0.0,2024-06-06,2026-06-06,False
BUS-004254,Stellar Auto,Free,3,0.0,2024-02-01,2027-01-31,False
BUS-004255,Nova Consulting,Free,3,0.0,2024-09-05,2026-09-05,False
BUS-004256,Iron Studios,Free,3,0.0,2025-11-09,2026-11-09,False
BUS-004257,Apex Auto,Free,1,0.0,2024-04-24,2027-04-24,False
BUS-004258,Cobalt Labs,Free,2,0.0,2026-04-18,2027-04-18,False
BUS-004259,Quantum Labs,Mid,4,50.58,2024-10-19,2026-10-19,True
BUS-004260,Vertex Builders,Premium,58,455.55,2023-12-24,2026-12-23,False
BUS-004261,Iron Bakery,Free,3,0.0,2023-06-21,2026-06-20,False
BUS-004262,Bright Trading,Premium,10,731.05,2024-01-12,2027-01-11,False
BUS-004263,Nova Labs,Mid,15,83.18,2023-08-13,2026-08-12,True
BUS-004264,Umbra Bakery,Free,1,0.0,2025-04-06,2027-04-06,False
BUS-004265,Nova Foods,Free,3,0.0,2025-06-08,2026-06-08,False
BUS-004266,Vertex Studios,Free,1,0.0,2025-04-29,2027-04-29,False
BUS-004267,Cobalt Media,Free,3,0.0,2024-10-13,2026-10-13,False
BUS-004268,Globex Labs,Premium,77,265.56,2024-09-03,2026-09-03,False
BUS-004269,Iron Bakery,Free,1,0.0,2024-11-02,2026-11-02,False
BUS-004270,Quantum Auto,Free,1,0.0,2025-09-10,2026-09-10,False
BUS-004271,Iron Studios,Mid,16,89.71,2024-07-30,2026-07-30,False
BUS-004272,Acme Group,Free,3,0.0,2025-08-09,2026-08-09,False
BUS-004273,Cobalt Trading,Free,3,0.0,2024-04-28,2027-04-28,False
BUS-004274,Acme Logistics,Mid,10,66.69,2026-03-06,2027-03-06,True
BUS-004275,Summit Media,Free,2,0.0,2025-10-07,2026-10-07,False
BUS-004276,Nova Bakery,Free,1,0.0,2024-06-22,2026-06-22,False
BUS-004277,Iron Health,Premium,43,322.75,2024-01-16,2027-01-15,False
BUS-004278,Quantum Labs,Mid,13,39.02,2026-02-19,2027-02-19,False
BUS-004279,Acme Foods,Free,2,0.0,2023-07-20,2026-07-19,False
BUS-004280,Nova Bakery,Free,3,0.0,2025-09-10,2026-09-10,False
BUS-004281,Cedar Foods,Free,3,0.0,2023-11-06,2026-11-05,False
BUS-004282,Harbor Media,Mid,9,71.74,2026-04-06,2027-04-06,False
BUS-004283,Acme Builders,Premium,73,620.55,2024-08-16,2026-08-16,False
BUS-004284,Bright Group,Free,3,0.0,2026-05-03,2027-05-03,False
BUS-004285,Bright Labs,Mid,3,78.26,2024-04-29,2027-04-29,False
BUS-004286,Apex Media,Free,3,0.0,2026-01-25,2027-01-25,False
BUS-004287,Iron Builders,Free,1,0.0,2025-01-11,2027-01-11,False
BUS-004288,Apex Media,Free,1,0.0,2025-11-16,2026-11-16,False
BUS-004289,Quantum Group,Free,2,0.0,2025-10-26,2026-10-26,False
BUS-004290,Quantum Labs,Mid,4,50.92,2026-01-05,2027-01-05,True
BUS-004291,Apex Consulting,Free,1,0.0,2023-08-28,2026-08-27,False
BUS-004292,Cobalt Consulting,Mid,16,57.84,2024-10-30,2026-10-30,False
BUS-004293,Vertex Foods,Free,1,0.0,2024-10-04,2026-10-04,False
BUS-004294,Acme Trading,Mid,17,47.54,2025-02-23,2027-02-23,False
BUS-004295,Summit Bakery,Free,2,0.0,2025-08-19,2026-08-19,False
BUS-004296,Harbor Media,Mid,8,47.26,2024-02-09,2027-02-08,False
BUS-004297,Apex Consulting,Free,2,0.0,2026-03-07,2027-03-07,False
BUS-004298,Vertex Auto,Mid,12,86.63,2026-04-04,2027-04-04,True
BUS-004299,Quantum Studios,Free,1,0.0,2025-02-22,2027-02-22,False
BUS-004300,Quantum Logistics,Mid,8,77.3,2024-09-15,2026-09-15,False
BUS-004301,Apex Foods,Free,3,0.0,2025-07-23,2026-07-23,False
BUS-004302,Bright Supply,Free,1,0.0,2025-07-22,2026-07-22,False
BUS-004303,Iron Consulting,Free,3,0.0,2025-10-31,2026-10-31,False
BUS-004304,Nova Studios,Free,2,0.0,2025-06-17,2026-06-17,False
BUS-004305,Iron Consulting,Free,1,0.0,2024-01-21,2027-01-20,False
BUS-004306,Apex Supply,Premium,55,560.7,2025-05-09,2027-05-09,False
BUS-004307,Nova Auto,Mid,10,90.09,2026-04-24,2027-04-24,False
BUS-004308,Globex Health,Mid,6,38.48,2025-01-17,2027-01-17,False
BUS-004309,Vertex Studios,Free,2,0.0,2026-04-19,2027-04-19,False
BUS-004310,Umbra Foods,Free,1,0.0,2026-01-25,2027-01-25,False
BUS-004311,Cobalt Logistics,Mid,6,56.16,2025-01-27,2027-01-27,False
BUS-004312,Harbor Group,Mid,3,34.07,2026-03-21,2027-03-21,False
BUS-004313,Harbor Supply,Free,1,0.0,2025-04-22,2027-04-22,False
BUS-004314,Pioneer Auto,Mid,13,49.65,2023-07-31,2026-07-30,True
BUS-004315,Nova Foods,Premium,49,151.47,2023-10-27,2026-10-26,False
BUS-004316,Nova Foods,Free,2,0.0,2025-02-14,2027-02-14,False
BUS-004317,Iron Logistics,Free,2,0.0,2023-09-18,2026-09-17,False
BUS-004318,Iron Health,Free,2,0.0,2024-09-18,2026-09-18,False
BUS-004319,Pioneer Retail,Mid,10,30.9,2025-09-04,2026-09-04,False
BUS-004320,Cobalt Group,Mid,14,93.87,2025-11-21,2026-11-21,False
BUS-004321,Vertex Partners,Premium,64,353.99,2024-05-29,2027-05-29,False
BUS-004322,Vertex Logistics,Mid,15,59.27,2025-08-21,2026-08-21,True
BUS-004323,Initech Trading,Mid,13,52.48,2026-01-12,2027-01-12,False
BUS-004324,Umbra Supply,Free,1,0.0,2025-12-14,2026-12-14,False
BUS-004325,Acme Supply,Free,3,0.0,2023-11-12,2026-11-11,False
BUS-004326,Nova Studios,Mid,10,74.28,2025-03-12,2027-03-12,False
BUS-004327,Pioneer Studios,Free,2,0.0,2025-08-25,2026-08-25,False
BUS-004328,Summit Auto,Free,1,0.0,2024-03-20,2027-03-20,False
BUS-004329,Initech Health,Free,2,0.0,2025-11-14,2026-11-14,False
BUS-004330,Quantum Works,Mid,12,51.81,2026-03-21,2027-03-21,True
BUS-004331,Initech Retail,Mid,15,93.58,2025-07-04,2026-07-04,False
BUS-004332,Apex Supply,Free,2,0.0,2024-05-29,2027-05-29,False
BUS-004333,Stellar Partners,Mid,5,97.96,2024-11-22,2026-11-22,True
BUS-004334,Harbor Retail,Free,3,0.0,2025-12-09,2026-12-09,False
BUS-004335,Cedar Labs,Premium,27,174.75,2025-10-15,2026-10-15,False
BUS-004336,Vertex Group,Mid,15,54.72,2023-12-10,2026-12-09,False
BUS-004337,Initech Studios,Free,1,0.0,2024-04-09,2027-04-09,False
BUS-004338,Pioneer Foods,Free,2,0.0,2024-07-26,2026-07-26,False
BUS-004339,Apex Media,Premium,41,443.41,2024-04-16,2027-04-16,False
BUS-004340,Cedar Works,Premium,59,518.16,2024-01-14,2027-01-13,False
BUS-004341,Vertex Consulting,Free,3,0.0,2023-12-14,2026-12-13,False
BUS-004342,Pioneer Bakery,Free,3,0.0,2024-09-22,2026-09-22,False
BUS-004343,Harbor Labs,Free,2,0.0,2025-07-26,2026-07-26,False
BUS-004344,Harbor Supply,Premium,84,227.77,2023-12-29,2026-12-28,False
BUS-004345,Nova Trading,Free,2,0.0,2025-09-22,2026-09-22,False
BUS-004346,Cobalt Consulting,Premium,26,600.42,2023-12-31,2026-12-30,False
BUS-004347,Stellar Builders,Mid,6,81.78,2026-03-21,2027-03-21,False
BUS-004348,Umbra Health,Mid,7,90.65,2025-12-06,2026-12-06,True
BUS-004349,Acme Consulting,Free,3,0.0,2024-04-04,2027-04-04,False
BUS-004350,Cobalt Works,Free,1,0.0,2024-09-12,2026-09-12,False
BUS-004351,Pioneer Partners,Mid,16,78.27,2026-04-22,2027-04-22,False
BUS-004352,Summit Trading,Mid,10,90.06,2025-07-28,2026-07-28,False
BUS-004353,Nova Logistics,Free,1,0.0,2025-01-18,2027-01-18,False
BUS-004354,Quantum Retail,Free,3,0.0,2025-07-14,2026-07-14,False
BUS-004355,Globex Builders,Free,3,0.0,2025-06-19,2026-06-19,False
BUS-004356,Cobalt Supply,Free,3,0.0,2024-02-16,2027-02-15,False
BUS-004357,Quantum Studios,Mid,10,30.82,2025-03-27,2027-03-27,False
BUS-004358,Acme Bakery,Mid,15,98.57,2023-06-04,2027-06-03,False
BUS-004359,Acme Trading,Free,1,0.0,2025-06-28,2026-06-28,False
BUS-004360,Cedar Studios,Premium,96,460.8,2023-07-09,2026-07-08,False
BUS-004361,Stellar Retail,Free,2,0.0,2025-03-14,2027-03-14,False
BUS-004362,Acme Consulting,Free,2,0.0,2024-03-15,2027-03-15,False
BUS-004363,Cobalt Logistics,Premium,98,474.15,2024-01-25,2027-01-24,False
BUS-004364,Cedar Health,Mid,9,30.61,2024-06-16,2026-06-16,False
BUS-004365,Bright Builders,Premium,86,229.85,2024-04-06,2027-04-06,False
BUS-004366,Pioneer Logistics,Mid,16,33.64,2025-04-15,2027-04-15,True
BUS-004367,Initech Bakery,Premium,37,374.52,2026-05-03,2027-05-03,False
BUS-004368,Pioneer Trading,Premium,47,384.9,2023-09-04,2026-09-03,False
BUS-004369,Globex Health,Free,1,0.0,2025-02-15,2027-02-15,False
BUS-004370,Summit Trading,Free,1,0.0,2025-12-30,2026-12-30,False
BUS-004371,Apex Supply,Free,1,0.0,2024-05-21,2027-05-21,False
BUS-004372,Harbor Retail,Premium,53,195.51,2025-02-21,2027-02-21,False
BUS-004373,Cedar Retail,Free,3,0.0,2025-10-05,2026-10-05,False
BUS-004374,Pioneer Trading,Free,2,0.0,2024-07-19,2026-07-19,False
BUS-004375,Umbra Supply,Free,3,0.0,2026-04-10,2027-04-10,False
BUS-004376,Summit Works,Free,2,0.0,2024-03-14,2027-03-14,False
BUS-004377,Globex Logistics,Free,2,0.0,2024-11-13,2026-11-13,False
BUS-004378,Umbra Supply,Premium,87,172.32,2023-09-30,2026-09-29,False
BUS-004379,Cobalt Bakery,Premium,77,566.35,2025-03-12,2027-03-12,False
BUS-004380,Apex Group,Free,1,0.0,2024-04-15,2027-04-15,False
BUS-004381,Initech Partners,Premium,76,736.66,2025-09-15,2026-09-15,False
BUS-004382,Stellar Consulting,Mid,9,60.7,2023-06-02,2027-06-01,False
BUS-004383,Harbor Labs,Free,2,0.0,2026-02-08,2027-02-08,False
BUS-004384,Pioneer Retail,Free,3,0.0,2025-03-06,2027-03-06,False
BUS-004385,Pioneer Group,Free,3,0.0,2025-12-18,2026-12-18,False
BUS-004386,Pioneer Foods,Free,3,0.0,2025-07-01,2026-07-01,False
BUS-004387,Vertex Health,Free,1,0.0,2024-12-14,2026-12-14,False
BUS-004388,Umbra Works,Free,2,0.0,2025-07-18,2026-07-18,False
BUS-004389,Initech Media,Premium,99,439.19,2026-02-05,2027-02-05,False
BUS-004390,Bright Partners,Free,2,0.0,2023-12-15,2026-12-14,False
BUS-004391,Harbor Retail,Mid,6,30.3,2025-03-16,2027-03-16,True
BUS-004392,Cobalt Supply,Free,2,0.0,2025-05-03,2027-05-03,False
BUS-004393,Cedar Media,Free,3,0.0,2025-02-04,2027-02-04,False
BUS-004394,Vertex Media,Free,2,0.0,2025-12-30,2026-12-30,False
BUS-004395,Summit Group,Free,3,0.0,2024-04-05,2027-04-05,False
BUS-004396,Iron Retail,Free,1,0.0,2026-04-25,2027-04-25,False
BUS-004397,Nova Labs,Premium,10,471.1,2023-09-11,2026-09-10,False
BUS-004398,Cobalt Partners,Mid,15,88.01,2025-05-28,2027-05-28,False
BUS-004399,Umbra Health,Free,3,0.0,2025-09-09,2026-09-09,False
BUS-004400,Apex Retail,Free,1,0.0,2023-08-24,2026-08-23,False
BUS-004401,Acme Works,Free,3,0.0,2025-12-30,2026-12-30,False
BUS-004402,Cedar Studios,Premium,28,193.91,2025-07-19,2026-07-19,False
BUS-004403,Cobalt Retail,Free,3,0.0,2024-09-17,2026-09-17,False
BUS-004404,Iron Partners,Premium,16,359.28,2023-08-18,2026-08-17,False
BUS-004405,Umbra Partners,Free,3,0.0,2023-12-12,2026-12-11,False
BUS-004406,Pioneer Supply,Free,2,0.0,2023-11-27,2026-11-26,False
BUS-004407,Summit Trading,Free,2,0.0,2024-01-23,2027-01-22,False
BUS-004408,Stellar Health,Mid,14,77.69,2023-05-27,2027-05-26,False
BUS-004409,Summit Studios,Mid,3,31.22,2024-04-14,2027-04-14,True
BUS-004410,Stellar Works,Premium,58,559.29,2024-04-18,2027-04-18,False
BUS-004411,Cedar Foods,Mid,14,42.76,2025-11-05,2026-11-05,False
BUS-004412,Summit Partners,Premium,11,425.19,2024-04-23,2027-04-23,False
BUS-004413,Umbra Logistics,Mid,9,33.5,2025-09-13,2026-09-13,False
BUS-004414,Globex Logistics,Premium,52,172.29,2025-10-20,2026-10-20,False
BUS-004415,Acme Labs,Free,1,0.0,2023-12-28,2026-12-27,False
BUS-004416,Pioneer Retail,Free,1,0.0,2024-02-03,2027-02-02,False
BUS-004417,Stellar Foods,Mid,16,62.81,2024-06-15,2026-06-15,False
BUS-004418,Stellar Auto,Free,3,0.0,2023-07-15,2026-07-14,False
BUS-004419,Umbra Health,Free,1,0.0,2025-04-17,2027-04-17,False
BUS-004420,Bright Supply,Mid,10,69.91,2024-12-04,2026-12-04,False
BUS-004421,Acme Retail,Premium,96,649.05,2025-06-19,2026-06-19,False
BUS-004422,Bright Group,Free,2,0.0,2025-07-24,2026-07-24,False
BUS-004423,Summit Supply,Free,3,0.0,2025-07-18,2026-07-18,False
BUS-004424,Cobalt Studios,Free,2,0.0,2025-05-29,2027-05-29,False
BUS-004425,Nova Labs,Free,1,0.0,2026-02-23,2027-02-23,False
BUS-004426,Initech Health,Free,3,0.0,2026-01-23,2027-01-23,False
BUS-004427,Acme Media,Mid,9,85.29,2024-07-19,2026-07-19,True
BUS-004428,Umbra Supply,Free,1,0.0,2023-07-25,2026-07-24,False
BUS-004429,Quantum Media,Premium,35,587.78,2025-03-25,2027-03-25,False
BUS-004430,Stellar Labs,Premium,93,695.75,2024-03-14,2027-03-14,False
BUS-004431,Globex Trading,Free,1,0.0,2026-01-08,2027-01-08,False
BUS-004432,Initech Works,Free,3,0.0,2025-01-09,2027-01-09,False
BUS-004433,Summit Trading,Free,3,0.0,2026-04-27,2027-04-27,False
BUS-004434,Harbor Builders,Free,3,0.0,2025-01-17,2027-01-17,False
BUS-004435,Globex Foods,Free,3,0.0,2025-05-01,2027-05-01,False
BUS-004436,Iron Group,Free,2,0.0,2025-02-07,2027-02-07,False
BUS-004437,Apex Consulting,Free,1,0.0,2023-12-31,2026-12-30,False
BUS-004438,Initech Studios,Free,3,0.0,2026-03-15,2027-03-15,False
BUS-004439,Initech Auto,Premium,96,531.11,2023-06-05,2026-06-04,False
BUS-004440,Cedar Works,Premium,83,331.86,2023-10-08,2026-10-07,False
BUS-004441,Initech Trading,Mid,16,54.32,2025-02-07,2027-02-07,True
BUS-004442,Quantum Labs,Premium,97,479.09,2025-02-24,2027-02-24,False
BUS-004443,Iron Health,Premium,65,448.32,2025-03-15,2027-03-15,False
BUS-004444,Summit Studios,Premium,22,484.62,2025-08-22,2026-08-22,False
BUS-004445,Pioneer Labs,Mid,12,46.29,2024-01-20,2027-01-19,False
BUS-004446,Umbra Partners,Mid,4,58.39,2023-08-14,2026-08-13,False
BUS-004447,Bright Foods,Free,1,0.0,2025-02-15,2027-02-15,False
BUS-004448,Acme Logistics,Free,3,0.0,2024-05-02,2027-05-02,False
BUS-004449,Apex Consulting,Mid,9,91.54,2025-06-08,2026-06-08,False
BUS-004450,Acme Retail,Mid,5,59.76,2023-11-26,2026-11-25,False
BUS-004451,Apex Media,Free,2,0.0,2025-11-10,2026-11-10,False
BUS-004452,Iron Health,Free,3,0.0,2026-05-03,2027-05-03,False
BUS-004453,Harbor Partners,Mid,6,86.59,2025-09-29,2026-09-29,True
BUS-004454,Harbor Partners,Free,1,0.0,2023-11-28,2026-11-27,False
BUS-004455,Pioneer Labs,Free,1,0.0,2025-04-15,2027-04-15,False
BUS-004456,Umbra Works,Free,1,0.0,2024-09-16,2026-09-16,False
BUS-004457,Cobalt Retail,Free,2,0.0,2024-06-28,2026-06-28,False
BUS-004458,Pioneer Logistics,Mid,16,39.74,2024-05-13,2027-05-13,False
BUS-004459,Umbra Health,Free,2,0.0,2025-11-21,2026-11-21,False
BUS-004460,Pioneer Trading,Free,1,0.0,2026-01-10,2027-01-10,False
BUS-004461,Cedar Builders,Free,3,0.0,2025-04-23,2027-04-23,False
BUS-004462,Cobalt Auto,Mid,13,42.67,2023-11-01,2026-10-31,False
BUS-004463,Stellar Labs,Mid,3,73.85,2026-03-31,2027-03-31,False
BUS-004464,Harbor Labs,Free,3,0.0,2025-07-01,2026-07-01,False
BUS-004465,Globex Partners,Free,3,0.0,2024-02-23,2027-02-22,False
BUS-004466,Apex Auto,Free,3,0.0,2026-03-18,2027-03-18,False
BUS-004467,Quantum Retail,Free,1,0.0,2025-06-07,2026-06-07,False
BUS-004468,Acme Supply,Free,1,0.0,2025-09-03,2026-09-03,False
BUS-004469,Cobalt Retail,Free,1,0.0,2026-04-07,2027-04-07,False
BUS-004470,Vertex Supply,Free,1,0.0,2024-11-15,2026-11-15,False
BUS-004471,Cobalt Health,Mid,9,39.72,2023-10-23,2026-10-22,False
BUS-004472,Initech Builders,Premium,99,635.38,2023-07-26,2026-07-25,False
BUS-004473,Bright Partners,Free,3,0.0,2024-04-12,2027-04-12,False
BUS-004474,Cobalt Retail,Free,3,0.0,2024-03-16,2027-03-16,False
BUS-004475,Pioneer Foods,Free,2,0.0,2024-12-02,2026-12-02,False
BUS-004476,Cedar Supply,Free,3,0.0,2025-12-21,2026-12-21,False
BUS-004477,Stellar Builders,Mid,17,68.43,2023-12-29,2026-12-28,False
BUS-004478,Pioneer Group,Free,2,0.0,2025-01-21,2027-01-21,False
BUS-004479,Apex Health,Mid,16,59.15,2023-07-27,2026-07-26,False
BUS-004480,Acme Works,Free,1,0.0,2025-06-23,2026-06-23,False
BUS-004481,Acme Health,Free,3,0.0,2023-09-13,2026-09-12,False
BUS-004482,Stellar Builders,Free,3,0.0,2024-01-19,2027-01-18,False
BUS-004483,Harbor Trading,Free,3,0.0,2023-12-05,2026-12-04,False
BUS-004484,Harbor Trading,Free,3,0.0,2024-08-17,2026-08-17,False
BUS-004485,Vertex Builders,Free,3,0.0,2026-02-28,2027-02-28,False
BUS-004486,Globex Works,Free,1,0.0,2026-04-18,2027-04-18,False
BUS-004487,Globex Works,Free,1,0.0,2025-03-29,2027-03-29,False
BUS-004488,Nova Media,Free,3,0.0,2023-08-05,2026-08-04,False
BUS-004489,Quantum Labs,Free,2,0.0,2026-04-25,2027-04-25,False
BUS-004490,Pioneer Bakery,Free,1,0.0,2024-06-17,2026-06-17,False
BUS-004491,Acme Health,Free,3,0.0,2025-08-06,2026-08-06,False
BUS-004492,Summit Retail,Premium,12,544.76,2025-10-24,2026-10-24,False
BUS-004493,Iron Builders,Free,1,0.0,2025-07-23,2026-07-23,False
BUS-004494,Cobalt Media,Mid,13,77.06,2025-01-13,2027-01-13,False
BUS-004495,Umbra Studios,Free,3,0.0,2025-10-11,2026-10-11,False
BUS-004496,Cedar Consulting,Free,2,0.0,2026-03-06,2027-03-06,False
BUS-004497,Cedar Studios,Free,1,0.0,2023-10-04,2026-10-03,False
BUS-004498,Pioneer Bakery,Mid,16,77.3,2025-04-24,2027-04-24,False
BUS-004499,Pioneer Auto,Mid,11,55.44,2025-02-01,2027-02-01,False
BUS-004500,Bright Trading,Free,1,0.0,2024-11-19,2026-11-19,False
BUS-004501,Harbor Bakery,Mid,16,93.62,2025-11-20,2026-11-20,False
BUS-004502,Pioneer Auto,Free,3,0.0,2024-08-19,2026-08-19,False
BUS-004503,Iron Trading,Free,3,0.0,2025-02-08,2027-02-08,False
BUS-004504,Umbra Group,Premium,63,231.43,2025-04-18,2027-04-18,False
BUS-004505,Cedar Supply,Free,1,0.0,2023-11-11,2026-11-10,False
BUS-004506,Harbor Partners,Free,1,0.0,2025-11-08,2026-11-08,False
BUS-004507,Bright Builders,Free,2,0.0,2025-05-28,2027-05-28,False
BUS-004508,Cedar Bakery,Premium,32,601.95,2026-03-07,2027-03-07,False
BUS-004509,Apex Consulting,Free,3,0.0,2023-11-11,2026-11-10,False
BUS-004510,Bright Foods,Free,3,0.0,2026-01-03,2027-01-03,False
BUS-004511,Acme Foods,Free,2,0.0,2024-12-28,2026-12-28,False
BUS-004512,Bright Partners,Premium,86,351.62,2025-12-04,2026-12-04,False
BUS-004513,Nova Studios,Premium,49,351.35,2024-06-28,2026-06-28,False
BUS-004514,Vertex Retail,Premium,63,414.43,2025-10-12,2026-10-12,False
BUS-004515,Summit Auto,Free,1,0.0,2026-02-15,2027-02-15,False
BUS-004516,Globex Studios,Premium,21,544.54,2025-06-27,2026-06-27,False
BUS-004517,Summit Auto,Free,1,0.0,2024-02-04,2027-02-03,False
BUS-004518,Vertex Foods,Free,3,0.0,2025-07-12,2026-07-12,False
BUS-004519,Cobalt Auto,Free,2,0.0,2025-08-06,2026-08-06,False
BUS-004520,Initech Bakery,Mid,10,56.5,2025-04-21,2027-04-21,False
BUS-004521,Stellar Logistics,Mid,7,71.33,2024-09-27,2026-09-27,False
BUS-004522,Summit Foods,Free,3,0.0,2025-03-15,2027-03-15,False
BUS-004523,Quantum Logistics,Free,3,0.0,2024-04-02,2027-04-02,False
BUS-004524,Cobalt Partners,Premium,97,541.9,2025-06-17,2026-06-17,False
BUS-004525,Harbor Labs,Free,3,0.0,2025-09-27,2026-09-27,False
BUS-004526,Iron Studios,Free,3,0.0,2025-09-12,2026-09-12,False
BUS-004527,Iron Retail,Free,2,0.0,2025-12-24,2026-12-24,False
BUS-004528,Nova Logistics,Premium,75,216.93,2023-12-11,2026-12-10,False
BUS-004529,Nova Consulting,Mid,14,65.24,2025-01-21,2027-01-21,False
BUS-004530,Apex Logistics,Free,3,0.0,2024-12-16,2026-12-16,False
BUS-004531,Cobalt Bakery,Mid,10,45.25,2023-10-04,2026-10-03,False
BUS-004532,Cobalt Labs,Mid,8,39.58,2023-06-17,2026-06-16,False
BUS-004533,Initech Auto,Free,2,0.0,2024-05-25,2027-05-25,False
BUS-004534,Globex Labs,Premium,17,302.58,2024-07-23,2026-07-23,False
BUS-004535,Quantum Partners,Mid,5,30.41,2024-03-23,2027-03-23,False
BUS-004536,Globex Consulting,Mid,3,92.09,2024-08-08,2026-08-08,False
BUS-004537,Globex Builders,Mid,11,57.98,2024-02-12,2027-02-11,True
BUS-004538,Cedar Group,Free,3,0.0,2025-03-09,2027-03-09,False
BUS-004539,Nova Foods,Mid,10,77.56,2024-09-02,2026-09-02,False
BUS-004540,Quantum Studios,Mid,11,65.35,2026-02-02,2027-02-02,True
BUS-004541,Harbor Bakery,Free,1,0.0,2026-01-25,2027-01-25,False
BUS-004542,Globex Bakery,Free,2,0.0,2024-03-27,2027-03-27,False
BUS-004543,Acme Bakery,Free,1,0.0,2025-07-04,2026-07-04,False
BUS-004544,Pioneer Foods,Free,3,0.0,2025-05-23,2027-05-23,False
BUS-004545,Initech Supply,Free,3,0.0,2025-03-27,2027-03-27,False
BUS-004546,Quantum Group,Free,3,0.0,2024-01-14,2027-01-13,False
BUS-004547,Cobalt Foods,Mid,6,67.62,2025-11-09,2026-11-09,False
BUS-004548,Summit Partners,Mid,12,30.88,2023-06-24,2026-06-23,False
BUS-004549,Globex Labs,Free,1,0.0,2026-01-30,2027-01-30,False
BUS-004550,Umbra Trading,Free,1,0.0,2024-11-24,2026-11-24,False
BUS-004551,Quantum Builders,Premium,11,424.05,2023-11-28,2026-11-27,False
BUS-004552,Stellar Works,Mid,16,85.6,2024-07-17,2026-07-17,True
BUS-004553,Umbra Logistics,Free,2,0.0,2025-11-20,2026-11-20,False
BUS-004554,Pioneer Group,Mid,15,74.98,2024-04-24,2027-04-24,False
BUS-004555,Umbra Consulting,Mid,5,73.18,2024-05-30,2027-05-30,False
BUS-004556,Quantum Works,Free,2,0.0,2025-11-25,2026-11-25,False
BUS-004557,Bright Studios,Free,3,0.0,2025-09-08,2026-09-08,False
BUS-004558,Apex Supply,Mid,6,70.93,2024-02-04,2027-02-03,True
BUS-004559,Pioneer Auto,Premium,66,476.34,2026-03-14,2027-03-14,False
BUS-004560,Stellar Partners,Free,2,0.0,2025-10-15,2026-10-15,False
BUS-004561,Stellar Health,Mid,16,99.49,2025-05-30,2027-05-30,False
BUS-004562,Vertex Partners,Mid,4,51.13,2024-02-24,2027-02-23,False
BUS-004563,Acme Health,Free,3,0.0,2025-02-11,2027-02-11,False
BUS-004564,Bright Bakery,Premium,24,192.97,2023-10-11,2026-10-10,False
BUS-004565,Summit Foods,Mid,5,73.83,2025-10-07,2026-10-07,False
BUS-004566,Stellar Group,Free,2,0.0,2023-12-23,2026-12-22,False
BUS-004567,Apex Media,Free,1,0.0,2024-12-08,2026-12-08,False
BUS-004568,Cobalt Labs,Free,3,0.0,2024-03-02,2027-03-02,False
BUS-004569,Acme Labs,Free,3,0.0,2025-01-16,2027-01-16,False
BUS-004570,Quantum Supply,Free,1,0.0,2023-08-12,2026-08-11,False
BUS-004571,Vertex Studios,Mid,14,89.01,2024-05-29,2027-05-29,False
BUS-004572,Vertex Partners,Mid,14,99.15,2025-09-14,2026-09-14,False
BUS-004573,Cedar Logistics,Premium,59,347.9,2025-02-02,2027-02-02,False
BUS-004574,Apex Studios,Free,2,0.0,2026-01-22,2027-01-22,False
BUS-004575,Vertex Builders,Mid,4,68.03,2025-05-21,2027-05-21,True
BUS-004576,Acme Logistics,Free,3,0.0,2025-04-05,2027-04-05,False
BUS-004577,Globex Partners,Free,2,0.0,2024-02-04,2027-02-03,False
BUS-004578,Cedar Partners,Free,2,0.0,2023-05-24,2027-05-23,False
BUS-004579,Harbor Consulting,Premium,84,518.58,2026-01-08,2027-01-08,False
BUS-004580,Umbra Builders,Premium,27,213.87,2025-08-23,2026-08-23,False
BUS-004581,Bright Auto,Free,2,0.0,2024-06-16,2026-06-16,False
BUS-004582,Acme Group,Free,1,0.0,2025-10-08,2026-10-08,False
BUS-004583,Bright Foods,Free,1,0.0,2024-08-01,2026-08-01,False
BUS-004584,Umbra Consulting,Free,2,0.0,2025-03-21,2027-03-21,False
BUS-004585,Bright Bakery,Mid,8,88.3,2023-10-29,2026-10-28,False
BUS-004586,Stellar Partners,Free,2,0.0,2024-01-15,2027-01-14,False
BUS-004587,Globex Supply,Premium,74,192.62,2025-02-26,2027-02-26,False
BUS-004588,Umbra Retail,Free,1,0.0,2026-01-28,2027-01-28,False
BUS-004589,Pioneer Retail,Mid,3,64.97,2023-12-14,2026-12-13,False
BUS-004590,Stellar Group,Mid,14,42.02,2024-02-28,2027-02-27,False
BUS-004591,Harbor Builders,Premium,40,196.13,2023-05-21,2027-05-20,False
BUS-004592,Globex Foods,Mid,15,89.35,2024-08-07,2026-08-07,False
BUS-004593,Summit Auto,Free,1,0.0,2024-05-03,2027-05-03,False
BUS-004594,Quantum Media,Free,2,0.0,2023-07-08,2026-07-07,False
BUS-004595,Umbra Studios,Mid,17,97.74,2025-01-09,2027-01-09,False
BUS-004596,Nova Studios,Free,2,0.0,2025-02-12,2027-02-12,False
BUS-004597,Initech Consulting,Premium,53,213.5,2024-10-24,2026-10-24,False
BUS-004598,Cobalt Group,Free,1,0.0,2024-11-30,2026-11-30,False
BUS-004599,Stellar Supply,Premium,23,641.34,2025-04-26,2027-04-26,False
BUS-004600,Cedar Auto,Mid,4,78.73,2024-02-15,2027-02-14,False
BUS-004601,Harbor Foods,Free,1,0.0,2024-12-05,2026-12-05,False
BUS-004602,Globex Foods,Free,2,0.0,2025-02-13,2027-02-13,False
BUS-004603,Harbor Trading,Free,2,0.0,2024-02-05,2027-02-04,False
BUS-004604,Iron Studios,Mid,9,78.7,2024-08-16,2026-08-16,False
BUS-004605,Iron Partners,Mid,17,81.06,2025-05-09,2027-05-09,False
BUS-004606,Initech Logistics,Mid,17,43.17,2025-10-26,2026-10-26,False
BUS-004607,Stellar Group,Premium,37,727.79,2023-09-14,2026-09-13,False
BUS-004608,Umbra Partners,Free,2,0.0,2025-07-30,2026-07-30,False
BUS-004609,Vertex Health,Mid,14,50.56,2026-04-12,2027-04-12,False
BUS-004610,Cedar Bakery,Free,1,0.0,2025-05-20,2027-05-20,False
BUS-004611,Globex Group,Mid,11,91.57,2025-01-19,2027-01-19,False
BUS-004612,Summit Labs,Mid,6,42.94,2025-01-09,2027-01-09,False
BUS-004613,Summit Health,Free,3,0.0,2025-10-12,2026-10-12,False
BUS-004614,Nova Labs,Free,2,0.0,2024-10-27,2026-10-27,False
BUS-004615,Pioneer Labs,Free,2,0.0,2024-12-19,2026-12-19,False
BUS-004616,Initech Bakery,Mid,7,60.75,2024-05-16,2027-05-16,False
BUS-004617,Bright Builders,Mid,11,59.81,2025-12-22,2026-12-22,False
BUS-004618,Umbra Health,Free,3,0.0,2024-09-28,2026-09-28,False
BUS-004619,Stellar Works,Free,1,0.0,2025-12-22,2026-12-22,False
BUS-004620,Summit Media,Free,2,0.0,2025-08-03,2026-08-03,False
BUS-004621,Vertex Supply,Premium,97,530.06,2026-01-10,2027-01-10,False
BUS-004622,Acme Retail,Premium,95,691.09,2025-12-11,2026-12-11,False
BUS-004623,Vertex Consulting,Free,2,0.0,2024-11-03,2026-11-03,False
BUS-004624,Cobalt Supply,Free,1,0.0,2024-12-25,2026-12-25,False
BUS-004625,Vertex Auto,Mid,9,70.82,2023-12-19,2026-12-18,False
BUS-004626,Initech Builders,Free,3,0.0,2024-03-10,2027-03-10,False
BUS-004627,Acme Foods,Free,1,0.0,2025-04-07,2027-04-07,False
BUS-004628,Apex Group,Mid,7,38.88,2025-07-04,2026-07-04,False
BUS-004629,Stellar Health,Mid,11,82.13,2024-10-28,2026-10-28,False
BUS-004630,Cobalt Auto,Mid,11,72.32,2025-01-02,2027-01-02,False
BUS-004631,Apex Group,Free,3,0.0,2023-05-22,2027-05-21,False
BUS-004632,Bright Auto,Premium,42,588.99,2023-06-30,2026-06-29,False
BUS-004633,Nova Media,Mid,5,49.9,2025-05-08,2027-05-08,False
BUS-004634,Stellar Media,Free,2,0.0,2024-10-31,2026-10-31,False
BUS-004635,Pioneer Builders,Mid,3,70.43,2024-05-23,2027-05-23,True
BUS-004636,Quantum Group,Premium,71,656.12,2026-04-18,2027-04-18,False
BUS-004637,Stellar Media,Mid,12,91.15,2023-12-22,2026-12-21,False
BUS-004638,Cedar Works,Mid,16,90.33,2024-01-26,2027-01-25,False
BUS-004639,Stellar Labs,Free,3,0.0,2023-05-29,2027-05-28,False
BUS-004640,Cedar Studios,Free,3,0.0,2024-06-07,2026-06-07,False
BUS-004641,Apex Supply,Mid,10,44.86,2024-10-19,2026-10-19,False
BUS-004642,Iron Builders,Free,2,0.0,2023-12-06,2026-12-05,False
BUS-004643,Iron Labs,Free,2,0.0,2025-09-28,2026-09-28,False
BUS-004644,Cedar Works,Premium,65,500.55,2025-11-11,2026-11-11,False
BUS-004645,Cedar Works,Premium,20,165.79,2025-02-18,2027-02-18,False
BUS-004646,Pioneer Group,Free,2,0.0,2023-08-25,2026-08-24,False
BUS-004647,Harbor Logistics,Free,2,0.0,2026-05-04,2027-05-04,False
BUS-004648,Acme Bakery,Free,3,0.0,2023-12-21,2026-12-20,False
BUS-004649,Cedar Consulting,Free,3,0.0,2024-09-12,2026-09-12,False
BUS-004650,Pioneer Group,Free,3,0.0,2025-03-06,2027-03-06,False
BUS-004651,Acme Media,Mid,8,31.31,2024-10-12,2026-10-12,False
BUS-004652,Summit Trading,Mid,9,89.98,2025-01-20,2027-01-20,False
BUS-004653,Vertex Group,Free,3,0.0,2024-11-09,2026-11-09,False
BUS-004654,Harbor Works,Free,3,0.0,2025-05-26,2027-05-26,False
BUS-004655,Harbor Trading,Free,1,0.0,2025-08-11,2026-08-11,False
BUS-004656,Cobalt Group,Premium,97,665.56,2024-07-11,2026-07-11,False
BUS-004657,Initech Group,Mid,15,56.35,2024-08-26,2026-08-26,False
BUS-004658,Bright Trading,Mid,6,66.21,2024-09-23,2026-09-23,False
BUS-004659,Initech Labs,Mid,6,52.62,2024-05-16,2027-05-16,False
BUS-004660,Apex Media,Mid,16,83.49,2023-11-17,2026-11-16,False
BUS-004661,Acme Health,Free,3,0.0,2025-03-04,2027-03-04,False
BUS-004662,Cobalt Works,Mid,11,90.18,2025-07-07,2026-07-07,False
BUS-004663,Globex Retail,Free,2,0.0,2023-09-05,2026-09-04,False
BUS-004664,Globex Retail,Free,2,0.0,2025-07-08,2026-07-08,False
BUS-004665,Cedar Supply,Mid,6,47.76,2024-10-05,2026-10-05,False
BUS-004666,Quantum Foods,Free,3,0.0,2024-03-22,2027-03-22,False
BUS-004667,Stellar Foods,Free,1,0.0,2025-06-30,2026-06-30,False
BUS-004668,Initech Partners,Free,3,0.0,2023-12-23,2026-12-22,False
BUS-004669,Umbra Works,Mid,14,93.15,2023-10-29,2026-10-28,False
BUS-004670,Iron Group,Free,2,0.0,2023-10-03,2026-10-02,False
BUS-004671,Apex Foods,Free,2,0.0,2025-07-30,2026-07-30,False
BUS-004672,Cobalt Partners,Premium,66,472.91,2026-02-09,2027-02-09,False
BUS-004673,Cedar Health,Free,2,0.0,2024-03-29,2027-03-29,False
BUS-004674,Pioneer Retail,Mid,7,88.75,2024-06-19,2026-06-19,True
BUS-004675,Acme Foods,Free,2,0.0,2024-12-01,2026-12-01,False
BUS-004676,Cobalt Health,Free,2,0.0,2023-12-27,2026-12-26,False
BUS-004677,Cobalt Group,Free,1,0.0,2026-03-19,2027-03-19,False
BUS-004678,Iron Auto,Free,1,0.0,2024-08-11,2026-08-11,False
BUS-004679,Harbor Partners,Free,1,0.0,2025-11-30,2026-11-30,False
BUS-004680,Globex Trading,Mid,13,84.39,2026-01-03,2027-01-03,False
BUS-004681,Bright Auto,Mid,3,69.97,2024-10-13,2026-10-13,False
BUS-004682,Nova Foods,Free,3,0.0,2023-07-03,2026-07-02,False
BUS-004683,Harbor Group,Mid,14,48.44,2024-12-20,2026-12-20,False
BUS-004684,Stellar Studios,Free,2,0.0,2025-04-30,2027-04-30,False
BUS-004685,Globex Builders,Premium,65,740.31,2026-04-07,2027-04-07,False
BUS-004686,Initech Trading,Free,3,0.0,2025-11-24,2026-11-24,False
BUS-004687,Initech Logistics,Mid,16,51.54,2024-04-24,2027-04-24,False
BUS-004688,Initech Logistics,Mid,15,71.85,2024-02-07,2027-02-06,False
BUS-004689,Stellar Works,Free,3,0.0,2024-07-22,2026-07-22,False
BUS-004690,Summit Partners,Mid,7,58.13,2025-11-29,2026-11-29,False
BUS-004691,Bright Partners,Free,1,0.0,2023-06-24,2026-06-23,False
BUS-004692,Apex Studios,Mid,7,80.44,2024-01-13,2027-01-12,False
BUS-004693,Harbor Auto,Mid,3,81.83,2025-08-05,2026-08-05,False
BUS-004694,Cedar Consulting,Free,3,0.0,2025-12-17,2026-12-17,False
BUS-004695,Vertex Partners,Mid,14,46.21,2025-04-30,2027-04-30,False
BUS-004696,Harbor Builders,Free,2,0.0,2026-03-30,2027-03-30,False
BUS-004697,Nova Logistics,Mid,13,46.94,2023-12-22,2026-12-21,False
BUS-004698,Stellar Logistics,Free,2,0.0,2025-12-18,2026-12-18,False
BUS-004699,Summit Partners,Free,2,0.0,2026-02-27,2027-02-27,False
BUS-004700,Initech Builders,Free,1,0.0,2025-02-22,2027-02-22,False
BUS-004701,Harbor Consulting,Free,3,0.0,2023-07-15,2026-07-14,False
BUS-004702,Nova Labs,Free,2,0.0,2024-08-23,2026-08-23,False
BUS-004703,Summit Bakery,Free,3,0.0,2024-11-13,2026-11-13,False
BUS-004704,Quantum Partners,Free,3,0.0,2025-05-29,2027-05-29,False
BUS-004705,Bright Group,Mid,16,55.01,2025-11-17,2026-11-17,False
BUS-004706,Summit Bakery,Free,2,0.0,2023-08-27,2026-08-26,False
BUS-004707,Initech Retail,Free,1,0.0,2024-04-14,2027-04-14,False
BUS-004708,Pioneer Retail,Free,2,0.0,2023-06-17,2026-06-16,False
BUS-004709,Initech Auto,Free,2,0.0,2024-07-22,2026-07-22,False
BUS-004710,Pioneer Consulting,Free,3,0.0,2023-05-21,2027-05-20,False
BUS-004711,Globex Health,Mid,10,68.53,2024-07-02,2026-07-02,False
BUS-004712,Apex Media,Mid,13,85.56,2025-11-30,2026-11-30,False
BUS-004713,Apex Works,Free,3,0.0,2025-09-20,2026-09-20,False
BUS-004714,Stellar Retail,Free,3,0.0,2025-05-05,2027-05-05,False
BUS-004715,Initech Trading,Premium,22,502.56,2024-08-05,2026-08-05,False
BUS-004716,Apex Retail,Mid,6,97.24,2025-12-22,2026-12-22,False
BUS-004717,Summit Consulting,Free,3,0.0,2025-05-15,2027-05-15,False
BUS-004718,Iron Foods,Free,3,0.0,2024-04-07,2027-04-07,False
BUS-004719,Vertex Logistics,Premium,16,654.25,2025-10-08,2026-10-08,False
BUS-004720,Stellar Health,Free,1,0.0,2023-09-10,2026-09-09,False
BUS-004721,Apex Logistics,Free,1,0.0,2024-09-06,2026-09-06,False
BUS-004722,Pioneer Auto,Free,1,0.0,2024-06-23,2026-06-23,False
BUS-004723,Harbor Foods,Free,1,0.0,2025-12-27,2026-12-27,False
BUS-004724,Summit Labs,Free,1,0.0,2024-08-13,2026-08-13,False
BUS-004725,Umbra Trading,Free,3,0.0,2025-11-05,2026-11-05,False
BUS-004726,Summit Media,Mid,17,81.83,2024-04-26,2027-04-26,False
BUS-004727,Quantum Health,Free,2,0.0,2023-12-01,2026-11-30,False
BUS-004728,Vertex Bakery,Free,2,0.0,2025-09-01,2026-09-01,False
BUS-004729,Harbor Studios,Free,3,0.0,2024-11-04,2026-11-04,False
BUS-004730,Umbra Labs,Free,2,0.0,2025-11-17,2026-11-17,False
BUS-004731,Apex Logistics,Free,1,0.0,2024-03-12,2027-03-12,False
BUS-004732,Nova Consulting,Free,3,0.0,2023-05-22,2027-05-21,False
BUS-004733,Nova Group,Mid,5,86.0,2025-08-25,2026-08-25,False
BUS-004734,Cobalt Auto,Mid,17,38.82,2025-11-14,2026-11-14,False
BUS-004735,Apex Studios,Premium,61,252.3,2024-03-15,2027-03-15,False
BUS-004736,Cobalt Logistics,Free,1,0.0,2024-10-27,2026-10-27,False
BUS-004737,Pioneer Partners,Mid,3,54.17,2025-01-18,2027-01-18,True
BUS-004738,Globex Retail,Free,1,0.0,2023-10-14,2026-10-13,False
BUS-004739,Iron Builders,Free,1,0.0,2026-01-29,2027-01-29,False
BUS-004740,Stellar Works,Mid,12,64.53,2025-08-14,2026-08-14,False
BUS-004741,Summit Media,Premium,28,516.04,2025-11-05,2026-11-05,False
BUS-004742,Harbor Labs,Free,3,0.0,2026-02-02,2027-02-02,False
BUS-004743,Apex Trading,Mid,5,93.95,2023-06-13,2026-06-12,False
BUS-004744,Vertex Builders,Free,1,0.0,2025-05-14,2027-05-14,False
BUS-004745,Cobalt Builders,Free,2,0.0,2024-08-27,2026-08-27,False
BUS-004746,Globex Labs,Free,2,0.0,2024-06-05,2026-06-05,False
BUS-004747,Harbor Group,Free,1,0.0,2023-07-10,2026-07-09,False
BUS-004748,Stellar Trading,Free,3,0.0,2024-11-19,2026-11-19,False
BUS-004749,Pioneer Group,Free,2,0.0,2024-06-29,2026-06-29,False
BUS-004750,Iron Supply,Mid,6,66.04,2023-08-01,2026-07-31,False
BUS-004751,Initech Retail,Free,3,0.0,2025-01-03,2027-01-03,False
BUS-004752,Nova Studios,Free,1,0.0,2024-01-02,2027-01-01,False
BUS-004753,Stellar Supply,Mid,3,91.93,2025-10-16,2026-10-16,False
BUS-004754,Cedar Works,Free,2,0.0,2023-08-21,2026-08-20,False
BUS-004755,Stellar Labs,Premium,20,602.2,2026-04-03,2027-04-03,False
BUS-004756,Harbor Foods,Free,1,0.0,2024-11-25,2026-11-25,False
BUS-004757,Umbra Builders,Mid,14,69.87,2024-08-12,2026-08-12,True
BUS-004758,Pioneer Foods,Free,3,0.0,2026-01-27,2027-01-27,False
BUS-004759,Pioneer Logistics,Free,1,0.0,2024-12-30,2026-12-30,False
BUS-004760,Harbor Foods,Premium,62,434.54,2026-01-09,2027-01-09,False
BUS-004761,Cobalt Labs,Free,3,0.0,2024-02-18,2027-02-17,False
BUS-004762,Bright Media,Mid,7,90.52,2023-06-11,2026-06-10,False
BUS-004763,Vertex Auto,Free,3,0.0,2025-07-03,2026-07-03,False
BUS-004764,Vertex Consulting,Mid,13,67.44,2025-04-19,2027-04-19,False
BUS-004765,Nova Foods,Mid,17,30.11,2025-09-20,2026-09-20,False
BUS-004766,Harbor Group,Free,1,0.0,2023-11-22,2026-11-21,False
BUS-004767,Cobalt Group,Free,2,0.0,2023-12-21,2026-12-20,False
BUS-004768,Quantum Partners,Mid,11,31.29,2024-02-07,2027-02-06,False
BUS-004769,Harbor Studios,Premium,45,494.72,2023-09-05,2026-09-04,False
BUS-004770,Initech Partners,Free,2,0.0,2025-03-20,2027-03-20,False
BUS-004771,Vertex Partners,Free,2,0.0,2024-06-28,2026-06-28,False
BUS-004772,Cedar Logistics,Free,3,0.0,2023-10-11,2026-10-10,False
BUS-004773,Apex Consulting,Premium,18,573.45,2024-09-15,2026-09-15,False
BUS-004774,Umbra Partners,Free,2,0.0,2025-08-31,2026-08-31,False
BUS-004775,Cedar Group,Free,2,0.0,2025-01-31,2027-01-31,False
BUS-004776,Pioneer Group,Free,2,0.0,2025-12-08,2026-12-08,False
BUS-004777,Iron Group,Free,1,0.0,2024-01-30,2027-01-29,False
BUS-004778,Globex Retail,Free,3,0.0,2026-04-18,2027-04-18,False
BUS-004779,Globex Bakery,Free,3,0.0,2025-04-23,2027-04-23,False
BUS-004780,Initech Media,Free,1,0.0,2026-02-16,2027-02-16,False
BUS-004781,Nova Studios,Mid,13,74.75,2025-05-16,2027-05-16,False
BUS-004782,Summit Consulting,Free,3,0.0,2025-02-18,2027-02-18,False
BUS-004783,Cedar Group,Free,2,0.0,2026-01-25,2027-01-25,False
BUS-004784,Cedar Labs,Mid,3,96.84,2023-07-03,2026-07-02,False
BUS-004785,Harbor Foods,Mid,6,93.7,2026-04-24,2027-04-24,True
BUS-004786,Apex Supply,Free,1,0.0,2024-03-28,2027-03-28,False
BUS-004787,Harbor Builders,Premium,72,212.6,2024-05-26,2027-05-26,False
BUS-004788,Quantum Studios,Free,1,0.0,2024-05-28,2027-05-28,False
BUS-004789,Cobalt Builders,Premium,15,519.03,2023-11-21,2026-11-20,False
BUS-004790,Cobalt Studios,Premium,61,529.8,2025-07-26,2026-07-26,False
BUS-004791,Apex Health,Free,2,0.0,2025-03-08,2027-03-08,False
BUS-004792,Pioneer Group,Mid,4,37.5,2025-06-25,2026-06-25,False
BUS-004793,Pioneer Trading,Free,3,0.0,2025-06-24,2026-06-24,False
BUS-004794,Harbor Retail,Free,1,0.0,2024-05-03,2027-05-03,False
BUS-004795,Harbor Studios,Mid,16,31.37,2023-07-21,2026-07-20,False
BUS-004796,Vertex Group,Free,1,0.0,2024-03-04,2027-03-04,False
BUS-004797,Apex Partners,Free,3,0.0,2024-04-05,2027-04-05,False
BUS-004798,Acme Partners,Mid,7,50.2,2024-02-15,2027-02-14,True
BUS-004799,Initech Works,Mid,4,76.64,2025-10-12,2026-10-12,False
BUS-004800,Nova Builders,Free,2,0.0,2025-12-15,2026-12-15,False
BUS-004801,Harbor Retail,Free,2,0.0,2025-05-31,2027-05-31,False
BUS-004802,Quantum Media,Mid,9,94.24,2025-05-05,2027-05-05,False
BUS-004803,Apex Media,Mid,10,49.05,2023-11-05,2026-11-04,False
BUS-004804,Cedar Retail,Mid,3,63.7,2024-04-24,2027-04-24,False
BUS-004805,Cobalt Bakery,Mid,7,45.59,2023-12-02,2026-12-01,False
BUS-004806,Nova Labs,Free,2,0.0,2025-05-12,2027-05-12,False
BUS-004807,Quantum Health,Mid,7,83.74,2026-01-14,2027-01-14,False
BUS-004808,Iron Bakery,Premium,54,276.31,2023-09-28,2026-09-27,False
BUS-004809,Harbor Builders,Premium,94,178.64,2025-08-25,2026-08-25,False
BUS-004810,Cedar Foods,Free,1,0.0,2024-09-22,2026-09-22,False
BUS-004811,Cobalt Studios,Mid,16,92.61,2024-11-13,2026-11-13,False
BUS-004812,Harbor Supply,Free,2,0.0,2023-09-18,2026-09-17,False
BUS-004813,Cedar Partners,Free,1,0.0,2024-06-02,2027-06-02,False
BUS-004814,Pioneer Works,Free,2,0.0,2024-06-30,2026-06-30,False
BUS-004815,Nova Foods,Free,3,0.0,2024-07-30,2026-07-30,False
BUS-004816,Pioneer Labs,Premium,78,370.03,2024-04-01,2027-04-01,False
BUS-004817,Summit Partners,Mid,13,82.49,2024-05-30,2027-05-30,False
BUS-004818,Bright Supply,Free,3,0.0,2025-10-16,2026-10-16,False
BUS-004819,Umbra Retail,Free,3,0.0,2024-11-13,2026-11-13,False
BUS-004820,Summit Works,Free,1,0.0,2025-02-21,2027-02-21,False
BUS-004821,Umbra Builders,Free,1,0.0,2023-09-25,2026-09-24,False
BUS-004822,Umbra Builders,Free,3,0.0,2023-11-06,2026-11-05,False
BUS-004823,Quantum Health,Mid,10,76.86,2023-08-07,2026-08-06,False
BUS-004824,Harbor Trading,Free,2,0.0,2024-07-19,2026-07-19,False
BUS-004825,Summit Auto,Free,1,0.0,2023-07-17,2026-07-16,False
BUS-004826,Apex Bakery,Mid,9,32.6,2023-10-02,2026-10-01,True
BUS-004827,Acme Trading,Free,2,0.0,2024-05-22,2027-05-22,False
BUS-004828,Cedar Trading,Mid,10,82.48,2024-03-11,2027-03-11,False
BUS-004829,Harbor Media,Free,2,0.0,2025-05-05,2027-05-05,False
BUS-004830,Pioneer Foods,Mid,9,93.27,2025-06-19,2026-06-19,True
BUS-004831,Quantum Auto,Mid,15,85.4,2023-12-18,2026-12-17,False
BUS-004832,Pioneer Auto,Premium,64,442.08,2024-12-29,2026-12-29,False
BUS-004833,Nova Studios,Mid,12,58.53,2023-08-07,2026-08-06,True
BUS-004834,Initech Retail,Free,1,0.0,2024-10-28,2026-10-28,False
BUS-004835,Stellar Labs,Free,2,0.0,2025-09-28,2026-09-28,False
BUS-004836,Iron Health,Free,1,0.0,2026-01-28,2027-01-28,False
BUS-004837,Quantum Group,Free,3,0.0,2024-08-08,2026-08-08,False
BUS-004838,Harbor Partners,Free,3,0.0,2025-01-29,2027-01-29,False
BUS-004839,Initech Builders,Mid,14,69.74,2023-11-12,2026-11-11,False
BUS-004840,Acme Trading,Free,1,0.0,2025-03-29,2027-03-29,False
BUS-004841,Bright Auto,Premium,96,582.55,2024-04-19,2027-04-19,False
BUS-004842,Harbor Consulting,Mid,5,57.29,2026-03-14,2027-03-14,False
BUS-004843,Cedar Logistics,Premium,95,399.05,2023-09-13,2026-09-12,False
BUS-004844,Apex Group,Free,3,0.0,2023-05-29,2027-05-28,False
BUS-004845,Nova Retail,Premium,23,203.08,2025-08-19,2026-08-19,False
BUS-004846,Vertex Supply,Mid,5,35.29,2025-05-29,2027-05-29,False
BUS-004847,Nova Media,Free,1,0.0,2023-08-07,2026-08-06,False
BUS-004848,Cedar Builders,Mid,16,51.43,2024-07-21,2026-07-21,False
BUS-004849,Vertex Auto,Free,2,0.0,2025-02-19,2027-02-19,False
BUS-004850,Umbra Media,Mid,8,49.61,2025-11-29,2026-11-29,True
BUS-004851,Stellar Labs,Free,2,0.0,2023-10-26,2026-10-25,False
BUS-004852,Stellar Works,Mid,5,34.06,2025-10-11,2026-10-11,False
BUS-004853,Cedar Partners,Mid,14,60.02,2024-08-26,2026-08-26,False
BUS-004854,Vertex Labs,Premium,43,379.2,2025-08-02,2026-08-02,False
BUS-004855,Stellar Foods,Premium,43,547.13,2024-12-21,2026-12-21,False
BUS-004856,Umbra Consulting,Free,1,0.0,2025-10-17,2026-10-17,False
BUS-004857,Apex Labs,Free,3,0.0,2025-03-06,2027-03-06,False
BUS-004858,Apex Health,Free,3,0.0,2023-08-22,2026-08-21,False
BUS-004859,Acme Group,Free,2,0.0,2026-01-30,2027-01-30,False
BUS-004860,Apex Studios,Mid,10,60.48,2025-01-04,2027-01-04,False
BUS-004861,Initech Group,Mid,8,30.18,2023-12-24,2026-12-23,False
BUS-004862,Nova Trading,Free,1,0.0,2023-07-18,2026-07-17,False
BUS-004863,Apex Trading,Free,3,0.0,2023-06-12,2026-06-11,False
BUS-004864,Vertex Supply,Mid,4,65.07,2025-02-03,2027-02-03,True
BUS-004865,Bright Works,Mid,13,53.0,2024-02-04,2027-02-03,False
BUS-004866,Apex Trading,Free,3,0.0,2025-11-15,2026-11-15,False
BUS-004867,Acme Supply,Free,3,0.0,2025-01-17,2027-01-17,False
BUS-004868,Cobalt Labs,Mid,7,85.73,2026-02-26,2027-02-26,False
BUS-004869,Umbra Works,Free,1,0.0,2024-06-15,2026-06-15,False
BUS-004870,Umbra Retail,Mid,4,68.66,2024-03-30,2027-03-30,False
BUS-004871,Apex Works,Free,3,0.0,2025-07-17,2026-07-17,False
BUS-004872,Harbor Foods,Premium,69,316.36,2025-09-05,2026-09-05,False
BUS-004873,Nova Media,Free,1,0.0,2024-02-09,2027-02-08,False
BUS-004874,Vertex Bakery,Premium,61,627.53,2025-07-21,2026-07-21,False
BUS-004875,Iron Auto,Free,3,0.0,2026-03-14,2027-03-14,False
BUS-004876,Pioneer Foods,Mid,11,30.73,2025-01-15,2027-01-15,False
BUS-004877,Pioneer Works,Mid,16,50.86,2025-11-16,2026-11-16,True
BUS-004878,Cobalt Health,Free,2,0.0,2025-11-13,2026-11-13,False
BUS-004879,Stellar Auto,Free,2,0.0,2024-03-23,2027-03-23,False
BUS-004880,Summit Trading,Free,1,0.0,2025-11-19,2026-11-19,False
BUS-004881,Stellar Logistics,Premium,21,240.33,2024-12-20,2026-12-20,False
BUS-004882,Acme Foods,Mid,8,65.93,2023-08-21,2026-08-20,False
BUS-004883,Umbra Partners,Free,3,0.0,2023-10-18,2026-10-17,False
BUS-004884,Stellar Trading,Premium,20,664.21,2026-03-11,2027-03-11,False
BUS-004885,Globex Health,Free,3,0.0,2023-10-22,2026-10-21,False
BUS-004886,Acme Media,Free,2,0.0,2024-03-13,2027-03-13,False
BUS-004887,Quantum Media,Free,2,0.0,2024-12-02,2026-12-02,False
BUS-004888,Cedar Bakery,Free,2,0.0,2024-03-07,2027-03-07,False
BUS-004889,Bright Trading,Mid,10,83.48,2024-01-29,2027-01-28,False
BUS-004890,Summit Media,Free,2,0.0,2025-01-30,2027-01-30,False
BUS-004891,Quantum Logistics,Premium,93,655.67,2023-10-16,2026-10-15,False
BUS-004892,Vertex Builders,Mid,10,83.22,2026-02-02,2027-02-02,False
BUS-004893,Cobalt Builders,Mid,9,82.39,2023-10-23,2026-10-22,False
BUS-004894,Summit Builders,Premium,53,219.79,2026-05-04,2027-05-04,False
BUS-004895,Stellar Bakery,Premium,15,501.99,2023-11-18,2026-11-17,False
BUS-004896,Acme Media,Free,2,0.0,2024-03-03,2027-03-03,False
BUS-004897,Pioneer Health,Mid,5,63.86,2023-10-16,2026-10-15,False
BUS-004898,Cobalt Partners,Mid,9,88.24,2025-10-01,2026-10-01,True
BUS-004899,Summit Auto,Free,2,0.0,2024-04-23,2027-04-23,False
BUS-004900,Iron Studios,Free,2,0.0,2025-07-02,2026-07-02,False
BUS-004901,Summit Media,Free,3,0.0,2025-02-28,2027-02-28,False
BUS-004902,Stellar Labs,Free,3,0.0,2026-03-15,2027-03-15,False
BUS-004903,Pioneer Group,Mid,7,96.96,2024-03-17,2027-03-17,False
BUS-004904,Vertex Group,Free,2,0.0,2024-03-19,2027-03-19,False
BUS-004905,Bright Partners,Free,3,0.0,2025-08-07,2026-08-07,False
BUS-004906,Iron Works,Free,2,0.0,2023-11-14,2026-11-13,False
BUS-004907,Bright Studios,Mid,10,32.86,2025-03-10,2027-03-10,False
BUS-004908,Vertex Works,Free,2,0.0,2023-09-18,2026-09-17,False
BUS-004909,Iron Foods,Free,1,0.0,2026-01-12,2027-01-12,False
BUS-004910,Vertex Consulting,Premium,25,228.01,2023-12-27,2026-12-26,False
BUS-004911,Vertex Foods,Mid,3,58.48,2025-05-26,2027-05-26,False
BUS-004912,Nova Retail,Free,1,0.0,2026-01-18,2027-01-18,False
BUS-004913,Apex Labs,Mid,17,46.08,2024-10-08,2026-10-08,False
BUS-004914,Acme Supply,Mid,9,69.62,2024-11-21,2026-11-21,False
BUS-004915,Apex Media,Mid,13,39.14,2024-06-05,2026-06-05,False
BUS-004916,Quantum Partners,Mid,12,51.39,2025-07-29,2026-07-29,False
BUS-004917,Cedar Builders,Mid,3,32.31,2024-03-12,2027-03-12,False
BUS-004918,Summit Partners,Free,3,0.0,2024-06-15,2026-06-15,False
BUS-004919,Acme Builders,Mid,8,47.18,2025-09-08,2026-09-08,False
BUS-004920,Nova Labs,Free,2,0.0,2024-08-06,2026-08-06,False
BUS-004921,Summit Studios,Free,2,0.0,2024-01-15,2027-01-14,False
BUS-004922,Bright Works,Free,1,0.0,2023-08-26,2026-08-25,False
BUS-004923,Globex Foods,Free,1,0.0,2025-04-30,2027-04-30,False
BUS-004924,Cobalt Trading,Mid,5,41.81,2024-12-10,2026-12-10,False
BUS-004925,Apex Group,Premium,21,522.86,2024-07-06,2026-07-06,False
BUS-004926,Cobalt Partners,Premium,85,615.41,2025-08-08,2026-08-08,False
BUS-004927,Stellar Logistics,Free,3,0.0,2023-07-22,2026-07-21,False
BUS-004928,Pioneer Group,Free,1,0.0,2024-08-08,2026-08-08,False
BUS-004929,Apex Health,Free,1,0.0,2023-09-07,2026-09-06,False
BUS-004930,Quantum Retail,Free,2,0.0,2026-04-17,2027-04-17,False
BUS-004931,Acme Media,Mid,11,68.97,2026-04-21,2027-04-21,False
BUS-004932,Cobalt Health,Free,1,0.0,2025-05-03,2027-05-03,False
BUS-004933,Acme Studios,Free,1,0.0,2025-07-01,2026-07-01,False
BUS-004934,Cobalt Auto,Mid,14,79.23,2026-04-27,2027-04-27,True
BUS-004935,Apex Builders,Free,2,0.0,2025-12-19,2026-12-19,False
BUS-004936,Initech Trading,Free,3,0.0,2025-07-27,2026-07-27,False
BUS-004937,Iron Media,Premium,44,393.47,2025-08-08,2026-08-08,False
BUS-004938,Iron Builders,Mid,3,84.59,2024-05-06,2027-05-06,False
BUS-004939,Apex Trading,Free,1,0.0,2025-01-19,2027-01-19,False
BUS-004940,Stellar Retail,Free,2,0.0,2024-09-13,2026-09-13,False
BUS-004941,Cobalt Studios,Free,2,0.0,2023-06-30,2026-06-29,False
BUS-004942,Acme Group,Premium,98,483.23,2024-02-10,2027-02-09,False
BUS-004943,Harbor Works,Free,1,0.0,2024-11-19,2026-11-19,False
BUS-004944,Cobalt Logistics,Premium,29,287.47,2024-02-03,2027-02-02,False
BUS-004945,Umbra Works,Free,3,0.0,2024-06-03,2027-06-03,False
BUS-004946,Umbra Group,Free,2,0.0,2026-02-03,2027-02-03,False
BUS-004947,Acme Studios,Free,2,0.0,2025-08-07,2026-08-07,False
BUS-004948,Globex Bakery,Free,3,0.0,2025-08-10,2026-08-10,False
BUS-004949,Quantum Studios,Mid,5,68.48,2024-05-12,2027-05-12,True
BUS-004950,Stellar Partners,Premium,67,655.07,2024-10-31,2026-10-31,False
BUS-004951,Pioneer Media,Mid,11,41.31,2025-10-05,2026-10-05,False
BUS-004952,Iron Logistics,Mid,4,60.05,2025-02-26,2027-02-26,False
BUS-004953,Iron Media,Free,1,0.0,2026-03-26,2027-03-26,False
BUS-004954,Summit Consulting,Mid,10,51.19,2025-09-20,2026-09-20,False
BUS-004955,Bright Consulting,Free,2,0.0,2025-01-02,2027-01-02,False
BUS-004956,Quantum Logistics,Free,2,0.0,2025-11-22,2026-11-22,False
BUS-004957,Iron Foods,Free,3,0.0,2023-09-15,2026-09-14,False
BUS-004958,Cedar Health,Mid,13,60.4,2023-10-03,2026-10-02,False
BUS-004959,Harbor Health,Free,2,0.0,2025-03-26,2027-03-26,False
BUS-004960,Apex Auto,Mid,10,66.32,2025-06-01,2027-06-01,False
BUS-004961,Summit Foods,Free,2,0.0,2024-01-24,2027-01-23,False
BUS-004962,Globex Foods,Premium,96,538.55,2025-06-18,2026-06-18,False
BUS-004963,Summit Studios,Free,3,0.0,2026-03-27,2027-03-27,False
BUS-004964,Globex Labs,Free,3,0.0,2023-12-29,2026-12-28,False
BUS-004965,Pioneer Partners,Mid,12,50.1,2025-12-21,2026-12-21,False
BUS-004966,Summit Consulting,Free,2,0.0,2025-08-16,2026-08-16,False
BUS-004967,Nova Auto,Free,3,0.0,2025-07-25,2026-07-25,False
BUS-004968,Quantum Group,Free,1,0.0,2026-02-26,2027-02-26,False
BUS-004969,Cedar Trading,Mid,6,33.71,2025-11-12,2026-11-12,False
BUS-004970,Quantum Bakery,Premium,96,349.25,2023-09-22,2026-09-21,False
BUS-004971,Vertex Supply,Premium,24,601.29,2025-04-22,2027-04-22,False
BUS-004972,Cobalt Media,Free,1,0.0,2024-11-21,2026-11-21,False
BUS-004973,Initech Builders,Free,1,0.0,2026-04-11,2027-04-11,False
BUS-004974,Stellar Media,Free,3,0.0,2025-02-02,2027-02-02,False
BUS-004975,Quantum Media,Mid,14,49.1,2024-08-15,2026-08-15,True
BUS-004976,Initech Auto,Mid,13,59.08,2023-08-23,2026-08-22,False
BUS-004977,Vertex Consulting,Free,3,0.0,2026-03-25,2027-03-25,False
BUS-004978,Iron Foods,Free,1,0.0,2024-08-26,2026-08-26,False
BUS-004979,Stellar Studios,Free,1,0.0,2026-02-06,2027-02-06,False
BUS-004980,Iron Group,Mid,3,70.23,2026-01-11,2027-01-11,False
BUS-004981,Summit Studios,Free,3,0.0,2024-08-04,2026-08-04,False
BUS-004982,Harbor Media,Free,2,0.0,2024-12-10,2026-12-10,False
BUS-004983,Vertex Foods,Free,1,0.0,2024-09-30,2026-09-30,False
BUS-004984,Nova Trading,Free,3,0.0,2023-07-30,2026-07-29,False
BUS-004985,Quantum Retail,Mid,10,96.53,2024-11-02,2026-11-02,False
BUS-004986,Acme Builders,Free,1,0.0,2024-02-05,2027-02-04,False
BUS-004987,Pioneer Consulting,Free,1,0.0,2025-04-24,2027-04-24,False
BUS-004988,Harbor Works,Free,3,0.0,2025-02-03,2027-02-03,False
BUS-004989,Quantum Foods,Free,3,0.0,2025-10-15,2026-10-15,False
BUS-004990,Cedar Media,Free,2,0.0,2025-01-13,2027-01-13,False
BUS-004991,Globex Consulting,Free,3,0.0,2025-03-04,2027-03-04,False
BUS-004992,Nova Health,Premium,64,336.14,2025-05-03,2027-05-03,False
BUS-004993,Iron Consulting,Mid,17,47.74,2024-03-29,2027-03-29,False
BUS-004994,Globex Media,Free,1,0.0,2024-05-24,2027-05-24,False
BUS-004995,Nova Media,Premium,61,178.92,2024-12-11,2026-12-11,False
BUS-004996,Initech Auto,Free,1,0.0,2023-08-10,2026-08-09,False
BUS-004997,Globex Builders,Premium,51,470.59,2023-07-18,2026-07-17,False
BUS-004998,Summit Media,Mid,14,33.66,2025-06-27,2026-06-27,True
BUS-004999,Vertex Auto,Free,1,0.0,2025-11-24,2026-11-24,False
BUS-005000,Globex Partners,Mid,16,36.13,2024-07-17,2026-07-17,False
BUS-005001,Pioneer Labs,Mid,4,71.05,2024-12-10,2026-12-10,False
BUS-005002,Summit Builders,Free,3,0.0,2025-02-01,2027-02-01,False
BUS-005003,Umbra Media,Premium,18,519.88,2023-09-14,2026-09-13,False
BUS-005004,Umbra Supply,Mid,16,82.95,2024-05-01,2027-05-01,False
BUS-005005,Nova Builders,Free,1,0.0,2025-05-14,2027-05-14,False
BUS-005006,Umbra Group,Free,1,0.0,2023-12-05,2026-12-04,False
BUS-005007,Bright Foods,Free,1,0.0,2024-04-18,2027-04-18,False
BUS-005008,Iron Group,Free,1,0.0,2026-05-03,2027-05-03,False
BUS-005009,Globex Media,Premium,50,174.92,2025-06-23,2026-06-23,False
BUS-005010,Bright Works,Mid,13,56.98,2024-04-30,2027-04-30,False
BUS-005011,Stellar Retail,Free,1,0.0,2024-08-16,2026-08-16,False
BUS-005012,Globex Bakery,Mid,9,31.68,2023-07-05,2026-07-04,True
BUS-005013,Umbra Trading,Free,2,0.0,2023-12-31,2026-12-30,False
BUS-005014,Umbra Retail,Mid,12,40.42,2023-06-18,2026-06-17,False
BUS-005015,Apex Foods,Free,2,0.0,2025-09-12,2026-09-12,False
BUS-005016,Pioneer Logistics,Mid,4,58.53,2023-06-29,2026-06-28,False
BUS-005017,Bright Trading,Free,3,0.0,2024-05-11,2027-05-11,False
BUS-005018,Harbor Supply,Premium,90,171.11,2024-03-14,2027-03-14,False
BUS-005019,Globex Labs,Mid,11,83.11,2024-03-17,2027-03-17,False
BUS-005020,Vertex Labs,Free,1,0.0,2023-08-09,2026-08-08,False
BUS-005021,Stellar Works,Mid,11,37.86,2024-09-17,2026-09-17,False
BUS-005022,Acme Works,Free,2,0.0,2024-10-02,2026-10-02,False
BUS-005023,Quantum Trading,Free,3,0.0,2026-03-07,2027-03-07,False
BUS-005024,Pioneer Bakery,Mid,12,61.04,2023-06-04,2027-06-03,False
BUS-005025,Initech Builders,Mid,8,98.39,2025-03-12,2027-03-12,False
BUS-005026,Bright Supply,Free,2,0.0,2026-02-21,2027-02-21,False
BUS-005027,Iron Auto,Free,3,0.0,2023-12-31,2026-12-30,False
BUS-005028,Cobalt Bakery,Free,3,0.0,2024-06-12,2026-06-12,False
BUS-005029,Bright Trading,Free,2,0.0,2024-05-09,2027-05-09,False
BUS-005030,Apex Retail,Free,3,0.0,2024-04-16,2027-04-16,False
BUS-005031,Globex Works,Premium,41,705.68,2025-11-02,2026-11-02,False
BUS-005032,Globex Studios,Free,1,0.0,2026-04-01,2027-04-01,False
BUS-005033,Harbor Retail,Free,2,0.0,2023-12-09,2026-12-08,False
BUS-005034,Cobalt Foods,Free,2,0.0,2023-09-01,2026-08-31,False
BUS-005035,Apex Partners,Free,1,0.0,2025-10-13,2026-10-13,False
BUS-005036,Umbra Auto,Mid,10,37.58,2025-06-09,2026-06-09,False
BUS-005037,Acme Bakery,Free,2,0.0,2025-06-24,2026-06-24,False
BUS-005038,Nova Auto,Free,3,0.0,2026-01-07,2027-01-07,False
BUS-005039,Globex Media,Premium,47,352.21,2026-03-17,2027-03-17,False
BUS-005040,Globex Retail,Free,1,0.0,2023-07-01,2026-06-30,False
BUS-005041,Cobalt Studios,Mid,10,58.1,2023-10-09,2026-10-08,False
BUS-005042,Stellar Labs,Free,1,0.0,2024-02-22,2027-02-21,False
BUS-005043,Quantum Trading,Free,2,0.0,2024-12-11,2026-12-11,False
BUS-005044,Summit Foods,Free,3,0.0,2025-11-23,2026-11-23,False
BUS-005045,Quantum Labs,Free,3,0.0,2024-08-13,2026-08-13,False
BUS-005046,Umbra Works,Free,3,0.0,2024-10-12,2026-10-12,False
BUS-005047,Harbor Builders,Premium,82,727.06,2024-01-10,2027-01-09,False
BUS-005048,Cobalt Retail,Free,2,0.0,2025-06-26,2026-06-26,False
BUS-005049,Vertex Studios,Free,3,0.0,2024-03-22,2027-03-22,False
BUS-005050,Apex Trading,Free,2,0.0,2024-07-03,2026-07-03,False
BUS-005051,Globex Studios,Free,1,0.0,2024-12-09,2026-12-09,False
BUS-005052,Pioneer Supply,Free,2,0.0,2026-02-14,2027-02-14,False
BUS-005053,Initech Auto,Mid,10,89.72,2025-10-07,2026-10-07,False
BUS-005054,Cedar Bakery,Free,3,0.0,2026-02-04,2027-02-04,False
BUS-005055,Acme Media,Premium,90,249.6,2023-07-01,2026-06-30,False
BUS-005056,Globex Bakery,Free,2,0.0,2023-12-03,2026-12-02,False
BUS-005057,Summit Builders,Mid,6,70.54,2023-08-09,2026-08-08,False
BUS-005058,Apex Retail,Free,3,0.0,2026-02-25,2027-02-25,False
BUS-005059,Cobalt Supply,Free,2,0.0,2025-07-21,2026-07-21,False
BUS-005060,Nova Labs,Mid,16,68.62,2024-10-04,2026-10-04,False
BUS-005061,Cedar Supply,Free,2,0.0,2025-07-03,2026-07-03,False
BUS-005062,Iron Foods,Free,1,0.0,2024-12-20,2026-12-20,False
BUS-005063,Globex Foods,Free,2,0.0,2024-04-13,2027-04-13,False
BUS-005064,Nova Supply,Premium,24,698.04,2026-03-01,2027-03-01,False
BUS-005065,Umbra Foods,Mid,13,71.1,2025-08-28,2026-08-28,False
BUS-005066,Iron Logistics,Mid,9,30.45,2025-11-11,2026-11-11,True
BUS-005067,Umbra Studios,Premium,82,649.99,2025-08-23,2026-08-23,False
BUS-005068,Cobalt Group,Mid,16,96.36,2025-07-16,2026-07-16,False
BUS-005069,Globex Foods,Mid,13,84.39,2024-09-19,2026-09-19,True
BUS-005070,Stellar Logistics,Free,2,0.0,2025-10-26,2026-10-26,False
BUS-005071,Summit Labs,Free,1,0.0,2025-10-04,2026-10-04,False
BUS-005072,Vertex Media,Premium,53,702.98,2025-01-15,2027-01-15,False
BUS-005073,Iron Trading,Mid,10,91.17,2026-04-30,2027-04-30,False
BUS-005074,Cedar Trading,Free,2,0.0,2026-05-02,2027-05-02,False
BUS-005075,Iron Retail,Mid,17,57.05,2025-10-12,2026-10-12,False
BUS-005076,Cedar Auto,Free,1,0.0,2025-10-02,2026-10-02,False
BUS-005077,Nova Works,Mid,9,49.02,2023-09-07,2026-09-06,True
BUS-005078,Globex Works,Free,2,0.0,2024-10-31,2026-10-31,False
BUS-005079,Iron Labs,Mid,3,45.57,2023-10-26,2026-10-25,False
BUS-005080,Apex Health,Mid,6,47.29,2025-09-28,2026-09-28,False
BUS-005081,Summit Logistics,Free,3,0.0,2024-01-27,2027-01-26,False
BUS-005082,Quantum Consulting,Free,2,0.0,2026-03-31,2027-03-31,False
BUS-005083,Quantum Logistics,Free,2,0.0,2024-05-16,2027-05-16,False
BUS-005084,Apex Foods,Mid,11,33.18,2023-08-07,2026-08-06,False
BUS-005085,Acme Supply,Free,1,0.0,2025-11-19,2026-11-19,False
BUS-005086,Quantum Supply,Mid,7,58.49,2025-10-23,2026-10-23,True
BUS-005087,Globex Builders,Free,2,0.0,2026-03-22,2027-03-22,False
BUS-005088,Iron Health,Free,3,0.0,2024-02-05,2027-02-04,False
BUS-005089,Cedar Builders,Premium,58,614.94,2023-06-07,2026-06-06,False
BUS-005090,Quantum Supply,Free,2,0.0,2026-04-10,2027-04-10,False
BUS-005091,Acme Logistics,Mid,3,99.18,2023-10-14,2026-10-13,False
BUS-005092,Harbor Health,Free,1,0.0,2023-08-24,2026-08-23,False
BUS-005093,Umbra Bakery,Mid,15,44.14,2026-02-18,2027-02-18,False
BUS-005094,Globex Trading,Premium,19,415.41,2023-12-20,2026-12-19,False
BUS-005095,Initech Builders,Free,1,0.0,2025-05-21,2027-05-21,False
BUS-005096,Harbor Group,Free,1,0.0,2024-05-04,2027-05-04,False
BUS-005097,Quantum Health,Free,1,0.0,2025-01-14,2027-01-14,False
BUS-005098,Vertex Foods,Mid,14,58.5,2024-06-02,2027-06-02,False
BUS-005099,Quantum Auto,Mid,4,63.6,2026-03-11,2027-03-11,False
BUS-005100,Summit Consulting,Free,1,0.0,2026-01-11,2027-01-11,False
BUS-005101,Stellar Supply,Free,2,0.0,2024-05-22,2027-05-22,False
BUS-005102,Iron Retail,Mid,14,72.94,2023-10-13,2026-10-12,False
BUS-005103,Cedar Partners,Premium,48,608.01,2025-06-22,2026-06-22,False
BUS-005104,Pioneer Supply,Mid,5,95.04,2025-03-29,2027-03-29,False
BUS-005105,Cobalt Supply,Premium,94,296.16,2025-06-24,2026-06-24,False
BUS-005106,Quantum Builders,Mid,13,36.47,2025-11-25,2026-11-25,False
BUS-005107,Apex Works,Mid,15,38.71,2023-08-22,2026-08-21,False
BUS-005108,Umbra Partners,Premium,65,153.52,2024-04-19,2027-04-19,False
BUS-005109,Umbra Bakery,Premium,50,427.5,2025-08-21,2026-08-21,False
BUS-005110,Apex Retail,Free,2,0.0,2026-03-15,2027-03-15,False
BUS-005111,Summit Supply,Premium,57,600.07,2024-02-19,2027-02-18,False
BUS-005112,Acme Bakery,Free,3,0.0,2023-10-30,2026-10-29,False
BUS-005113,Pioneer Partners,Premium,94,736.31,2024-07-02,2026-07-02,False
BUS-005114,Cedar Studios,Free,1,0.0,2025-01-03,2027-01-03,False
BUS-005115,Apex Studios,Free,1,0.0,2024-02-15,2027-02-14,False
BUS-005116,Harbor Labs,Free,1,0.0,2026-01-12,2027-01-12,False
BUS-005117,Initech Bakery,Mid,5,57.26,2026-01-15,2027-01-15,True
BUS-005118,Bright Logistics,Mid,14,33.88,2024-07-04,2026-07-04,False
BUS-005119,Initech Studios,Mid,10,43.48,2024-11-22,2026-11-22,False
BUS-005120,Nova Retail,Premium,39,150.72,2023-06-21,2026-06-20,False
BUS-005121,Globex Supply,Free,2,0.0,2024-03-27,2027-03-27,False
BUS-005122,Initech Trading,Free,1,0.0,2025-02-12,2027-02-12,False
BUS-005123,Cobalt Works,Free,2,0.0,2025-08-22,2026-08-22,False
BUS-005124,Pioneer Media,Premium,41,526.88,2024-01-10,2027-01-09,False
BUS-005125,Nova Studios,Mid,4,72.41,2025-08-19,2026-08-19,False
BUS-005126,Apex Health,Free,1,0.0,2025-11-18,2026-11-18,False
BUS-005127,Quantum Labs,Free,2,0.0,2025-12-26,2026-12-26,False
BUS-005128,Umbra Group,Free,2,0.0,2024-11-14,2026-11-14,False
BUS-005129,Initech Group,Mid,9,65.47,2024-07-25,2026-07-25,False
BUS-005130,Initech Foods,Mid,9,49.17,2024-12-21,2026-12-21,True
BUS-005131,Apex Works,Mid,8,39.79,2025-07-03,2026-07-03,False
BUS-005132,Iron Builders,Premium,32,378.32,2024-12-28,2026-12-28,False
BUS-005133,Harbor Consulting,Mid,12,69.74,2025-05-31,2027-05-31,False
BUS-005134,Summit Builders,Premium,63,606.97,2024-11-22,2026-11-22,False
BUS-005135,Bright Bakery,Mid,6,86.1,2023-12-07,2026-12-06,False
BUS-005136,Quantum Trading,Premium,24,194.63,2025-02-03,2027-02-03,False
BUS-005137,Acme Media,Free,1,0.0,2023-06-05,2026-06-04,False
BUS-005138,Pioneer Trading,Mid,10,35.96,2024-06-20,2026-06-20,False
BUS-005139,Cobalt Trading,Mid,17,57.21,2025-05-28,2027-05-28,False
BUS-005140,Nova Labs,Free,2,0.0,2025-10-16,2026-10-16,False
BUS-005141,Umbra Group,Mid,7,96.82,2025-01-07,2027-01-07,False
BUS-005142,Apex Labs,Free,3,0.0,2024-02-12,2027-02-11,False
BUS-005143,Summit Logistics,Free,1,0.0,2024-07-10,2026-07-10,False
BUS-005144,Harbor Auto,Free,1,0.0,2025-05-11,2027-05-11,False
BUS-005145,Quantum Works,Mid,12,69.74,2023-08-06,2026-08-05,False
BUS-005146,Cobalt Media,Premium,83,267.34,2024-04-29,2027-04-29,False
BUS-005147,Iron Builders,Mid,4,69.5,2025-07-09,2026-07-09,False
BUS-005148,Iron Labs,Mid,4,34.51,2025-02-15,2027-02-15,False
BUS-005149,Nova Auto,Free,3,0.0,2023-12-15,2026-12-14,False
BUS-005150,Bright Bakery,Free,3,0.0,2023-09-29,2026-09-28,False
BUS-005151,Vertex Retail,Free,2,0.0,2024-09-14,2026-09-14,False
BUS-005152,Pioneer Supply,Free,1,0.0,2026-02-06,2027-02-06,False
BUS-005153,Nova Consulting,Premium,14,595.87,2023-06-29,2026-06-28,False
BUS-005154,Vertex Bakery,Mid,13,69.1,2023-06-22,2026-06-21,False
BUS-005155,Stellar Logistics,Free,2,0.0,2023-06-01,2027-05-31,False
BUS-005156,Bright Auto,Free,2,0.0,2025-01-19,2027-01-19,False
BUS-005157,Cobalt Studios,Mid,7,68.13,2025-07-03,2026-07-03,False
BUS-005158,Acme Health,Free,3,0.0,2023-10-28,2026-10-27,False
BUS-005159,Initech Group,Free,2,0.0,2024-12-02,2026-12-02,False
BUS-005160,Stellar Supply,Mid,5,64.3,2023-12-06,2026-12-05,False
BUS-005161,Pioneer Media,Free,1,0.0,2024-07-03,2026-07-03,False
BUS-005162,Acme Auto,Free,3,0.0,2026-03-26,2027-03-26,False
BUS-005163,Cedar Studios,Premium,14,457.96,2024-08-21,2026-08-21,False
BUS-005164,Globex Labs,Free,1,0.0,2025-03-05,2027-03-05,False
BUS-005165,Nova Studios,Free,1,0.0,2023-10-22,2026-10-21,False
BUS-005166,Quantum Labs,Free,1,0.0,2025-06-24,2026-06-24,False
BUS-005167,Cedar Retail,Mid,6,76.88,2025-07-17,2026-07-17,False
BUS-005168,Bright Studios,Premium,52,634.13,2025-09-12,2026-09-12,False
BUS-005169,Apex Foods,Mid,11,32.11,2025-09-17,2026-09-17,False
BUS-005170,Cobalt Health,Free,2,0.0,2024-03-06,2027-03-06,False
BUS-005171,Cedar Auto,Free,1,0.0,2026-05-02,2027-05-02,False
BUS-005172,Acme Supply,Free,2,0.0,2025-12-24,2026-12-24,False
BUS-005173,Iron Labs,Free,2,0.0,2024-11-10,2026-11-10,False
BUS-005174,Summit Media,Free,3,0.0,2024-09-23,2026-09-23,False
BUS-005175,Summit Studios,Mid,4,53.04,2025-10-22,2026-10-22,False
BUS-005176,Nova Health,Mid,9,88.11,2025-05-21,2027-05-21,False
BUS-005177,Harbor Labs,Free,2,0.0,2026-04-22,2027-04-22,False
BUS-005178,Stellar Bakery,Mid,15,58.56,2024-01-04,2027-01-03,True
BUS-005179,Pioneer Consulting,Free,1,0.0,2024-06-25,2026-06-25,False
BUS-005180,Stellar Works,Mid,14,41.39,2026-01-26,2027-01-26,False
BUS-005181,Globex Health,Mid,13,51.29,2024-05-18,2027-05-18,False
BUS-005182,Harbor Retail,Free,2,0.0,2025-05-12,2027-05-12,False
BUS-005183,Harbor Consulting,Mid,3,84.01,2025-11-07,2026-11-07,True
BUS-005184,Iron Works,Mid,8,65.46,2023-11-25,2026-11-24,False
BUS-005185,Initech Works,Mid,11,67.68,2024-02-01,2027-01-31,True
BUS-005186,Quantum Labs,Free,3,0.0,2026-03-27,2027-03-27,False
BUS-005187,Acme Partners,Free,2,0.0,2023-06-30,2026-06-29,False
BUS-005188,Initech Health,Free,3,0.0,2023-12-02,2026-12-01,False
BUS-005189,Harbor Health,Mid,5,42.47,2025-02-08,2027-02-08,False
BUS-005190,Pioneer Group,Mid,8,71.74,2025-04-29,2027-04-29,True
BUS-005191,Initech Bakery,Free,2,0.0,2023-07-24,2026-07-23,False
BUS-005192,Summit Media,Mid,15,61.44,2025-02-01,2027-02-01,True
BUS-005193,Cedar Media,Free,1,0.0,2023-11-11,2026-11-10,False
BUS-005194,Pioneer Works,Mid,13,37.29,2024-02-28,2027-02-27,True
BUS-005195,Pioneer Consulting,Premium,14,628.8,2025-09-23,2026-09-23,False
BUS-005196,Apex Supply,Free,1,0.0,2025-03-18,2027-03-18,False
BUS-005197,Cedar Works,Free,3,0.0,2025-03-30,2027-03-30,False
BUS-005198,Nova Foods,Free,3,0.0,2025-12-11,2026-12-11,False
BUS-005199,Apex Bakery,Free,2,0.0,2024-10-06,2026-10-06,False
BUS-005200,Nova Works,Mid,14,47.25,2023-08-27,2026-08-26,False
BUS-005201,Globex Foods,Free,2,0.0,2024-02-18,2027-02-17,False
BUS-005202,Pioneer Studios,Free,3,0.0,2023-08-14,2026-08-13,False
BUS-005203,Apex Bakery,Free,3,0.0,2023-06-21,2026-06-20,False
BUS-005204,Iron Supply,Free,2,0.0,2025-01-09,2027-01-09,False
BUS-005205,Cobalt Foods,Mid,3,79.82,2026-04-17,2027-04-17,False
BUS-005206,Cedar Media,Free,2,0.0,2024-09-03,2026-09-03,False
BUS-005207,Summit Builders,Free,3,0.0,2024-12-03,2026-12-03,False
BUS-005208,Apex Consulting,Free,1,0.0,2023-10-22,2026-10-21,False
BUS-005209,Quantum Health,Mid,5,56.99,2024-05-31,2027-05-31,False
BUS-005210,Acme Builders,Mid,16,54.83,2025-09-23,2026-09-23,False
BUS-005211,Stellar Media,Free,3,0.0,2023-06-14,2026-06-13,False
BUS-005212,Iron Group,Premium,91,576.38,2026-01-14,2027-01-14,False
BUS-005213,Quantum Partners,Free,2,0.0,2023-10-25,2026-10-24,False
BUS-005214,Apex Partners,Free,3,0.0,2025-12-08,2026-12-08,False
BUS-005215,Globex Partners,Free,1,0.0,2024-08-15,2026-08-15,False
BUS-005216,Umbra Works,Mid,14,44.74,2023-11-10,2026-11-09,False
BUS-005217,Stellar Media,Free,2,0.0,2025-10-24,2026-10-24,False
BUS-005218,Stellar Supply,Mid,13,73.85,2023-08-01,2026-07-31,False
BUS-005219,Acme Foods,Mid,5,43.35,2023-07-13,2026-07-12,False
BUS-005220,Nova Media,Premium,62,498.99,2024-06-07,2026-06-07,False
BUS-005221,Nova Supply,Mid,3,80.96,2025-01-30,2027-01-30,True
BUS-005222,Quantum Media,Free,1,0.0,2023-10-08,2026-10-07,False
BUS-005223,Iron Studios,Mid,14,53.17,2025-09-03,2026-09-03,False
BUS-005224,Stellar Studios,Free,3,0.0,2026-01-15,2027-01-15,False
BUS-005225,Initech Health,Premium,41,310.7,2023-08-11,2026-08-10,False
BUS-005226,Globex Foods,Free,3,0.0,2024-06-28,2026-06-28,False
BUS-005227,Globex Studios,Mid,8,55.77,2023-10-23,2026-10-22,False
BUS-005228,Cobalt Builders,Free,2,0.0,2025-09-14,2026-09-14,False
BUS-005229,Cedar Auto,Free,2,0.0,2024-08-09,2026-08-09,False
BUS-005230,Vertex Bakery,Mid,15,62.91,2024-02-22,2027-02-21,True
BUS-005231,Nova Partners,Mid,6,94.9,2025-10-26,2026-10-26,False
BUS-005232,Iron Supply,Mid,15,85.0,2023-12-29,2026-12-28,False
BUS-005233,Nova Foods,Free,1,0.0,2025-05-24,2027-05-24,False
BUS-005234,Bright Auto,Mid,13,31.85,2024-03-05,2027-03-05,False
BUS-005235,Pioneer Auto,Free,1,0.0,2024-11-25,2026-11-25,False
BUS-005236,Globex Studios,Free,2,0.0,2024-06-22,2026-06-22,False
BUS-005237,Acme Partners,Premium,37,573.42,2023-12-09,2026-12-08,False
BUS-005238,Stellar Foods,Free,3,0.0,2024-08-04,2026-08-04,False
BUS-005239,Globex Builders,Mid,10,58.7,2025-04-07,2027-04-07,False
BUS-005240,Quantum Supply,Mid,9,32.48,2023-06-05,2026-06-04,False
BUS-005241,Bright Labs,Mid,14,76.25,2025-07-17,2026-07-17,False
BUS-005242,Nova Trading,Free,3,0.0,2025-04-23,2027-04-23,False
BUS-005243,Iron Trading,Mid,8,96.42,2026-03-18,2027-03-18,False
BUS-005244,Initech Media,Free,2,0.0,2026-03-17,2027-03-17,False
BUS-005245,Stellar Builders,Mid,5,32.71,2025-03-06,2027-03-06,False
BUS-005246,Bright Partners,Free,1,0.0,2023-10-11,2026-10-10,False
BUS-005247,Stellar Foods,Premium,24,379.44,2025-12-04,2026-12-04,False
BUS-005248,Vertex Supply,Mid,16,46.18,2025-12-07,2026-12-07,False
BUS-005249,Quantum Labs,Mid,12,40.27,2026-04-29,2027-04-29,False
BUS-005250,Bright Trading,Free,1,0.0,2025-05-15,2027-05-15,False
BUS-005251,Quantum Works,Premium,81,225.55,2025-07-11,2026-07-11,False
BUS-005252,Iron Trading,Free,2,0.0,2025-04-27,2027-04-27,False
BUS-005253,Cobalt Works,Free,3,0.0,2024-07-10,2026-07-10,False
BUS-005254,Stellar Studios,Mid,17,68.33,2025-07-11,2026-07-11,True
BUS-005255,Acme Logistics,Free,3,0.0,2023-06-08,2026-06-07,False
BUS-005256,Summit Builders,Premium,31,402.83,2026-01-16,2027-01-16,False
BUS-005257,Harbor Studios,Free,2,0.0,2024-04-16,2027-04-16,False
BUS-005258,Bright Labs,Mid,7,64.37,2026-04-08,2027-04-08,False
BUS-005259,Cedar Media,Mid,17,88.12,2024-11-07,2026-11-07,False
BUS-005260,Iron Works,Free,2,0.0,2025-02-13,2027-02-13,False
BUS-005261,Acme Builders,Mid,10,64.64,2024-11-16,2026-11-16,True
BUS-005262,Iron Trading,Free,2,0.0,2023-09-19,2026-09-18,False
BUS-005263,Iron Studios,Premium,21,235.37,2023-06-17,2026-06-16,False
BUS-005264,Globex Studios,Free,1,0.0,2024-02-08,2027-02-07,False
BUS-005265,Initech Supply,Free,1,0.0,2024-02-03,2027-02-02,False
BUS-005266,Acme Media,Free,2,0.0,2026-03-11,2027-03-11,False
BUS-005267,Bright Trading,Free,2,0.0,2025-12-03,2026-12-03,False
BUS-005268,Acme Retail,Free,3,0.0,2024-02-10,2027-02-09,False
BUS-005269,Apex Health,Free,3,0.0,2024-02-02,2027-02-01,False
BUS-005270,Nova Works,Premium,83,652.87,2025-12-24,2026-12-24,False
BUS-005271,Cedar Studios,Mid,6,92.83,2025-05-13,2027-05-13,False
BUS-005272,Cedar Logistics,Mid,8,46.68,2024-03-31,2027-03-31,False
BUS-005273,Cedar Labs,Mid,15,31.26,2025-11-10,2026-11-10,False
BUS-005274,Cobalt Labs,Free,1,0.0,2025-09-04,2026-09-04,False
BUS-005275,Umbra Auto,Mid,15,80.68,2024-02-05,2027-02-04,False
BUS-005276,Umbra Trading,Free,2,0.0,2023-09-20,2026-09-19,False
BUS-005277,Summit Foods,Free,2,0.0,2026-01-05,2027-01-05,False
BUS-005278,Iron Supply,Free,3,0.0,2024-04-01,2027-04-01,False
BUS-005279,Bright Logistics,Free,1,0.0,2024-09-10,2026-09-10,False
BUS-005280,Acme Trading,Mid,8,98.21,2025-10-29,2026-10-29,True
BUS-005281,Pioneer Labs,Mid,3,87.07,2023-07-23,2026-07-22,False
BUS-005282,Summit Partners,Mid,3,56.06,2025-07-04,2026-07-04,False
BUS-005283,Vertex Trading,Free,3,0.0,2025-01-19,2027-01-19,False
BUS-005284,Cobalt Auto,Free,3,0.0,2025-05-17,2027-05-17,False
BUS-005285,Harbor Foods,Premium,87,434.02,2023-10-04,2026-10-03,False
BUS-005286,Summit Builders,Premium,64,342.77,2023-10-23,2026-10-22,False
BUS-005287,Cedar Consulting,Mid,5,54.26,2024-03-10,2027-03-10,False
BUS-005288,Summit Bakery,Free,1,0.0,2024-01-27,2027-01-26,False
BUS-005289,Iron Health,Free,3,0.0,2025-02-26,2027-02-26,False
BUS-005290,Initech Retail,Free,3,0.0,2024-04-14,2027-04-14,False
BUS-005291,Iron Group,Free,3,0.0,2025-01-19,2027-01-19,False
BUS-005292,Umbra Supply,Mid,9,81.91,2023-10-31,2026-10-30,False
BUS-005293,Initech Works,Mid,3,88.62,2024-07-18,2026-07-18,False
BUS-005294,Pioneer Health,Free,3,0.0,2026-01-29,2027-01-29,False
BUS-005295,Globex Trading,Mid,9,66.13,2025-11-24,2026-11-24,False
BUS-005296,Apex Consulting,Free,2,0.0,2023-07-09,2026-07-08,False
BUS-005297,Iron Builders,Free,1,0.0,2024-05-06,2027-05-06,False
BUS-005298,Stellar Consulting,Free,1,0.0,2023-11-22,2026-11-21,False
BUS-005299,Nova Works,Free,1,0.0,2024-07-24,2026-07-24,False
BUS-005300,Globex Auto,Mid,4,36.8,2025-09-08,2026-09-08,True
BUS-005301,Bright Media,Mid,16,34.96,2024-12-08,2026-12-08,False
BUS-005302,Bright Bakery,Mid,16,41.62,2024-12-23,2026-12-23,False
BUS-005303,Iron Retail,Free,1,0.0,2026-01-17,2027-01-17,False
BUS-005304,Globex Studios,Mid,14,95.59,2026-04-17,2027-04-17,False
BUS-005305,Nova Auto,Free,2,0.0,2024-11-08,2026-11-08,False
BUS-005306,Harbor Health,Mid,10,76.39,2025-08-03,2026-08-03,True
BUS-005307,Cobalt Bakery,Free,1,0.0,2023-06-11,2026-06-10,False
BUS-005308,Cedar Builders,Mid,5,97.79,2024-10-04,2026-10-04,False
BUS-005309,Summit Consulting,Free,2,0.0,2026-04-24,2027-04-24,False
BUS-005310,Cedar Partners,Mid,17,61.9,2025-10-04,2026-10-04,False
BUS-005311,Initech Works,Premium,33,198.36,2023-12-06,2026-12-05,False
BUS-005312,Cedar Auto,Free,2,0.0,2026-01-27,2027-01-27,False
BUS-005313,Bright Works,Mid,12,88.25,2025-04-29,2027-04-29,False
BUS-005314,Cedar Media,Mid,11,66.73,2023-09-14,2026-09-13,False
BUS-005315,Initech Foods,Free,2,0.0,2024-09-08,2026-09-08,False
BUS-005316,Stellar Group,Free,1,0.0,2025-07-30,2026-07-30,False
BUS-005317,Vertex Works,Premium,10,564.75,2023-11-26,2026-11-25,False
BUS-005318,Cedar Supply,Free,1,0.0,2025-03-03,2027-03-03,False
BUS-005319,Nova Builders,Premium,76,511.69,2025-09-19,2026-09-19,False
BUS-005320,Quantum Group,Mid,11,50.04,2024-09-08,2026-09-08,False
BUS-005321,Initech Auto,Mid,13,54.46,2025-09-03,2026-09-03,False
BUS-005322,Nova Foods,Free,2,0.0,2025-07-30,2026-07-30,False
BUS-005323,Acme Group,Premium,17,729.65,2023-09-24,2026-09-23,False
BUS-005324,Acme Media,Free,2,0.0,2023-06-08,2026-06-07,False
BUS-005325,Nova Works,Premium,23,377.26,2025-08-09,2026-08-09,False
BUS-005326,Iron Consulting,Mid,7,46.89,2026-01-16,2027-01-16,False
BUS-005327,Bright Consulting,Mid,17,75.54,2023-08-01,2026-07-31,True
BUS-005328,Bright Retail,Free,2,0.0,2024-05-13,2027-05-13,False
BUS-005329,Stellar Labs,Premium,23,228.04,2025-11-29,2026-11-29,False
BUS-005330,Globex Supply,Free,1,0.0,2023-08-09,2026-08-08,False
BUS-005331,Pioneer Media,Free,2,0.0,2024-08-31,2026-08-31,False
BUS-005332,Pioneer Group,Free,2,0.0,2025-01-15,2027-01-15,False
BUS-005333,Acme Consulting,Free,2,0.0,2025-11-22,2026-11-22,False
BUS-005334,Initech Consulting,Mid,11,77.65,2025-05-09,2027-05-09,False
BUS-005335,Bright Trading,Premium,76,572.94,2024-03-15,2027-03-15,False
BUS-005336,Apex Health,Premium,50,650.51,2024-10-23,2026-10-23,False
BUS-005337,Summit Works,Free,3,0.0,2025-06-18,2026-06-18,False
BUS-005338,Initech Foods,Premium,52,242.47,2024-12-24,2026-12-24,False
BUS-005339,Vertex Retail,Mid,5,87.01,2023-10-05,2026-10-04,True
BUS-005340,Bright Health,Mid,17,31.17,2023-12-01,2026-11-30,False
BUS-005341,Apex Studios,Free,2,0.0,2023-08-24,2026-08-23,False
BUS-005342,Vertex Partners,Free,3,0.0,2024-06-11,2026-06-11,False
BUS-005343,Acme Foods,Free,2,0.0,2024-03-20,2027-03-20,False
BUS-005344,Iron Foods,Free,3,0.0,2023-08-19,2026-08-18,False
BUS-005345,Quantum Foods,Mid,10,97.9,2026-04-20,2027-04-20,False
BUS-005346,Pioneer Partners,Free,3,0.0,2024-05-24,2027-05-24,False
BUS-005347,Stellar Studios,Free,2,0.0,2025-05-14,2027-05-14,False
BUS-005348,Globex Builders,Premium,67,449.82,2026-02-19,2027-02-19,False
BUS-005349,Cobalt Retail,Free,2,0.0,2024-05-04,2027-05-04,False
BUS-005350,Quantum Studios,Free,1,0.0,2023-10-01,2026-09-30,False
BUS-005351,Acme Health,Free,2,0.0,2023-10-30,2026-10-29,False
BUS-005352,Harbor Health,Mid,15,47.82,2025-06-26,2026-06-26,False
BUS-005353,Iron Works,Premium,76,512.18,2025-02-02,2027-02-02,False
BUS-005354,Initech Auto,Mid,7,37.3,2024-01-04,2027-01-03,False
BUS-005355,Iron Foods,Mid,9,74.63,2024-09-27,2026-09-27,False
BUS-005356,Acme Health,Free,2,0.0,2024-03-17,2027-03-17,False
BUS-005357,Bright Partners,Premium,45,458.94,2024-11-09,2026-11-09,False
BUS-005358,Initech Consulting,Mid,6,43.12,2025-05-04,2027-05-04,False
BUS-005359,Pioneer Works,Free,3,0.0,2024-06-27,2026-06-27,False
BUS-005360,Vertex Foods,Premium,66,167.4,2023-12-20,2026-12-19,False
BUS-005361,Bright Builders,Mid,7,95.8,2024-10-10,2026-10-10,False
BUS-005362,Harbor Retail,Free,2,0.0,2026-03-16,2027-03-16,False
BUS-005363,Quantum Foods,Free,1,0.0,2026-01-28,2027-01-28,False
BUS-005364,Cobalt Logistics,Mid,3,78.57,2024-12-26,2026-12-26,False
BUS-005365,Quantum Auto,Premium,58,236.27,2025-01-31,2027-01-31,False
BUS-005366,Harbor Logistics,Free,3,0.0,2026-01-15,2027-01-15,False
BUS-005367,Umbra Auto,Free,3,0.0,2026-03-31,2027-03-31,False
BUS-005368,Iron Labs,Mid,6,61.99,2025-03-26,2027-03-26,False
BUS-005369,Cobalt Consulting,Free,3,0.0,2023-10-26,2026-10-25,False
BUS-005370,Harbor Supply,Free,2,0.0,2025-12-10,2026-12-10,False
BUS-005371,Iron Health,Free,2,0.0,2024-04-11,2027-04-11,False
BUS-005372,Harbor Auto,Free,2,0.0,2024-06-06,2026-06-06,False
BUS-005373,Quantum Supply,Premium,13,684.62,2024-07-10,2026-07-10,False
BUS-005374,Iron Bakery,Free,3,0.0,2025-11-16,2026-11-16,False
BUS-005375,Initech Foods,Free,2,0.0,2024-09-25,2026-09-25,False
BUS-005376,Pioneer Studios,Mid,5,78.28,2025-08-09,2026-08-09,False
BUS-005377,Initech Supply,Mid,3,95.97,2023-07-14,2026-07-13,True
BUS-005378,Pioneer Partners,Mid,4,91.16,2025-04-21,2027-04-21,True
BUS-005379,Nova Trading,Free,2,0.0,2024-07-19,2026-07-19,False
BUS-005380,Apex Builders,Mid,3,85.26,2025-07-31,2026-07-31,False
BUS-005381,Nova Health,Free,1,0.0,2023-06-19,2026-06-18,False
BUS-005382,Quantum Consulting,Premium,34,643.52,2024-04-22,2027-04-22,False
BUS-005383,Summit Labs,Mid,4,85.0,2024-09-29,2026-09-29,False
BUS-005384,Acme Builders,Mid,5,70.79,2023-11-23,2026-11-22,False
BUS-005385,Globex Auto,Free,3,0.0,2025-11-04,2026-11-04,False
BUS-005386,Globex Labs,Mid,13,41.53,2023-08-29,2026-08-28,False
BUS-005387,Initech Studios,Free,2,0.0,2024-12-03,2026-12-03,False
BUS-005388,Bright Labs,Mid,13,46.57,2025-06-23,2026-06-23,False
BUS-005389,Umbra Retail,Free,3,0.0,2025-11-07,2026-11-07,False
BUS-005390,Pioneer Partners,Mid,14,97.43,2025-01-12,2027-01-12,False
BUS-005391,Vertex Works,Free,1,0.0,2023-12-01,2026-11-30,False
BUS-005392,Vertex Partners,Free,2,0.0,2025-11-07,2026-11-07,False
BUS-005393,Umbra Studios,Free,1,0.0,2025-09-09,2026-09-09,False
BUS-005394,Stellar Logistics,Free,1,0.0,2025-11-09,2026-11-09,False
BUS-005395,Globex Consulting,Premium,15,205.36,2024-08-17,2026-08-17,False
BUS-005396,Bright Health,Mid,12,33.55,2025-12-12,2026-12-12,False
BUS-005397,Globex Studios,Mid,5,43.18,2025-09-26,2026-09-26,False
BUS-005398,Harbor Supply,Free,1,0.0,2025-04-06,2027-04-06,False
BUS-005399,Nova Foods,Premium,99,274.14,2023-11-11,2026-11-10,False
BUS-005400,Summit Logistics,Mid,17,90.38,2024-02-08,2027-02-07,False
BUS-005401,Initech Bakery,Premium,20,156.81,2025-02-13,2027-02-13,False
BUS-005402,Acme Bakery,Premium,71,324.34,2024-07-16,2026-07-16,False
BUS-005403,Acme Foods,Free,1,0.0,2025-06-13,2026-06-13,False
BUS-005404,Bright Labs,Free,2,0.0,2024-04-11,2027-04-11,False
BUS-005405,Cobalt Supply,Premium,19,303.66,2023-06-06,2026-06-05,False
BUS-005406,Iron Auto,Free,3,0.0,2023-07-24,2026-07-23,False
BUS-005407,Initech Supply,Mid,5,55.07,2023-10-07,2026-10-06,True
BUS-005408,Cobalt Logistics,Mid,6,38.24,2026-03-12,2027-03-12,False
BUS-005409,Harbor Works,Free,3,0.0,2026-01-12,2027-01-12,False
BUS-005410,Stellar Trading,Premium,13,722.46,2024-03-19,2027-03-19,False
BUS-005411,Acme Auto,Free,2,0.0,2026-03-19,2027-03-19,False
BUS-005412,Quantum Studios,Mid,7,58.18,2024-02-12,2027-02-11,False
BUS-005413,Globex Labs,Premium,41,280.92,2023-10-03,2026-10-02,False
BUS-005414,Acme Labs,Free,3,0.0,2024-07-22,2026-07-22,False
BUS-005415,Bright Retail,Mid,16,93.92,2024-10-20,2026-10-20,False
BUS-005416,Stellar Labs,Free,1,0.0,2024-09-01,2026-09-01,False
BUS-005417,Stellar Consulting,Mid,9,53.64,2023-08-03,2026-08-02,False
BUS-005418,Cobalt Consulting,Free,2,0.0,2026-04-24,2027-04-24,False
BUS-005419,Pioneer Media,Free,2,0.0,2025-07-19,2026-07-19,False
BUS-005420,Umbra Group,Mid,8,52.15,2025-09-16,2026-09-16,False
BUS-005421,Quantum Group,Mid,6,94.35,2023-06-06,2026-06-05,False
BUS-005422,Cobalt Retail,Free,3,0.0,2025-03-08,2027-03-08,False
BUS-005423,Nova Foods,Free,3,0.0,2025-04-05,2027-04-05,False
BUS-005424,Quantum Group,Free,1,0.0,2024-11-22,2026-11-22,False
BUS-005425,Summit Group,Free,2,0.0,2023-06-07,2026-06-06,False
BUS-005426,Bright Partners,Free,2,0.0,2023-06-10,2026-06-09,False
BUS-005427,Cobalt Logistics,Premium,44,208.96,2025-01-17,2027-01-17,False
BUS-005428,Umbra Works,Free,2,0.0,2025-01-23,2027-01-23,False
BUS-005429,Cobalt Supply,Free,1,0.0,2023-11-11,2026-11-10,False
BUS-005430,Summit Labs,Free,2,0.0,2024-05-01,2027-05-01,False
BUS-005431,Cedar Logistics,Free,1,0.0,2024-10-30,2026-10-30,False
BUS-005432,Summit Retail,Free,1,0.0,2025-09-16,2026-09-16,False
BUS-005433,Umbra Bakery,Mid,17,34.79,2024-01-07,2027-01-06,False
BUS-005434,Apex Logistics,Free,1,0.0,2025-03-24,2027-03-24,False
BUS-005435,Apex Labs,Free,3,0.0,2025-05-29,2027-05-29,False
BUS-005436,Pioneer Builders,Mid,8,53.78,2024-10-29,2026-10-29,False
BUS-005437,Quantum Supply,Free,2,0.0,2023-07-14,2026-07-13,False
BUS-005438,Cobalt Works,Free,2,0.0,2025-01-15,2027-01-15,False
BUS-005439,Stellar Health,Free,2,0.0,2026-03-10,2027-03-10,False
BUS-005440,Cedar Media,Premium,96,313.61,2024-07-29,2026-07-29,False
BUS-005441,Quantum Labs,Mid,8,77.22,2023-12-18,2026-12-17,True
BUS-005442,Nova Studios,Premium,21,510.58,2024-01-08,2027-01-07,False
BUS-005443,Apex Partners,Free,1,0.0,2025-02-07,2027-02-07,False
BUS-005444,Iron Retail,Premium,97,225.42,2025-10-14,2026-10-14,False
BUS-005445,Pioneer Trading,Free,3,0.0,2025-01-15,2027-01-15,False
BUS-005446,Acme Retail,Premium,51,652.64,2023-10-24,2026-10-23,False
BUS-005447,Bright Auto,Free,3,0.0,2025-11-11,2026-11-11,False
BUS-005448,Stellar Group,Free,1,0.0,2025-12-13,2026-12-13,False
BUS-005449,Cedar Builders,Mid,15,48.17,2026-03-26,2027-03-26,False
BUS-005450,Iron Trading,Free,3,0.0,2023-09-07,2026-09-06,False
BUS-005451,Cobalt Media,Free,2,0.0,2025-05-16,2027-05-16,False
BUS-005452,Vertex Auto,Mid,12,53.48,2025-08-23,2026-08-23,False
BUS-005453,Bright Media,Free,3,0.0,2024-03-03,2027-03-03,False
BUS-005454,Pioneer Group,Free,1,0.0,2023-09-03,2026-09-02,False
BUS-005455,Acme Labs,Free,2,0.0,2025-05-24,2027-05-24,False
BUS-005456,Iron Retail,Free,3,0.0,2025-12-19,2026-12-19,False
BUS-005457,Harbor Consulting,Free,2,0.0,2024-09-29,2026-09-29,False
BUS-005458,Bright Retail,Free,3,0.0,2025-09-06,2026-09-06,False
BUS-005459,Cobalt Logistics,Mid,16,41.36,2024-10-11,2026-10-11,False
BUS-005460,Acme Works,Mid,13,89.66,2026-01-16,2027-01-16,True
BUS-005461,Harbor Works,Mid,4,38.78,2024-09-30,2026-09-30,False
BUS-005462,Globex Builders,Free,1,0.0,2024-12-30,2026-12-30,False
BUS-005463,Initech Health,Premium,82,331.04,2024-10-04,2026-10-04,False
BUS-005464,Harbor Auto,Free,3,0.0,2024-12-18,2026-12-18,False
BUS-005465,Cobalt Consulting,Mid,15,99.75,2025-03-17,2027-03-17,False
BUS-005466,Cobalt Bakery,Mid,15,63.03,2024-04-29,2027-04-29,False
BUS-005467,Apex Builders,Mid,3,94.28,2024-01-06,2027-01-05,False
BUS-005468,Nova Logistics,Mid,14,63.06,2025-11-16,2026-11-16,False
BUS-005469,Cedar Logistics,Mid,16,99.15,2023-09-18,2026-09-17,False
BUS-005470,Umbra Group,Premium,10,442.58,2025-08-30,2026-08-30,False
BUS-005471,Cedar Builders,Free,2,0.0,2024-02-03,2027-02-02,False
BUS-005472,Umbra Foods,Free,3,0.0,2025-11-18,2026-11-18,False
BUS-005473,Pioneer Health,Free,3,0.0,2023-10-11,2026-10-10,False
BUS-005474,Stellar Media,Free,2,0.0,2023-08-06,2026-08-05,False
BUS-005475,Summit Partners,Premium,33,294.71,2023-08-20,2026-08-19,False
BUS-005476,Umbra Studios,Free,1,0.0,2023-09-17,2026-09-16,False
BUS-005477,Umbra Consulting,Free,1,0.0,2024-06-19,2026-06-19,False
BUS-005478,Vertex Consulting,Free,3,0.0,2026-03-02,2027-03-02,False
BUS-005479,Bright Supply,Free,3,0.0,2026-01-01,2027-01-01,False
BUS-005480,Bright Auto,Free,1,0.0,2025-07-05,2026-07-05,False
BUS-005481,Pioneer Works,Premium,36,479.59,2025-02-18,2027-02-18,False
BUS-005482,Nova Bakery,Free,2,0.0,2024-01-31,2027-01-30,False
BUS-005483,Cobalt Labs,Mid,3,88.04,2025-04-13,2027-04-13,False
BUS-005484,Quantum Partners,Mid,14,71.56,2026-03-22,2027-03-22,False
BUS-005485,Bright Group,Free,1,0.0,2023-05-20,2027-05-19,False
BUS-005486,Globex Foods,Mid,12,45.74,2026-02-19,2027-02-19,False
BUS-005487,Bright Partners,Free,2,0.0,2025-06-22,2026-06-22,False
BUS-005488,Vertex Group,Mid,11,60.82,2024-01-17,2027-01-16,False
BUS-005489,Cedar Media,Free,2,0.0,2024-09-25,2026-09-25,False
BUS-005490,Bright Partners,Free,2,0.0,2025-08-05,2026-08-05,False
BUS-005491,Initech Consulting,Free,3,0.0,2024-10-16,2026-10-16,False
BUS-005492,Cobalt Partners,Free,2,0.0,2024-10-26,2026-10-26,False
BUS-005493,Harbor Studios,Mid,3,90.14,2026-02-11,2027-02-11,False
BUS-005494,Quantum Trading,Mid,3,43.01,2025-05-02,2027-05-02,False
BUS-005495,Cedar Auto,Free,3,0.0,2024-02-28,2027-02-27,False
BUS-005496,Quantum Foods,Free,2,0.0,2023-11-09,2026-11-08,False
BUS-005497,Iron Builders,Free,3,0.0,2026-02-26,2027-02-26,False
BUS-005498,Bright Media,Mid,3,81.27,2025-01-24,2027-01-24,False
BUS-005499,Iron Supply,Free,1,0.0,2024-10-25,2026-10-25,False
BUS-005500,Stellar Partners,Mid,8,38.55,2024-06-02,2027-06-02,False
BUS-005501,Pioneer Retail,Mid,12,71.55,2026-03-15,2027-03-15,True
BUS-005502,Stellar Studios,Free,2,0.0,2025-03-03,2027-03-03,False
BUS-005503,Cedar Studios,Free,1,0.0,2025-02-14,2027-02-14,False
BUS-005504,Vertex Foods,Free,2,0.0,2024-02-05,2027-02-04,False
BUS-005505,Vertex Consulting,Free,1,0.0,2023-07-21,2026-07-20,False
BUS-005506,Umbra Trading,Free,3,0.0,2025-03-05,2027-03-05,False
BUS-005507,Globex Labs,Free,1,0.0,2023-09-12,2026-09-11,False
BUS-005508,Nova Retail,Free,3,0.0,2024-08-03,2026-08-03,False
BUS-005509,Iron Labs,Free,1,0.0,2025-03-12,2027-03-12,False
BUS-005510,Stellar Bakery,Free,1,0.0,2025-01-12,2027-01-12,False
BUS-005511,Cedar Auto,Mid,11,92.11,2023-06-16,2026-06-15,False
BUS-005512,Pioneer Partners,Free,1,0.0,2025-08-16,2026-08-16,False
BUS-005513,Iron Foods,Premium,90,703.15,2024-10-30,2026-10-30,False
BUS-005514,Pioneer Bakery,Free,3,0.0,2023-05-28,2027-05-27,False
BUS-005515,Acme Supply,Free,2,0.0,2024-03-06,2027-03-06,False
BUS-005516,Summit Health,Free,3,0.0,2024-05-04,2027-05-04,False
BUS-005517,Quantum Works,Mid,14,40.09,2024-04-12,2027-04-12,False
BUS-005518,Nova Works,Mid,5,60.46,2026-03-04,2027-03-04,False
BUS-005519,Pioneer Retail,Free,3,0.0,2023-12-09,2026-12-08,False
BUS-005520,Stellar Trading,Free,1,0.0,2023-05-23,2027-05-22,False
BUS-005521,Stellar Retail,Free,2,0.0,2023-09-18,2026-09-17,False
BUS-005522,Quantum Consulting,Free,2,0.0,2026-03-19,2027-03-19,False
BUS-005523,Bright Auto,Free,3,0.0,2024-03-29,2027-03-29,False
BUS-005524,Acme Supply,Mid,15,35.65,2026-03-04,2027-03-04,True
BUS-005525,Apex Trading,Free,3,0.0,2023-05-27,2027-05-26,False
BUS-005526,Summit Partners,Free,2,0.0,2025-02-01,2027-02-01,False
BUS-005527,Bright Foods,Free,1,0.0,2024-09-02,2026-09-02,False
BUS-005528,Initech Labs,Free,3,0.0,2024-05-01,2027-05-01,False
BUS-005529,Summit Studios,Free,2,0.0,2025-04-20,2027-04-20,False
BUS-005530,Harbor Auto,Premium,58,251.34,2025-10-05,2026-10-05,False
BUS-005531,Bright Foods,Mid,9,46.94,2023-11-12,2026-11-11,False
BUS-005532,Pioneer Media,Mid,7,73.06,2024-09-20,2026-09-20,True
BUS-005533,Pioneer Retail,Mid,7,59.03,2023-11-25,2026-11-24,False
BUS-005534,Cobalt Retail,Free,1,0.0,2023-06-18,2026-06-17,False
BUS-005535,Acme Studios,Free,1,0.0,2025-10-30,2026-10-30,False
BUS-005536,Quantum Consulting,Mid,10,95.8,2024-03-17,2027-03-17,False
BUS-005537,Stellar Consulting,Free,2,0.0,2023-10-03,2026-10-02,False
BUS-005538,Summit Works,Free,3,0.0,2025-03-12,2027-03-12,False
BUS-005539,Bright Supply,Free,1,0.0,2025-12-22,2026-12-22,False
BUS-005540,Globex Labs,Free,1,0.0,2025-08-24,2026-08-24,False
BUS-005541,Apex Labs,Free,3,0.0,2023-12-04,2026-12-03,False
BUS-005542,Summit Works,Mid,6,98.33,2025-06-23,2026-06-23,False
BUS-005543,Pioneer Auto,Mid,11,92.06,2025-03-26,2027-03-26,False
BUS-005544,Acme Retail,Mid,7,36.4,2023-12-04,2026-12-03,False
BUS-005545,Pioneer Bakery,Free,2,0.0,2024-09-12,2026-09-12,False
BUS-005546,Quantum Builders,Free,2,0.0,2023-08-03,2026-08-02,False
BUS-005547,Cedar Partners,Free,3,0.0,2024-08-28,2026-08-28,False
BUS-005548,Globex Media,Mid,14,97.23,2025-01-11,2027-01-11,False
BUS-005549,Harbor Supply,Free,3,0.0,2026-03-04,2027-03-04,False
BUS-005550,Iron Health,Free,1,0.0,2025-04-08,2027-04-08,False
BUS-005551,Iron Builders,Mid,10,36.34,2023-07-10,2026-07-09,False
BUS-005552,Globex Supply,Free,2,0.0,2024-05-08,2027-05-08,False
BUS-005553,Globex Supply,Free,3,0.0,2025-02-20,2027-02-20,False
BUS-005554,Nova Foods,Free,2,0.0,2026-01-06,2027-01-06,False
BUS-005555,Cedar Supply,Free,3,0.0,2024-02-26,2027-02-25,False
BUS-005556,Quantum Auto,Mid,13,41.58,2025-02-03,2027-02-03,False
BUS-005557,Vertex Bakery,Free,2,0.0,2024-06-28,2026-06-28,False
BUS-005558,Apex Trading,Free,1,0.0,2024-05-06,2027-05-06,False
BUS-005559,Globex Retail,Mid,11,61.63,2026-04-24,2027-04-24,False
BUS-005560,Summit Supply,Free,2,0.0,2023-12-27,2026-12-26,False
BUS-005561,Stellar Partners,Free,2,0.0,2026-01-04,2027-01-04,False
BUS-005562,Iron Group,Free,2,0.0,2024-10-16,2026-10-16,False
BUS-005563,Vertex Consulting,Mid,12,38.58,2025-11-18,2026-11-18,False
BUS-005564,Quantum Supply,Free,2,0.0,2026-02-03,2027-02-03,False
BUS-005565,Initech Trading,Mid,8,68.59,2024-01-18,2027-01-17,False
BUS-005566,Harbor Foods,Free,2,0.0,2025-08-26,2026-08-26,False
BUS-005567,Bright Supply,Free,2,0.0,2025-08-09,2026-08-09,False
BUS-005568,Harbor Media,Free,1,0.0,2023-06-14,2026-06-13,False
BUS-005569,Cobalt Retail,Mid,15,90.38,2025-05-27,2027-05-27,False
BUS-005570,Summit Auto,Mid,3,37.41,2026-03-02,2027-03-02,True
BUS-005571,Pioneer Trading,Premium,22,727.87,2025-10-27,2026-10-27,False
BUS-005572,Summit Bakery,Free,3,0.0,2025-10-31,2026-10-31,False
BUS-005573,Globex Auto,Free,2,0.0,2024-03-30,2027-03-30,False
BUS-005574,Quantum Group,Free,3,0.0,2025-10-22,2026-10-22,False
BUS-005575,Bright Partners,Free,1,0.0,2023-07-12,2026-07-11,False
BUS-005576,Summit Studios,Free,1,0.0,2026-04-11,2027-04-11,False
BUS-005577,Umbra Group,Mid,6,79.5,2024-04-16,2027-04-16,True
BUS-005578,Stellar Studios,Free,3,0.0,2025-02-08,2027-02-08,False
BUS-005579,Pioneer Consulting,Free,1,0.0,2024-10-09,2026-10-09,False
BUS-005580,Globex Trading,Premium,15,487.52,2024-11-07,2026-11-07,False
BUS-005581,Cobalt Partners,Premium,37,436.8,2025-12-06,2026-12-06,False
BUS-005582,Apex Studios,Free,3,0.0,2024-05-20,2027-05-20,False
BUS-005583,Initech Consulting,Mid,7,67.86,2024-02-29,2027-02-28,False
BUS-005584,Globex Supply,Premium,26,582.49,2025-01-19,2027-01-19,False
BUS-005585,Cobalt Logistics,Mid,16,55.94,2025-12-05,2026-12-05,False
BUS-005586,Globex Logistics,Free,1,0.0,2023-12-03,2026-12-02,False
BUS-005587,Quantum Foods,Free,1,0.0,2025-08-08,2026-08-08,False
BUS-005588,Pioneer Partners,Free,1,0.0,2024-07-09,2026-07-09,False
BUS-005589,Quantum Bakery,Mid,17,39.5,2023-12-08,2026-12-07,False
BUS-005590,Umbra Labs,Mid,16,76.39,2023-12-05,2026-12-04,False
BUS-005591,Globex Health,Premium,59,529.96,2024-01-27,2027-01-26,False
BUS-005592,Initech Logistics,Free,2,0.0,2025-06-04,2026-06-04,False
BUS-005593,Bright Labs,Free,1,0.0,2025-02-14,2027-02-14,False
BUS-005594,Umbra Labs,Free,2,0.0,2024-10-20,2026-10-20,False
BUS-005595,Globex Logistics,Free,3,0.0,2024-01-22,2027-01-21,False
BUS-005596,Quantum Builders,Mid,10,93.49,2024-11-25,2026-11-25,True
BUS-005597,Cedar Auto,Free,2,0.0,2024-11-11,2026-11-11,False
BUS-005598,Harbor Trading,Free,2,0.0,2026-04-11,2027-04-11,False
BUS-005599,Cedar Media,Free,1,0.0,2023-10-12,2026-10-11,False
BUS-005600,Pioneer Trading,Free,3,0.0,2025-02-07,2027-02-07,False
BUS-005601,Initech Health,Free,1,0.0,2024-10-20,2026-10-20,False
BUS-005602,Summit Auto,Free,3,0.0,2026-04-02,2027-04-02,False
BUS-005603,Bright Consulting,Free,3,0.0,2023-11-09,2026-11-08,False
BUS-005604,Iron Supply,Free,1,0.0,2024-09-22,2026-09-22,False
BUS-005605,Umbra Supply,Mid,12,35.99,2024-05-27,2027-05-27,False
BUS-005606,Apex Bakery,Premium,46,447.22,2023-05-26,2027-05-25,False
BUS-005607,Harbor Labs,Free,2,0.0,2024-03-27,2027-03-27,False
BUS-005608,Nova Works,Free,3,0.0,2024-03-02,2027-03-02,False
BUS-005609,Apex Studios,Premium,20,222.58,2024-02-25,2027-02-24,False
BUS-005610,Summit Studios,Mid,11,57.93,2026-04-18,2027-04-18,False
BUS-005611,Cobalt Trading,Free,2,0.0,2024-01-10,2027-01-09,False
BUS-005612,Vertex Partners,Free,2,0.0,2024-03-20,2027-03-20,False
BUS-005613,Pioneer Partners,Mid,16,77.87,2026-02-02,2027-02-02,True
BUS-005614,Harbor Studios,Premium,36,202.04,2025-07-06,2026-07-06,False
BUS-005615,Nova Media,Free,1,0.0,2024-06-07,2026-06-07,False
BUS-005616,Summit Supply,Mid,9,88.18,2026-05-03,2027-05-03,False
BUS-005617,Globex Media,Premium,67,257.85,2024-04-23,2027-04-23,False
BUS-005618,Initech Retail,Mid,3,73.82,2025-01-23,2027-01-23,False
BUS-005619,Quantum Health,Mid,11,49.05,2024-01-08,2027-01-07,True
BUS-005620,Initech Studios,Mid,6,40.46,2025-08-24,2026-08-24,True
BUS-005621,Quantum Bakery,Premium,84,312.52,2024-11-22,2026-11-22,False
BUS-005622,Acme Partners,Mid,7,93.61,2025-12-02,2026-12-02,False
BUS-005623,Iron Partners,Free,2,0.0,2025-03-27,2027-03-27,False
BUS-005624,Nova Bakery,Mid,11,40.58,2024-08-20,2026-08-20,True
BUS-005625,Quantum Logistics,Premium,64,708.34,2025-07-07,2026-07-07,False
BUS-005626,Initech Bakery,Free,3,0.0,2023-06-11,2026-06-10,False
BUS-005627,Summit Consulting,Mid,3,86.28,2024-03-11,2027-03-11,True
BUS-005628,Bright Retail,Premium,54,746.03,2023-06-06,2026-06-05,False
BUS-005629,Pioneer Studios,Mid,8,65.28,2023-10-23,2026-10-22,False
BUS-005630,Nova Retail,Free,3,0.0,2024-08-27,2026-08-27,False
BUS-005631,Summit Consulting,Mid,10,87.68,2025-07-03,2026-07-03,False
BUS-005632,Harbor Bakery,Free,2,0.0,2025-03-16,2027-03-16,False
BUS-005633,Vertex Labs,Free,2,0.0,2023-05-22,2027-05-21,False
BUS-005634,Harbor Auto,Free,1,0.0,2024-12-05,2026-12-05,False
BUS-005635,Vertex Partners,Free,3,0.0,2023-05-21,2027-05-20,False
BUS-005636,Apex Partners,Free,2,0.0,2023-11-13,2026-11-12,False
BUS-005637,Nova Partners,Free,2,0.0,2026-02-03,2027-02-03,False
BUS-005638,Iron Logistics,Free,3,0.0,2023-07-14,2026-07-13,False
BUS-005639,Initech Retail,Mid,5,33.89,2023-09-10,2026-09-09,False
BUS-005640,Nova Supply,Mid,9,68.88,2025-04-11,2027-04-11,True
BUS-005641,Cobalt Health,Free,3,0.0,2026-02-23,2027-02-23,False
BUS-005642,Umbra Labs,Mid,4,47.98,2024-11-11,2026-11-11,False
BUS-005643,Apex Health,Mid,4,49.42,2024-09-25,2026-09-25,False
BUS-005644,Cedar Retail,Free,2,0.0,2024-08-04,2026-08-04,False
BUS-005645,Umbra Bakery,Free,3,0.0,2023-08-28,2026-08-27,False
BUS-005646,Iron Consulting,Mid,8,45.87,2024-12-23,2026-12-23,False
BUS-005647,Globex Retail,Mid,16,73.07,2026-03-07,2027-03-07,True
BUS-005648,Cobalt Auto,Mid,7,45.84,2024-08-25,2026-08-25,False
BUS-005649,Initech Partners,Mid,11,79.07,2024-01-09,2027-01-08,False
BUS-005650,Umbra Auto,Free,1,0.0,2025-08-10,2026-08-10,False
BUS-005651,Bright Foods,Mid,5,64.94,2024-11-28,2026-11-28,False
BUS-005652,Globex Retail,Free,2,0.0,2024-09-21,2026-09-21,False
BUS-005653,Vertex Foods,Free,1,0.0,2025-05-27,2027-05-27,False
BUS-005654,Iron Labs,Premium,51,308.42,2026-02-10,2027-02-10,False
BUS-005655,Summit Retail,Free,1,0.0,2025-09-06,2026-09-06,False
BUS-005656,Cobalt Builders,Mid,11,62.43,2023-10-06,2026-10-05,False
BUS-005657,Apex Supply,Free,1,0.0,2025-02-06,2027-02-06,False
BUS-005658,Acme Labs,Free,2,0.0,2024-02-01,2027-01-31,False
BUS-005659,Nova Bakery,Mid,10,56.43,2025-07-23,2026-07-23,True
BUS-005660,Umbra Retail,Premium,33,622.47,2025-08-17,2026-08-17,False
BUS-005661,Cobalt Builders,Premium,74,399.2,2025-06-01,2027-06-01,False
BUS-005662,Stellar Labs,Mid,5,59.87,2025-02-17,2027-02-17,False
BUS-005663,Vertex Trading,Premium,56,536.31,2023-12-04,2026-12-03,False
BUS-005664,Globex Builders,Premium,61,546.08,2024-02-11,2027-02-10,False
BUS-005665,Vertex Retail,Free,1,0.0,2025-10-23,2026-10-23,False
BUS-005666,Harbor Builders,Free,2,0.0,2025-03-09,2027-03-09,False
BUS-005667,Bright Auto,Mid,11,36.41,2023-06-03,2027-06-02,False
BUS-005668,Umbra Labs,Free,2,0.0,2025-04-28,2027-04-28,False
BUS-005669,Cobalt Labs,Premium,40,430.61,2025-11-05,2026-11-05,False
BUS-005670,Apex Builders,Free,3,0.0,2025-01-28,2027-01-28,False
BUS-005671,Pioneer Auto,Mid,11,36.64,2024-01-14,2027-01-13,False
BUS-005672,Cedar Consulting,Mid,16,68.67,2024-04-02,2027-04-02,False
BUS-005673,Stellar Bakery,Free,1,0.0,2023-07-16,2026-07-15,False
BUS-005674,Apex Media,Free,2,0.0,2025-04-03,2027-04-03,False
BUS-005675,Cobalt Partners,Mid,5,64.22,2023-10-03,2026-10-02,False
BUS-005676,Pioneer Group,Free,3,0.0,2025-03-01,2027-03-01,False
BUS-005677,Cobalt Builders,Free,2,0.0,2025-11-03,2026-11-03,False
BUS-005678,Acme Health,Premium,19,500.89,2025-02-08,2027-02-08,False
BUS-005679,Stellar Retail,Free,2,0.0,2025-08-11,2026-08-11,False
BUS-005680,Umbra Auto,Mid,3,77.57,2023-08-05,2026-08-04,False
BUS-005681,Quantum Bakery,Premium,14,206.39,2025-11-18,2026-11-18,False
BUS-005682,Summit Health,Free,3,0.0,2026-05-04,2027-05-04,False
BUS-005683,Cedar Partners,Free,1,0.0,2024-01-10,2027-01-09,False
BUS-005684,Apex Bakery,Mid,15,35.22,2026-04-08,2027-04-08,True
BUS-005685,Acme Health,Mid,9,84.41,2024-12-08,2026-12-08,False
BUS-005686,Cobalt Foods,Mid,15,76.11,2025-11-02,2026-11-02,False
BUS-005687,Iron Supply,Free,1,0.0,2024-03-14,2027-03-14,False
BUS-005688,Iron Consulting,Free,1,0.0,2024-03-03,2027-03-03,False
BUS-005689,Globex Consulting,Premium,84,555.35,2025-09-04,2026-09-04,False
BUS-005690,Vertex Trading,Mid,10,42.68,2024-08-17,2026-08-17,False
BUS-005691,Vertex Builders,Free,2,0.0,2023-11-18,2026-11-17,False
BUS-005692,Pioneer Auto,Premium,89,740.51,2025-10-04,2026-10-04,False
BUS-005693,Cobalt Works,Premium,66,520.84,2025-06-17,2026-06-17,False
BUS-005694,Summit Bakery,Free,1,0.0,2024-06-16,2026-06-16,False
BUS-005695,Vertex Group,Mid,10,77.31,2025-03-09,2027-03-09,False
BUS-005696,Harbor Group,Free,3,0.0,2023-12-18,2026-12-17,False
BUS-005697,Initech Trading,Free,3,0.0,2023-12-26,2026-12-25,False
BUS-005698,Stellar Auto,Premium,77,355.81,2023-09-06,2026-09-05,False
BUS-005699,Stellar Retail,Free,2,0.0,2024-09-11,2026-09-11,False
BUS-005700,Globex Consulting,Premium,62,314.28,2023-07-23,2026-07-22,False
BUS-005701,Apex Partners,Free,1,0.0,2023-08-05,2026-08-04,False
BUS-005702,Cedar Media,Mid,17,86.13,2024-05-16,2027-05-16,False
BUS-005703,Apex Builders,Free,3,0.0,2024-03-02,2027-03-02,False
BUS-005704,Pioneer Auto,Mid,13,48.56,2023-11-10,2026-11-09,False
BUS-005705,Cedar Media,Mid,15,81.68,2024-10-18,2026-10-18,False
BUS-005706,Pioneer Foods,Mid,14,74.7,2024-12-02,2026-12-02,True
BUS-005707,Cedar Supply,Free,1,0.0,2026-04-23,2027-04-23,False
BUS-005708,Harbor Labs,Free,1,0.0,2024-11-21,2026-11-21,False
BUS-005709,Globex Partners,Free,2,0.0,2024-10-09,2026-10-09,False
BUS-005710,Stellar Retail,Free,2,0.0,2025-01-19,2027-01-19,False
BUS-005711,Umbra Foods,Mid,8,94.74,2025-04-13,2027-04-13,False
BUS-005712,Globex Builders,Free,2,0.0,2024-08-22,2026-08-22,False
BUS-005713,Cedar Logistics,Mid,3,63.23,2023-10-08,2026-10-07,False
BUS-005714,Stellar Consulting,Free,3,0.0,2024-03-04,2027-03-04,False
BUS-005715,Globex Studios,Mid,14,48.03,2026-03-05,2027-03-05,False
BUS-005716,Iron Group,Free,3,0.0,2025-01-18,2027-01-18,False
BUS-005717,Iron Builders,Free,2,0.0,2024-02-16,2027-02-15,False
BUS-005718,Globex Foods,Mid,7,78.42,2024-02-17,2027-02-16,False
BUS-005719,Stellar Partners,Free,1,0.0,2023-08-14,2026-08-13,False
BUS-005720,Globex Health,Free,2,0.0,2025-07-08,2026-07-08,False
BUS-005721,Cobalt Group,Mid,4,33.74,2025-11-04,2026-11-04,True
BUS-005722,Harbor Bakery,Free,3,0.0,2025-09-21,2026-09-21,False
BUS-005723,Iron Partners,Free,3,0.0,2024-11-13,2026-11-13,False
BUS-005724,Acme Group,Mid,10,44.15,2025-03-28,2027-03-28,False
BUS-005725,Harbor Works,Free,2,0.0,2025-02-18,2027-02-18,False
BUS-005726,Stellar Media,Premium,57,311.75,2023-09-09,2026-09-08,False
BUS-005727,Bright Trading,Free,2,0.0,2025-04-24,2027-04-24,False
BUS-005728,Apex Partners,Free,2,0.0,2026-03-06,2027-03-06,False
BUS-005729,Cobalt Logistics,Free,2,0.0,2026-01-01,2027-01-01,False
BUS-005730,Vertex Foods,Mid,17,78.97,2025-09-01,2026-09-01,False
BUS-005731,Umbra Studios,Premium,61,703.46,2025-02-11,2027-02-11,False
BUS-005732,Pioneer Health,Free,2,0.0,2024-12-01,2026-12-01,False
BUS-005733,Quantum Partners,Premium,23,569.93,2025-03-06,2027-03-06,False
BUS-005734,Acme Media,Free,3,0.0,2023-11-03,2026-11-02,False
BUS-005735,Cobalt Logistics,Premium,74,617.1,2026-04-11,2027-04-11,False
BUS-005736,Pioneer Bakery,Mid,13,86.19,2024-01-27,2027-01-26,False
BUS-005737,Globex Works,Premium,64,310.4,2023-07-24,2026-07-23,False
BUS-005738,Iron Builders,Free,3,0.0,2024-08-25,2026-08-25,False
BUS-005739,Quantum Builders,Free,1,0.0,2026-04-13,2027-04-13,False
BUS-005740,Stellar Group,Free,2,0.0,2023-09-30,2026-09-29,False
BUS-005741,Summit Builders,Premium,52,545.96,2026-04-20,2027-04-20,False
BUS-005742,Stellar Bakery,Mid,10,42.93,2026-01-06,2027-01-06,False
BUS-005743,Quantum Supply,Premium,80,671.48,2023-07-03,2026-07-02,False
BUS-005744,Harbor Builders,Mid,7,47.2,2025-11-16,2026-11-16,False
BUS-005745,Stellar Labs,Premium,44,683.25,2024-07-27,2026-07-27,False
BUS-005746,Iron Auto,Free,1,0.0,2026-02-25,2027-02-25,False
BUS-005747,Nova Group,Free,3,0.0,2024-06-03,2027-06-03,False
BUS-005748,Globex Studios,Mid,15,33.79,2024-04-24,2027-04-24,True
BUS-005749,Quantum Labs,Mid,12,76.09,2024-02-01,2027-01-31,False
BUS-005750,Apex Auto,Premium,31,696.15,2024-05-01,2027-05-01,False
BUS-005751,Acme Works,Free,1,0.0,2024-12-19,2026-12-19,False
BUS-005752,Globex Consulting,Mid,12,38.21,2024-05-11,2027-05-11,False
BUS-005753,Pioneer Retail,Mid,6,94.71,2026-03-13,2027-03-13,True
BUS-005754,Acme Health,Free,2,0.0,2026-04-26,2027-04-26,False
BUS-005755,Globex Supply,Free,1,0.0,2025-07-22,2026-07-22,False
BUS-005756,Summit Bakery,Premium,26,634.65,2026-01-11,2027-01-11,False
BUS-005757,Pioneer Health,Mid,3,69.66,2026-01-10,2027-01-10,False
BUS-005758,Stellar Auto,Free,3,0.0,2023-10-29,2026-10-28,False
BUS-005759,Stellar Studios,Free,2,0.0,2023-11-01,2026-10-31,False
BUS-005760,Harbor Foods,Free,3,0.0,2024-06-29,2026-06-29,False
BUS-005761,Initech Consulting,Free,1,0.0,2024-03-28,2027-03-28,False
BUS-005762,Nova Group,Free,3,0.0,2025-04-15,2027-04-15,False
BUS-005763,Harbor Consulting,Premium,26,502.13,2025-10-15,2026-10-15,False
BUS-005764,Initech Media,Premium,56,537.91,2023-12-29,2026-12-28,False
BUS-005765,Umbra Group,Premium,85,174.61,2026-01-15,2027-01-15,False
BUS-005766,Cedar Works,Mid,16,88.14,2024-07-01,2026-07-01,False
BUS-005767,Acme Health,Free,3,0.0,2024-06-10,2026-06-10,False
BUS-005768,Harbor Labs,Free,2,0.0,2025-09-11,2026-09-11,False
BUS-005769,Summit Group,Free,1,0.0,2024-11-28,2026-11-28,False
BUS-005770,Bright Auto,Mid,3,46.61,2024-06-23,2026-06-23,True
BUS-005771,Pioneer Media,Free,2,0.0,2025-02-28,2027-02-28,False
BUS-005772,Nova Studios,Free,1,0.0,2025-12-29,2026-12-29,False
BUS-005773,Iron Works,Free,2,0.0,2024-08-28,2026-08-28,False
BUS-005774,Vertex Auto,Mid,17,64.52,2024-04-02,2027-04-02,False
BUS-005775,Nova Retail,Free,3,0.0,2025-09-06,2026-09-06,False
BUS-005776,Quantum Partners,Free,1,0.0,2024-09-21,2026-09-21,False
BUS-005777,Summit Media,Mid,12,32.7,2023-07-29,2026-07-28,True
BUS-005778,Bright Works,Premium,86,739.96,2024-08-07,2026-08-07,False
BUS-005779,Stellar Media,Premium,23,411.83,2025-08-06,2026-08-06,False
BUS-005780,Pioneer Foods,Mid,13,89.18,2025-09-06,2026-09-06,True
BUS-005781,Iron Group,Free,1,0.0,2025-05-24,2027-05-24,False
BUS-005782,Apex Health,Free,3,0.0,2026-03-23,2027-03-23,False
BUS-005783,Cobalt Studios,Free,1,0.0,2025-06-25,2026-06-25,False
BUS-005784,Pioneer Bakery,Mid,9,55.23,2025-12-27,2026-12-27,False
BUS-005785,Globex Trading,Mid,6,49.34,2023-07-23,2026-07-22,False
BUS-005786,Quantum Health,Free,2,0.0,2024-06-15,2026-06-15,False
BUS-005787,Pioneer Group,Free,3,0.0,2024-06-15,2026-06-15,False
BUS-005788,Cobalt Group,Mid,4,59.68,2025-02-19,2027-02-19,False
BUS-005789,Acme Health,Free,1,0.0,2024-05-05,2027-05-05,False
BUS-005790,Bright Trading,Premium,84,204.99,2023-07-10,2026-07-09,False
BUS-005791,Initech Auto,Free,1,0.0,2023-09-07,2026-09-06,False
BUS-005792,Vertex Logistics,Premium,97,432.93,2024-07-16,2026-07-16,False
BUS-005793,Apex Trading,Mid,12,61.98,2025-01-15,2027-01-15,False
BUS-005794,Bright Trading,Mid,12,77.72,2024-12-24,2026-12-24,False
BUS-005795,Pioneer Labs,Free,3,0.0,2023-07-03,2026-07-02,False
BUS-005796,Initech Logistics,Premium,14,371.13,2025-03-27,2027-03-27,False
BUS-005797,Globex Consulting,Free,1,0.0,2025-05-15,2027-05-15,False
BUS-005798,Stellar Foods,Free,1,0.0,2026-02-26,2027-02-26,False
BUS-005799,Vertex Labs,Mid,12,60.34,2023-07-16,2026-07-15,False
BUS-005800,Initech Retail,Mid,17,46.53,2023-10-31,2026-10-30,False
BUS-005801,Umbra Group,Free,2,0.0,2023-10-26,2026-10-25,False
BUS-005802,Nova Labs,Mid,9,58.29,2024-10-22,2026-10-22,False
BUS-005803,Initech Consulting,Free,2,0.0,2023-06-20,2026-06-19,False
BUS-005804,Bright Health,Free,3,0.0,2024-01-27,2027-01-26,False
BUS-005805,Summit Builders,Free,1,0.0,2024-01-10,2027-01-09,False
BUS-005806,Vertex Partners,Mid,7,62.42,2025-04-02,2027-04-02,False
BUS-005807,Harbor Logistics,Mid,9,58.45,2023-11-11,2026-11-10,False
BUS-005808,Vertex Health,Mid,11,63.21,2024-08-23,2026-08-23,False
BUS-005809,Summit Builders,Free,2,0.0,2025-11-05,2026-11-05,False
BUS-005810,Harbor Foods,Free,3,0.0,2025-02-14,2027-02-14,False
BUS-005811,Bright Supply,Free,2,0.0,2024-06-27,2026-06-27,False
BUS-005812,Cedar Labs,Free,1,0.0,2025-03-29,2027-03-29,False
BUS-005813,Apex Builders,Premium,90,377.31,2026-04-12,2027-04-12,False
BUS-005814,Initech Bakery,Mid,12,57.2,2023-12-30,2026-12-29,False
BUS-005815,Nova Foods,Mid,11,42.74,2025-07-24,2026-07-24,False
BUS-005816,Cobalt Studios,Mid,13,74.11,2025-07-29,2026-07-29,False
BUS-005817,Iron Retail,Free,1,0.0,2025-01-26,2027-01-26,False
BUS-005818,Globex Supply,Free,3,0.0,2024-10-29,2026-10-29,False
BUS-005819,Summit Media,Mid,4,44.26,2024-01-08,2027-01-07,False
BUS-005820,Cedar Media,Free,1,0.0,2026-01-19,2027-01-19,False
BUS-005821,Iron Supply,Free,2,0.0,2024-07-07,2026-07-07,False
BUS-005822,Iron Supply,Mid,13,94.12,2024-04-03,2027-04-03,False
BUS-005823,Nova Supply,Mid,3,33.79,2024-05-12,2027-05-12,False
BUS-005824,Cedar Retail,Mid,10,75.62,2024-11-16,2026-11-16,False
BUS-005825,Pioneer Group,Premium,38,249.37,2026-02-19,2027-02-19,False
BUS-005826,Stellar Builders,Free,2,0.0,2024-05-07,2027-05-07,False
BUS-005827,Bright Works,Mid,5,32.96,2024-09-14,2026-09-14,True
BUS-005828,Pioneer Studios,Free,3,0.0,2025-10-12,2026-10-12,False
BUS-005829,Initech Auto,Free,2,0.0,2025-11-16,2026-11-16,False
BUS-005830,Umbra Foods,Mid,13,31.52,2024-06-07,2026-06-07,False
BUS-005831,Globex Logistics,Free,3,0.0,2024-07-19,2026-07-19,False
BUS-005832,Cobalt Group,Mid,6,93.87,2025-04-19,2027-04-19,False
BUS-005833,Cobalt Trading,Free,1,0.0,2025-04-18,2027-04-18,False
BUS-005834,Globex Logistics,Mid,5,44.5,2025-10-20,2026-10-20,True
BUS-005835,Initech Builders,Mid,10,33.03,2024-04-20,2027-04-20,True
BUS-005836,Bright Auto,Free,3,0.0,2024-09-06,2026-09-06,False
BUS-005837,Vertex Auto,Mid,3,53.36,2025-08-06,2026-08-06,False
BUS-005838,Stellar Media,Mid,9,36.7,2025-09-15,2026-09-15,False
BUS-005839,Summit Labs,Premium,74,642.98,2026-02-02,2027-02-02,False
BUS-005840,Globex Group,Mid,10,81.21,2024-04-14,2027-04-14,True
BUS-005841,Nova Bakery,Free,3,0.0,2025-06-25,2026-06-25,False
BUS-005842,Summit Media,Free,3,0.0,2023-10-14,2026-10-13,False
BUS-005843,Iron Foods,Mid,6,87.62,2025-09-21,2026-09-21,False
BUS-005844,Initech Studios,Premium,29,176.24,2024-12-17,2026-12-17,False
BUS-005845,Vertex Group,Free,1,0.0,2025-11-07,2026-11-07,False
BUS-005846,Globex Consulting,Free,2,0.0,2024-02-09,2027-02-08,False
BUS-005847,Bright Auto,Free,2,0.0,2025-11-08,2026-11-08,False
BUS-005848,Nova Builders,Free,1,0.0,2023-12-29,2026-12-28,False
BUS-005849,Nova Group,Free,2,0.0,2024-06-11,2026-06-11,False
BUS-005850,Quantum Supply,Free,1,0.0,2026-01-14,2027-01-14,False
BUS-005851,Harbor Bakery,Mid,10,82.32,2025-07-14,2026-07-14,False
BUS-005852,Cobalt Trading,Free,2,0.0,2023-11-22,2026-11-21,False
BUS-005853,Iron Logistics,Free,1,0.0,2024-07-20,2026-07-20,False
BUS-005854,Apex Works,Mid,5,35.83,2023-05-30,2027-05-29,True
BUS-005855,Quantum Auto,Premium,86,271.57,2025-04-30,2027-04-30,False
BUS-005856,Quantum Labs,Mid,6,70.2,2025-01-19,2027-01-19,False
BUS-005857,Harbor Logistics,Mid,8,49.09,2024-10-04,2026-10-04,False
BUS-005858,Iron Health,Premium,63,348.51,2026-01-10,2027-01-10,False
BUS-005859,Globex Studios,Free,1,0.0,2025-01-24,2027-01-24,False
BUS-005860,Bright Media,Free,2,0.0,2024-11-08,2026-11-08,False
BUS-005861,Nova Trading,Mid,13,53.16,2025-09-20,2026-09-20,False
BUS-005862,Harbor Health,Free,3,0.0,2025-12-23,2026-12-23,False
BUS-005863,Umbra Trading,Free,1,0.0,2024-07-26,2026-07-26,False
BUS-005864,Quantum Group,Mid,6,49.91,2024-04-17,2027-04-17,False
BUS-005865,Harbor Partners,Free,1,0.0,2026-04-21,2027-04-21,False
BUS-005866,Globex Labs,Mid,8,78.99,2025-04-03,2027-04-03,False
BUS-005867,Cedar Foods,Mid,11,92.98,2025-09-02,2026-09-02,False
BUS-005868,Nova Bakery,Free,2,0.0,2026-02-26,2027-02-26,False
BUS-005869,Umbra Consulting,Mid,3,87.99,2024-10-29,2026-10-29,False
BUS-005870,Quantum Retail,Free,3,0.0,2025-05-22,2027-05-22,False
BUS-005871,Initech Works,Premium,90,641.85,2023-09-14,2026-09-13,False
BUS-005872,Iron Supply,Mid,16,67.74,2024-03-16,2027-03-16,False
BUS-005873,Quantum Foods,Mid,8,32.58,2025-10-23,2026-10-23,False
BUS-005874,Globex Auto,Free,3,0.0,2025-12-14,2026-12-14,False
BUS-005875,Stellar Foods,Mid,17,87.77,2025-11-14,2026-11-14,False
BUS-005876,Apex Health,Mid,4,64.17,2025-02-25,2027-02-25,False
BUS-005877,Globex Supply,Mid,3,66.34,2024-11-23,2026-11-23,False
BUS-005878,Pioneer Studios,Free,3,0.0,2024-09-05,2026-09-05,False
BUS-005879,Iron Labs,Premium,52,492.56,2024-04-10,2027-04-10,False
BUS-005880,Acme Builders,Mid,16,95.83,2024-03-13,2027-03-13,False
BUS-005881,Harbor Group,Free,1,0.0,2023-09-17,2026-09-16,False
BUS-005882,Iron Bakery,Free,3,0.0,2025-04-26,2027-04-26,False
BUS-005883,Apex Logistics,Mid,16,41.21,2026-03-12,2027-03-12,False
BUS-005884,Acme Bakery,Free,2,0.0,2023-06-20,2026-06-19,False
BUS-005885,Bright Labs,Free,3,0.0,2025-02-07,2027-02-07,False
BUS-005886,Initech Works,Mid,4,71.27,2026-04-27,2027-04-27,False
BUS-005887,Cobalt Supply,Free,1,0.0,2025-07-30,2026-07-30,False
BUS-005888,Cobalt Partners,Mid,11,31.69,2023-05-28,2027-05-27,False
BUS-005889,Apex Studios,Mid,4,49.43,2023-09-27,2026-09-26,True
BUS-005890,Bright Supply,Premium,22,213.11,2024-06-16,2026-06-16,False
BUS-005891,Iron Retail,Free,1,0.0,2023-08-03,2026-08-02,False
BUS-005892,Vertex Studios,Mid,12,55.34,2025-09-17,2026-09-17,False
BUS-005893,Pioneer Supply,Free,1,0.0,2025-03-11,2027-03-11,False
BUS-005894,Summit Consulting,Free,3,0.0,2023-10-06,2026-10-05,False
BUS-005895,Pioneer Bakery,Free,1,0.0,2023-07-24,2026-07-23,False
BUS-005896,Bright Partners,Free,3,0.0,2024-11-06,2026-11-06,False
BUS-005897,Nova Bakery,Free,3,0.0,2025-08-30,2026-08-30,False
BUS-005898,Iron Health,Free,2,0.0,2024-11-14,2026-11-14,False
BUS-005899,Pioneer Media,Free,3,0.0,2025-01-01,2027-01-01,False
BUS-005900,Cobalt Bakery,Mid,7,45.13,2025-01-08,2027-01-08,False
BUS-005901,Initech Retail,Free,1,0.0,2026-02-20,2027-02-20,False
BUS-005902,Bright Bakery,Free,2,0.0,2024-11-30,2026-11-30,False
BUS-005903,Initech Group,Free,2,0.0,2025-09-17,2026-09-17,False
BUS-005904,Quantum Trading,Premium,83,263.49,2024-04-08,2027-04-08,False
BUS-005905,Cobalt Retail,Free,1,0.0,2024-12-18,2026-12-18,False
BUS-005906,Nova Partners,Free,3,0.0,2024-02-19,2027-02-18,False
BUS-005907,Harbor Consulting,Free,1,0.0,2024-06-29,2026-06-29,False
BUS-005908,Nova Builders,Free,1,0.0,2026-01-15,2027-01-15,False
BUS-005909,Vertex Consulting,Mid,10,47.75,2023-07-07,2026-07-06,True
BUS-005910,Summit Auto,Free,3,0.0,2025-03-27,2027-03-27,False
BUS-005911,Nova Studios,Free,1,0.0,2025-05-31,2027-05-31,False
BUS-005912,Harbor Labs,Mid,4,60.83,2023-10-05,2026-10-04,False
BUS-005913,Globex Media,Mid,12,75.57,2023-11-17,2026-11-16,False
BUS-005914,Cobalt Logistics,Free,2,0.0,2023-07-26,2026-07-25,False
BUS-005915,Nova Health,Free,1,0.0,2025-12-04,2026-12-04,False
BUS-005916,Stellar Auto,Free,3,0.0,2024-07-20,2026-07-20,False
BUS-005917,Initech Media,Free,3,0.0,2025-11-29,2026-11-29,False
BUS-005918,Iron Consulting,Free,1,0.0,2025-07-20,2026-07-20,False
BUS-005919,Globex Retail,Free,2,0.0,2023-06-14,2026-06-13,False
BUS-005920,Iron Auto,Free,3,0.0,2024-03-31,2027-03-31,False
BUS-005921,Stellar Retail,Premium,33,679.24,2024-11-25,2026-11-25,False
BUS-005922,Harbor Media,Mid,9,67.51,2023-10-04,2026-10-03,False
BUS-005923,Quantum Builders,Free,3,0.0,2024-10-24,2026-10-24,False
BUS-005924,Initech Labs,Free,1,0.0,2026-01-01,2027-01-01,False
BUS-005925,Cedar Retail,Free,2,0.0,2023-09-07,2026-09-06,False
BUS-005926,Umbra Labs,Free,3,0.0,2025-07-01,2026-07-01,False
BUS-005927,Bright Bakery,Free,3,0.0,2025-12-10,2026-12-10,False
BUS-005928,Pioneer Works,Free,1,0.0,2024-12-18,2026-12-18,False
BUS-005929,Initech Bakery,Premium,51,276.08,2024-08-14,2026-08-14,False
BUS-005930,Globex Retail,Free,3,0.0,2023-07-17,2026-07-16,False
BUS-005931,Globex Logistics,Free,2,0.0,2024-02-14,2027-02-13,False
BUS-005932,Apex Consulting,Premium,62,321.78,2025-06-08,2026-06-08,False
BUS-005933,Summit Group,Free,2,0.0,2024-07-11,2026-07-11,False
BUS-005934,Quantum Media,Premium,10,697.22,2025-08-25,2026-08-25,False
BUS-005935,Quantum Health,Mid,15,57.26,2025-05-22,2027-05-22,True
BUS-005936,Quantum Health,Free,1,0.0,2023-11-06,2026-11-05,False
BUS-005937,Globex Media,Free,2,0.0,2024-03-11,2027-03-11,False
BUS-005938,Globex Group,Mid,7,63.06,2026-01-23,2027-01-23,False
BUS-005939,Initech Trading,Free,1,0.0,2023-05-24,2027-05-23,False
BUS-005940,Apex Retail,Free,2,0.0,2025-09-25,2026-09-25,False
BUS-005941,Initech Consulting,Free,1,0.0,2024-11-19,2026-11-19,False
BUS-005942,Summit Bakery,Free,1,0.0,2025-05-31,2027-05-31,False
BUS-005943,Apex Trading,Free,2,0.0,2025-12-18,2026-12-18,False
BUS-005944,Harbor Builders,Premium,53,411.67,2025-11-10,2026-11-10,False
BUS-005945,Bright Supply,Free,1,0.0,2025-03-27,2027-03-27,False
BUS-005946,Harbor Logistics,Free,1,0.0,2025-07-21,2026-07-21,False
BUS-005947,Umbra Works,Free,2,0.0,2024-07-19,2026-07-19,False
BUS-005948,Globex Media,Mid,4,76.69,2023-09-08,2026-09-07,False
BUS-005949,Vertex Logistics,Free,2,0.0,2025-05-04,2027-05-04,False
BUS-005950,Vertex Builders,Mid,16,38.13,2025-10-06,2026-10-06,False
BUS-005951,Summit Labs,Free,2,0.0,2025-09-21,2026-09-21,False
BUS-005952,Apex Retail,Mid,6,87.09,2024-04-23,2027-04-23,False
BUS-005953,Acme Bakery,Mid,7,89.83,2024-01-11,2027-01-10,False
BUS-005954,Globex Studios,Mid,16,79.74,2025-09-25,2026-09-25,False
BUS-005955,Summit Group,Free,3,0.0,2024-08-23,2026-08-23,False
BUS-005956,Pioneer Health,Mid,11,65.94,2023-06-03,2027-06-02,False
BUS-005957,Iron Consulting,Free,3,0.0,2025-07-08,2026-07-08,False
BUS-005958,Iron Media,Premium,86,224.77,2024-03-06,2027-03-06,False
BUS-005959,Cedar Bakery,Premium,23,697.88,2024-08-03,2026-08-03,False
BUS-005960,Umbra Labs,Premium,50,264.83,2025-07-02,2026-07-02,False
BUS-005961,Harbor Studios,Premium,22,264.41,2023-06-10,2026-06-09,False
BUS-005962,Vertex Foods,Free,2,0.0,2024-01-31,2027-01-30,False
BUS-005963,Acme Studios,Free,3,0.0,2024-12-07,2026-12-07,False
BUS-005964,Apex Consulting,Free,3,0.0,2024-12-05,2026-12-05,False
BUS-005965,Vertex Labs,Premium,71,650.18,2024-12-23,2026-12-23,False
BUS-005966,Vertex Foods,Premium,50,298.14,2024-12-02,2026-12-02,False
BUS-005967,Iron Partners,Free,2,0.0,2026-02-13,2027-02-13,False
BUS-005968,Stellar Partners,Free,2,0.0,2025-08-02,2026-08-02,False
BUS-005969,Summit Trading,Mid,17,92.98,2024-02-15,2027-02-14,False
BUS-005970,Cobalt Studios,Premium,99,675.91,2023-07-17,2026-07-16,False
BUS-005971,Vertex Health,Free,2,0.0,2024-06-11,2026-06-11,False
BUS-005972,Pioneer Logistics,Mid,3,31.43,2025-02-11,2027-02-11,False
BUS-005973,Nova Health,Free,3,0.0,2023-07-30,2026-07-29,False
BUS-005974,Bright Auto,Mid,15,98.22,2024-05-29,2027-05-29,False
BUS-005975,Stellar Consulting,Free,1,0.0,2023-11-22,2026-11-21,False
BUS-005976,Harbor Consulting,Free,2,0.0,2025-01-10,2027-01-10,False
BUS-005977,Vertex Retail,Free,3,0.0,2025-10-05,2026-10-05,False
BUS-005978,Iron Group,Premium,92,265.02,2025-05-29,2027-05-29,False
BUS-005979,Cedar Consulting,Free,2,0.0,2026-02-12,2027-02-12,False
BUS-005980,Quantum Logistics,Mid,6,54.66,2023-10-12,2026-10-11,False
BUS-005981,Quantum Logistics,Free,3,0.0,2024-04-12,2027-04-12,False
BUS-005982,Stellar Media,Mid,14,59.85,2025-04-16,2027-04-16,False
BUS-005983,Globex Auto,Free,3,0.0,2023-09-20,2026-09-19,False
BUS-005984,Cobalt Partners,Free,2,0.0,2026-04-28,2027-04-28,False
BUS-005985,Summit Supply,Free,3,0.0,2024-09-02,2026-09-02,False
BUS-005986,Apex Group,Free,2,0.0,2023-10-13,2026-10-12,False
BUS-005987,Acme Media,Mid,9,38.77,2025-12-11,2026-12-11,False
BUS-005988,Cedar Auto,Premium,55,193.78,2024-11-24,2026-11-24,False
BUS-005989,Pioneer Media,Free,1,0.0,2025-06-05,2026-06-05,False
BUS-005990,Globex Media,Free,1,0.0,2025-04-13,2027-04-13,False
BUS-005991,Pioneer Bakery,Mid,8,50.59,2024-01-09,2027-01-08,False
BUS-005992,Cobalt Health,Premium,22,165.55,2024-01-14,2027-01-13,False
BUS-005993,Bright Foods,Free,3,0.0,2025-01-18,2027-01-18,False
BUS-005994,Harbor Labs,Free,2,0.0,2026-04-14,2027-04-14,False
BUS-005995,Cobalt Studios,Free,2,0.0,2025-01-03,2027-01-03,False
BUS-005996,Bright Partners,Free,2,0.0,2025-08-02,2026-08-02,False
BUS-005997,Stellar Consulting,Mid,15,86.69,2026-02-13,2027-02-13,False
BUS-005998,Nova Logistics,Free,3,0.0,2025-09-17,2026-09-17,False
BUS-005999,Pioneer Health,Free,3,0.0,2025-01-18,2027-01-18,False
BUS-006000,Umbra Logistics,Mid,14,77.74,2024-07-18,2026-07-18,False
BUS-006001,Quantum Partners,Premium,66,599.52,2023-12-20,2026-12-19,False
BUS-006002,Stellar Foods,Premium,37,192.2,2024-08-16,2026-08-16,False
BUS-006003,Apex Consulting,Premium,23,688.6,2023-07-08,2026-07-07,False
BUS-006004,Cedar Labs,Premium,16,639.85,2024-06-19,2026-06-19,False
BUS-006005,Acme Foods,Free,3,0.0,2025-10-21,2026-10-21,False
BUS-006006,Globex Trading,Mid,7,68.3,2024-04-02,2027-04-02,False
BUS-006007,Summit Logistics,Free,3,0.0,2025-06-25,2026-06-25,False
BUS-006008,Cedar Group,Mid,3,68.08,2023-10-31,2026-10-30,True
BUS-006009,Iron Retail,Free,3,0.0,2023-09-14,2026-09-13,False
BUS-006010,Cobalt Labs,Free,1,0.0,2024-10-05,2026-10-05,False
BUS-006011,Cedar Retail,Free,1,0.0,2026-03-23,2027-03-23,False
BUS-006012,Summit Health,Mid,13,64.69,2025-02-22,2027-02-22,False
BUS-006013,Pioneer Logistics,Free,1,0.0,2024-01-13,2027-01-12,False
BUS-006014,Acme Logistics,Premium,12,326.54,2024-02-15,2027-02-14,False
BUS-006015,Stellar Bakery,Free,2,0.0,2025-09-20,2026-09-20,False
BUS-006016,Iron Health,Free,2,0.0,2024-06-20,2026-06-20,False
BUS-006017,Nova Studios,Free,3,0.0,2023-09-10,2026-09-09,False
BUS-006018,Iron Studios,Mid,12,97.21,2023-12-20,2026-12-19,False
BUS-006019,Cobalt Works,Mid,10,56.44,2025-11-28,2026-11-28,False
BUS-006020,Pioneer Logistics,Free,2,0.0,2023-11-20,2026-11-19,False
BUS-006021,Initech Studios,Free,2,0.0,2023-09-26,2026-09-25,False
BUS-006022,Vertex Trading,Mid,12,67.59,2025-02-01,2027-02-01,False
BUS-006023,Globex Builders,Free,2,0.0,2025-01-29,2027-01-29,False
BUS-006024,Harbor Media,Free,3,0.0,2024-12-03,2026-12-03,False
BUS-006025,Iron Foods,Mid,9,95.06,2025-11-12,2026-11-12,False
BUS-006026,Cobalt Supply,Free,3,0.0,2026-03-03,2027-03-03,False
BUS-006027,Umbra Auto,Mid,14,77.41,2024-12-13,2026-12-13,False
BUS-006028,Umbra Media,Premium,50,456.0,2025-04-05,2027-04-05,False
BUS-006029,Globex Auto,Free,2,0.0,2025-07-21,2026-07-21,False
BUS-006030,Vertex Works,Premium,49,510.57,2025-01-07,2027-01-07,False
BUS-006031,Cedar Labs,Free,3,0.0,2024-07-26,2026-07-26,False
BUS-006032,Iron Labs,Premium,39,459.94,2023-12-25,2026-12-24,False
BUS-006033,Initech Auto,Free,1,0.0,2023-09-19,2026-09-18,False
BUS-006034,Vertex Trading,Free,3,0.0,2024-10-10,2026-10-10,False
BUS-006035,Quantum Media,Mid,8,55.13,2024-05-21,2027-05-21,False
BUS-006036,Bright Works,Free,1,0.0,2023-10-26,2026-10-25,False
BUS-006037,Vertex Studios,Free,3,0.0,2023-05-24,2027-05-23,False
BUS-006038,Globex Works,Premium,23,607.37,2026-03-01,2027-03-01,False
BUS-006039,Summit Partners,Mid,13,76.63,2024-10-14,2026-10-14,True
BUS-006040,Umbra Works,Mid,4,99.1,2025-05-14,2027-05-14,False
BUS-006041,Cedar Bakery,Free,2,0.0,2026-04-03,2027-04-03,False
BUS-006042,Bright Group,Premium,12,721.54,2024-08-06,2026-08-06,False
BUS-006043,Cedar Builders,Free,3,0.0,2023-12-30,2026-12-29,False
BUS-006044,Summit Health,Free,2,0.0,2025-08-19,2026-08-19,False
BUS-006045,Bright Partners,Mid,10,34.15,2024-11-21,2026-11-21,False
BUS-006046,Iron Works,Free,1,0.0,2025-09-06,2026-09-06,False
BUS-006047,Globex Health,Mid,6,46.95,2024-07-05,2026-07-05,False
BUS-006048,Nova Health,Mid,6,85.01,2026-03-06,2027-03-06,False
BUS-006049,Cedar Trading,Mid,13,59.62,2023-08-20,2026-08-19,False
BUS-006050,Quantum Bakery,Mid,13,84.31,2024-11-16,2026-11-16,False
BUS-006051,Nova Builders,Mid,10,73.7,2023-07-15,2026-07-14,False
BUS-006052,Summit Works,Free,3,0.0,2025-06-09,2026-06-09,False
BUS-006053,Umbra Retail,Free,3,0.0,2025-08-29,2026-08-29,False
BUS-006054,Summit Foods,Free,3,0.0,2023-12-14,2026-12-13,False
BUS-006055,Pioneer Supply,Free,1,0.0,2024-11-09,2026-11-09,False
BUS-006056,Pioneer Logistics,Mid,4,65.71,2025-08-22,2026-08-22,True
BUS-006057,Cedar Foods,Premium,70,184.12,2024-12-17,2026-12-17,False
BUS-006058,Pioneer Supply,Premium,68,312.49,2025-06-22,2026-06-22,False
BUS-006059,Nova Media,Mid,10,50.72,2024-06-26,2026-06-26,False
BUS-006060,Stellar Bakery,Free,3,0.0,2025-06-21,2026-06-21,False
BUS-006061,Umbra Logistics,Free,2,0.0,2024-11-22,2026-11-22,False
BUS-006062,Acme Supply,Free,1,0.0,2025-07-27,2026-07-27,False
BUS-006063,Apex Retail,Free,1,0.0,2024-12-13,2026-12-13,False
BUS-006064,Nova Consulting,Free,1,0.0,2024-04-26,2027-04-26,False
BUS-006065,Cedar Consulting,Free,3,0.0,2024-08-09,2026-08-09,False
BUS-006066,Quantum Auto,Mid,9,84.89,2023-11-20,2026-11-19,False
BUS-006067,Bright Bakery,Mid,11,48.59,2025-07-30,2026-07-30,False
BUS-006068,Harbor Health,Free,2,0.0,2025-09-24,2026-09-24,False
BUS-006069,Initech Builders,Free,1,0.0,2024-01-09,2027-01-08,False
BUS-006070,Harbor Studios,Premium,52,338.75,2023-11-18,2026-11-17,False
BUS-006071,Globex Bakery,Free,1,0.0,2024-04-09,2027-04-09,False
BUS-006072,Globex Consulting,Free,3,0.0,2024-08-06,2026-08-06,False
BUS-006073,Pioneer Trading,Mid,5,43.64,2024-04-06,2027-04-06,False
BUS-006074,Vertex Labs,Mid,13,81.58,2024-06-21,2026-06-21,False
BUS-006075,Globex Partners,Free,2,0.0,2024-07-26,2026-07-26,False
BUS-006076,Pioneer Builders,Mid,11,36.16,2023-10-24,2026-10-23,False
BUS-006077,Cedar Partners,Mid,16,50.63,2025-08-08,2026-08-08,False
BUS-006078,Summit Builders,Free,2,0.0,2024-12-02,2026-12-02,False
BUS-006079,Bright Health,Mid,7,85.6,2024-12-18,2026-12-18,True
BUS-006080,Nova Supply,Mid,3,60.43,2024-03-04,2027-03-04,False
BUS-006081,Iron Auto,Free,2,0.0,2025-08-20,2026-08-20,False
BUS-006082,Pioneer Health,Mid,15,44.55,2023-09-30,2026-09-29,False
BUS-006083,Acme Builders,Mid,9,31.45,2025-10-10,2026-10-10,True
BUS-006084,Cedar Auto,Free,1,0.0,2024-04-26,2027-04-26,False
BUS-006085,Globex Foods,Mid,12,60.45,2025-10-27,2026-10-27,False
BUS-006086,Iron Labs,Free,3,0.0,2024-12-03,2026-12-03,False
BUS-006087,Nova Auto,Free,1,0.0,2024-02-11,2027-02-10,False
BUS-006088,Umbra Supply,Mid,17,85.58,2023-09-01,2026-08-31,False
BUS-006089,Quantum Health,Mid,6,39.22,2026-01-04,2027-01-04,False
BUS-006090,Cedar Builders,Free,3,0.0,2023-06-28,2026-06-27,False
BUS-006091,Nova Foods,Premium,68,484.09,2024-05-02,2027-05-02,False
BUS-006092,Bright Builders,Free,2,0.0,2024-11-09,2026-11-09,False
BUS-006093,Pioneer Works,Free,2,0.0,2024-05-09,2027-05-09,False
BUS-006094,Umbra Partners,Mid,17,38.12,2023-10-29,2026-10-28,False
BUS-006095,Umbra Foods,Mid,7,77.67,2025-07-14,2026-07-14,False
BUS-006096,Acme Consulting,Free,1,0.0,2024-10-08,2026-10-08,False
BUS-006097,Nova Partners,Free,1,0.0,2024-02-17,2027-02-16,False
BUS-006098,Cedar Labs,Free,2,0.0,2024-01-19,2027-01-18,False
BUS-006099,Apex Media,Mid,7,98.49,2024-10-12,2026-10-12,False
BUS-006100,Initech Bakery,Mid,4,35.65,2024-03-22,2027-03-22,False
BUS-006101,Nova Consulting,Premium,54,153.93,2025-07-30,2026-07-30,False
BUS-006102,Harbor Auto,Free,3,0.0,2024-09-14,2026-09-14,False
BUS-006103,Iron Group,Free,3,0.0,2025-08-01,2026-08-01,False
BUS-006104,Stellar Retail,Free,2,0.0,2025-04-26,2027-04-26,False
BUS-006105,Quantum Works,Free,2,0.0,2025-02-14,2027-02-14,False
BUS-006106,Stellar Group,Free,1,0.0,2023-11-14,2026-11-13,False
BUS-006107,Acme Studios,Mid,12,43.1,2024-05-29,2027-05-29,True
BUS-006108,Vertex Logistics,Free,2,0.0,2023-11-13,2026-11-12,False
BUS-006109,Apex Supply,Free,3,0.0,2024-12-06,2026-12-06,False
BUS-006110,Initech Auto,Premium,53,279.95,2023-07-22,2026-07-21,False
BUS-006111,Pioneer Consulting,Premium,70,299.18,2026-03-12,2027-03-12,False
BUS-006112,Initech Works,Free,3,0.0,2025-04-01,2027-04-01,False
BUS-006113,Globex Partners,Free,3,0.0,2024-04-24,2027-04-24,False
BUS-006114,Quantum Bakery,Mid,16,46.31,2023-10-27,2026-10-26,False
BUS-006115,Cedar Logistics,Premium,88,435.8,2025-04-05,2027-04-05,False
BUS-006116,Iron Auto,Mid,11,53.79,2025-06-11,2026-06-11,False
BUS-006117,Bright Labs,Mid,16,92.66,2026-03-11,2027-03-11,False
BUS-006118,Nova Consulting,Free,1,0.0,2023-09-11,2026-09-10,False
BUS-006119,Initech Consulting,Free,3,0.0,2023-08-30,2026-08-29,False
BUS-006120,Pioneer Consulting,Premium,25,463.47,2024-10-10,2026-10-10,False
BUS-006121,Bright Trading,Free,3,0.0,2024-07-11,2026-07-11,False
BUS-006122,Harbor Works,Free,1,0.0,2025-12-01,2026-12-01,False
BUS-006123,Acme Retail,Premium,24,426.15,2023-11-04,2026-11-03,False
BUS-006124,Globex Group,Free,1,0.0,2023-05-24,2027-05-23,False
BUS-006125,Iron Media,Premium,87,319.81,2025-12-18,2026-12-18,False
BUS-006126,Umbra Foods,Free,3,0.0,2024-10-09,2026-10-09,False
BUS-006127,Cobalt Auto,Premium,16,416.22,2023-12-20,2026-12-19,False
BUS-006128,Harbor Media,Free,2,0.0,2024-07-09,2026-07-09,False
BUS-006129,Summit Media,Premium,10,502.62,2025-10-18,2026-10-18,False
BUS-006130,Vertex Foods,Free,3,0.0,2023-11-20,2026-11-19,False
BUS-006131,Apex Studios,Free,3,0.0,2024-09-15,2026-09-15,False
BUS-006132,Harbor Bakery,Free,3,0.0,2023-12-07,2026-12-06,False
BUS-006133,Nova Trading,Free,1,0.0,2024-09-22,2026-09-22,False
BUS-006134,Harbor Trading,Free,1,0.0,2024-10-28,2026-10-28,False
BUS-006135,Cobalt Supply,Mid,14,48.15,2024-02-03,2027-02-02,True
BUS-006136,Stellar Health,Free,1,0.0,2024-09-06,2026-09-06,False
BUS-006137,Iron Builders,Free,3,0.0,2024-03-22,2027-03-22,False
BUS-006138,Pioneer Media,Premium,66,483.55,2023-12-27,2026-12-26,False
BUS-006139,Initech Trading,Free,3,0.0,2025-12-01,2026-12-01,False
BUS-006140,Nova Group,Free,2,0.0,2023-10-10,2026-10-09,False
BUS-006141,Iron Foods,Free,1,0.0,2023-07-07,2026-07-06,False
BUS-006142,Cobalt Trading,Mid,10,67.66,2024-07-24,2026-07-24,False
BUS-006143,Stellar Bakery,Free,1,0.0,2024-10-11,2026-10-11,False
BUS-006144,Nova Builders,Free,2,0.0,2024-05-05,2027-05-05,False
BUS-006145,Iron Labs,Premium,66,477.95,2024-10-28,2026-10-28,False
BUS-006146,Apex Auto,Free,2,0.0,2025-03-19,2027-03-19,False
BUS-006147,Pioneer Supply,Free,3,0.0,2023-11-01,2026-10-31,False
BUS-006148,Quantum Consulting,Mid,5,99.0,2025-07-23,2026-07-23,False
BUS-006149,Cobalt Bakery,Free,1,0.0,2024-06-02,2027-06-02,False
BUS-006150,Vertex Logistics,Free,2,0.0,2023-08-18,2026-08-17,False
BUS-006151,Acme Media,Free,1,0.0,2026-04-25,2027-04-25,False
BUS-006152,Umbra Auto,Free,3,0.0,2024-05-20,2027-05-20,False
BUS-006153,Vertex Media,Free,3,0.0,2024-08-18,2026-08-18,False
BUS-006154,Harbor Partners,Mid,9,31.38,2026-05-03,2027-05-03,False
BUS-006155,Stellar Labs,Mid,6,58.51,2026-01-30,2027-01-30,False
BUS-006156,Quantum Supply,Free,2,0.0,2025-12-06,2026-12-06,False
BUS-006157,Harbor Group,Free,1,0.0,2025-08-21,2026-08-21,False
BUS-006158,Iron Labs,Mid,11,48.69,2023-11-08,2026-11-07,False
BUS-006159,Cedar Supply,Mid,15,33.05,2026-02-03,2027-02-03,True
BUS-006160,Quantum Works,Free,2,0.0,2024-12-30,2026-12-30,False
BUS-006161,Initech Partners,Free,1,0.0,2024-10-13,2026-10-13,False
BUS-006162,Initech Supply,Premium,46,268.19,2023-11-20,2026-11-19,False
BUS-006163,Bright Consulting,Free,3,0.0,2023-10-09,2026-10-08,False
BUS-006164,Summit Labs,Premium,55,685.22,2023-08-05,2026-08-04,False
BUS-006165,Umbra Studios,Mid,7,98.06,2023-07-12,2026-07-11,False
BUS-006166,Summit Logistics,Free,3,0.0,2023-07-17,2026-07-16,False
BUS-006167,Pioneer Foods,Free,2,0.0,2023-07-03,2026-07-02,False
BUS-006168,Vertex Group,Mid,7,37.62,2023-07-09,2026-07-08,False
BUS-006169,Initech Consulting,Free,2,0.0,2025-05-17,2027-05-17,False
BUS-006170,Vertex Bakery,Free,3,0.0,2025-02-10,2027-02-10,False
BUS-006171,Iron Bakery,Free,1,0.0,2026-04-05,2027-04-05,False
BUS-006172,Summit Builders,Free,1,0.0,2026-04-21,2027-04-21,False
BUS-006173,Bright Works,Premium,43,703.8,2024-05-15,2027-05-15,False
BUS-006174,Umbra Works,Premium,71,192.64,2024-11-06,2026-11-06,False
BUS-006175,Quantum Logistics,Mid,9,57.34,2024-09-04,2026-09-04,False
BUS-006176,Pioneer Works,Premium,61,561.37,2024-08-07,2026-08-07,False
BUS-006177,Apex Auto,Mid,10,94.44,2023-10-26,2026-10-25,False
BUS-006178,Cobalt Supply,Mid,14,60.31,2024-02-04,2027-02-03,False
BUS-006179,Acme Media,Free,2,0.0,2025-08-20,2026-08-20,False
BUS-006180,Harbor Consulting,Mid,5,71.03,2024-08-06,2026-08-06,False
BUS-006181,Summit Partners,Free,2,0.0,2025-12-28,2026-12-28,False
BUS-006182,Cobalt Studios,Free,3,0.0,2023-07-13,2026-07-12,False
BUS-006183,Nova Consulting,Free,2,0.0,2024-10-17,2026-10-17,False
BUS-006184,Globex Group,Free,1,0.0,2024-04-24,2027-04-24,False
BUS-006185,Quantum Group,Premium,31,506.95,2023-09-20,2026-09-19,False
BUS-006186,Nova Health,Mid,7,32.43,2024-03-17,2027-03-17,False
BUS-006187,Globex Foods,Free,2,0.0,2025-03-16,2027-03-16,False
BUS-006188,Quantum Trading,Free,1,0.0,2024-11-24,2026-11-24,False
BUS-006189,Quantum Foods,Free,3,0.0,2025-04-11,2027-04-11,False
BUS-006190,Cedar Labs,Mid,17,35.53,2025-09-17,2026-09-17,False
BUS-006191,Harbor Media,Free,2,0.0,2023-07-12,2026-07-11,False
BUS-006192,Nova Health,Free,2,0.0,2024-04-04,2027-04-04,False
BUS-006193,Umbra Media,Free,3,0.0,2024-02-20,2027-02-19,False
BUS-006194,Iron Builders,Free,1,0.0,2024-01-12,2027-01-11,False
BUS-006195,Stellar Media,Free,3,0.0,2023-05-29,2027-05-28,False
BUS-006196,Iron Logistics,Free,2,0.0,2025-03-21,2027-03-21,False
BUS-006197,Bright Foods,Mid,8,54.44,2024-02-11,2027-02-10,False
BUS-006198,Bright Builders,Mid,6,86.55,2024-05-07,2027-05-07,False
BUS-006199,Harbor Supply,Free,3,0.0,2025-07-20,2026-07-20,False
BUS-006200,Bright Studios,Premium,98,223.6,2025-09-19,2026-09-19,False
BUS-006201,Cobalt Group,Free,2,0.0,2024-08-15,2026-08-15,False
BUS-006202,Summit Studios,Mid,5,71.43,2024-02-19,2027-02-18,False
BUS-006203,Cobalt Works,Free,2,0.0,2025-09-07,2026-09-07,False
BUS-006204,Initech Labs,Free,2,0.0,2026-01-25,2027-01-25,False
BUS-006205,Globex Media,Free,2,0.0,2025-11-28,2026-11-28,False
BUS-006206,Stellar Works,Premium,96,668.32,2026-04-16,2027-04-16,False
BUS-006207,Pioneer Logistics,Free,1,0.0,2025-08-23,2026-08-23,False
BUS-006208,Apex Consulting,Mid,13,49.18,2024-05-14,2027-05-14,False
BUS-006209,Vertex Studios,Mid,16,99.04,2024-10-27,2026-10-27,False
BUS-006210,Bright Group,Free,2,0.0,2024-06-14,2026-06-14,False
BUS-006211,Pioneer Trading,Free,1,0.0,2025-02-24,2027-02-24,False
BUS-006212,Nova Supply,Free,2,0.0,2025-04-13,2027-04-13,False
BUS-006213,Cedar Labs,Free,1,0.0,2025-10-29,2026-10-29,False
BUS-006214,Harbor Media,Free,3,0.0,2023-07-27,2026-07-26,False
BUS-006215,Initech Builders,Premium,86,604.03,2024-09-30,2026-09-30,False
BUS-006216,Summit Retail,Premium,17,234.69,2024-10-02,2026-10-02,False
BUS-006217,Stellar Foods,Mid,8,33.45,2024-10-08,2026-10-08,False
BUS-006218,Acme Studios,Premium,75,182.46,2023-09-24,2026-09-23,False
BUS-006219,Stellar Logistics,Free,1,0.0,2024-08-23,2026-08-23,False
BUS-006220,Iron Partners,Free,3,0.0,2026-04-10,2027-04-10,False
BUS-006221,Quantum Media,Free,3,0.0,2025-05-13,2027-05-13,False
BUS-006222,Cobalt Partners,Mid,6,95.71,2025-08-13,2026-08-13,False
BUS-006223,Iron Supply,Mid,6,64.27,2024-05-08,2027-05-08,False
BUS-006224,Pioneer Partners,Free,1,0.0,2023-11-08,2026-11-07,False
BUS-006225,Summit Works,Premium,53,342.29,2025-09-28,2026-09-28,False
BUS-006226,Bright Bakery,Premium,33,695.48,2024-01-23,2027-01-22,False
BUS-006227,Stellar Studios,Free,3,0.0,2024-12-15,2026-12-15,False
BUS-006228,Initech Auto,Mid,5,62.39,2026-01-20,2027-01-20,False
BUS-006229,Stellar Builders,Free,3,0.0,2025-10-15,2026-10-15,False
BUS-006230,Cobalt Media,Mid,6,74.56,2026-01-21,2027-01-21,False
BUS-006231,Cobalt Retail,Free,2,0.0,2023-11-02,2026-11-01,False
BUS-006232,Nova Trading,Free,3,0.0,2025-12-12,2026-12-12,False
BUS-006233,Nova Works,Free,1,0.0,2025-09-22,2026-09-22,False
BUS-006234,Harbor Works,Free,1,0.0,2024-04-22,2027-04-22,False
BUS-006235,Initech Group,Mid,4,96.43,2025-04-29,2027-04-29,True
BUS-006236,Apex Media,Premium,33,739.81,2026-02-25,2027-02-25,False
BUS-006237,Stellar Supply,Mid,3,30.27,2024-10-16,2026-10-16,False
BUS-006238,Cedar Health,Free,1,0.0,2024-02-21,2027-02-20,False
BUS-006239,Initech Builders,Free,1,0.0,2023-12-30,2026-12-29,False
BUS-006240,Globex Works,Free,3,0.0,2026-04-19,2027-04-19,False
BUS-006241,Quantum Media,Mid,5,94.39,2023-11-12,2026-11-11,False
BUS-006242,Iron Media,Free,3,0.0,2026-01-28,2027-01-28,False
BUS-006243,Pioneer Retail,Mid,4,33.95,2025-02-11,2027-02-11,False
BUS-006244,Globex Group,Free,1,0.0,2026-02-05,2027-02-05,False
BUS-006245,Bright Partners,Free,1,0.0,2024-06-03,2027-06-03,False
BUS-006246,Bright Bakery,Premium,52,320.21,2024-04-07,2027-04-07,False
BUS-006247,Iron Labs,Free,3,0.0,2024-08-10,2026-08-10,False
BUS-006248,Stellar Foods,Free,2,0.0,2023-12-24,2026-12-23,False
BUS-006249,Pioneer Group,Free,2,0.0,2024-03-20,2027-03-20,False
BUS-006250,Harbor Health,Premium,77,321.03,2025-12-22,2026-12-22,False
BUS-006251,Cobalt Retail,Mid,14,44.05,2025-08-30,2026-08-30,False
BUS-006252,Pioneer Bakery,Free,1,0.0,2023-06-15,2026-06-14,False
BUS-006253,Apex Auto,Mid,16,99.47,2024-02-14,2027-02-13,False
BUS-006254,Bright Labs,Mid,12,55.27,2024-01-19,2027-01-18,False
BUS-006255,Quantum Works,Free,3,0.0,2025-01-21,2027-01-21,False
BUS-006256,Cedar Studios,Mid,5,42.76,2024-02-15,2027-02-14,False
BUS-006257,Vertex Studios,Free,3,0.0,2025-06-11,2026-06-11,False
BUS-006258,Harbor Auto,Free,3,0.0,2024-11-07,2026-11-07,False
BUS-006259,Stellar Works,Free,3,0.0,2024-04-10,2027-04-10,False
BUS-006260,Initech Health,Mid,6,63.93,2024-01-09,2027-01-08,True
BUS-006261,Stellar Trading,Free,2,0.0,2024-08-14,2026-08-14,False
BUS-006262,Initech Foods,Free,2,0.0,2026-01-30,2027-01-30,False
BUS-006263,Stellar Auto,Mid,5,42.53,2025-07-16,2026-07-16,True
BUS-006264,Vertex Auto,Mid,5,51.8,2025-04-10,2027-04-10,False
BUS-006265,Apex Studios,Free,3,0.0,2024-08-17,2026-08-17,False
BUS-006266,Harbor Retail,Mid,3,62.26,2023-12-01,2026-11-30,False
BUS-006267,Summit Partners,Mid,17,68.2,2025-02-23,2027-02-23,False
BUS-006268,Globex Works,Free,3,0.0,2026-03-16,2027-03-16,False
BUS-006269,Apex Group,Free,2,0.0,2024-08-21,2026-08-21,False
BUS-006270,Bright Labs,Premium,58,514.54,2025-02-04,2027-02-04,False
BUS-006271,Vertex Auto,Mid,12,74.36,2025-02-28,2027-02-28,False
BUS-006272,Vertex Media,Premium,12,467.63,2024-06-17,2026-06-17,False
BUS-006273,Apex Supply,Mid,9,41.56,2023-09-01,2026-08-31,False
BUS-006274,Vertex Partners,Mid,16,40.24,2025-07-16,2026-07-16,False
BUS-006275,Vertex Partners,Free,2,0.0,2024-01-10,2027-01-09,False
BUS-006276,Stellar Foods,Premium,97,312.29,2025-05-07,2027-05-07,False
BUS-006277,Bright Supply,Free,2,0.0,2023-12-05,2026-12-04,False
BUS-006278,Summit Supply,Free,2,0.0,2025-10-11,2026-10-11,False
BUS-006279,Apex Consulting,Free,1,0.0,2024-03-20,2027-03-20,False
BUS-006280,Cobalt Consulting,Free,3,0.0,2024-03-05,2027-03-05,False
BUS-006281,Acme Foods,Free,2,0.0,2024-11-29,2026-11-29,False
BUS-006282,Bright Media,Mid,15,83.15,2024-04-27,2027-04-27,True
BUS-006283,Summit Builders,Free,1,0.0,2025-01-19,2027-01-19,False
BUS-006284,Quantum Bakery,Free,3,0.0,2025-01-23,2027-01-23,False
BUS-006285,Umbra Supply,Free,3,0.0,2026-03-09,2027-03-09,False
BUS-006286,Nova Retail,Mid,6,48.75,2023-12-25,2026-12-24,False
BUS-006287,Acme Logistics,Free,2,0.0,2024-12-13,2026-12-13,False
BUS-006288,Stellar Bakery,Mid,17,41.04,2026-03-09,2027-03-09,True
BUS-006289,Acme Labs,Free,2,0.0,2025-04-30,2027-04-30,False
BUS-006290,Initech Retail,Mid,6,70.6,2024-04-19,2027-04-19,True
BUS-006291,Initech Health,Free,2,0.0,2025-02-14,2027-02-14,False
BUS-006292,Globex Consulting,Mid,12,68.73,2025-11-23,2026-11-23,True
BUS-006293,Cobalt Consulting,Free,3,0.0,2023-12-13,2026-12-12,False
BUS-006294,Pioneer Labs,Free,1,0.0,2025-04-25,2027-04-25,False
BUS-006295,Cobalt Media,Premium,41,208.61,2023-10-13,2026-10-12,False
BUS-006296,Acme Labs,Free,3,0.0,2026-04-06,2027-04-06,False
BUS-006297,Apex Media,Mid,13,70.73,2025-11-23,2026-11-23,False
BUS-006298,Summit Foods,Mid,17,44.88,2025-05-13,2027-05-13,False
BUS-006299,Cobalt Bakery,Free,1,0.0,2023-06-24,2026-06-23,False
BUS-006300,Summit Partners,Free,1,0.0,2024-08-02,2026-08-02,False
BUS-006301,Umbra Works,Free,3,0.0,2025-09-10,2026-09-10,False
BUS-006302,Acme Studios,Premium,17,688.75,2023-10-21,2026-10-20,False
BUS-006303,Globex Builders,Free,3,0.0,2025-04-18,2027-04-18,False
BUS-006304,Acme Retail,Free,3,0.0,2025-01-03,2027-01-03,False
BUS-006305,Vertex Retail,Free,3,0.0,2025-09-13,2026-09-13,False
BUS-006306,Acme Auto,Free,2,0.0,2026-04-09,2027-04-09,False
BUS-006307,Quantum Studios,Premium,37,256.77,2025-11-30,2026-11-30,False
BUS-006308,Pioneer Studios,Mid,15,54.52,2023-10-24,2026-10-23,False
BUS-006309,Umbra Group,Mid,3,91.88,2025-11-05,2026-11-05,False
BUS-006310,Vertex Retail,Free,2,0.0,2024-09-17,2026-09-17,False
BUS-006311,Acme Bakery,Free,2,0.0,2023-07-28,2026-07-27,False
BUS-006312,Bright Works,Mid,4,58.06,2023-07-04,2026-07-03,True
BUS-006313,Acme Consulting,Mid,14,67.59,2025-07-31,2026-07-31,False
BUS-006314,Apex Builders,Free,2,0.0,2025-04-13,2027-04-13,False
BUS-006315,Globex Health,Mid,9,60.97,2026-04-02,2027-04-02,False
BUS-006316,Stellar Labs,Free,3,0.0,2024-06-11,2026-06-11,False
BUS-006317,Pioneer Retail,Free,3,0.0,2026-04-10,2027-04-10,False
BUS-006318,Initech Trading,Free,3,0.0,2024-10-06,2026-10-06,False
BUS-006319,Cedar Media,Mid,3,61.32,2024-07-19,2026-07-19,True
BUS-006320,Cobalt Works,Free,2,0.0,2024-01-10,2027-01-09,False
BUS-006321,Cedar Group,Free,2,0.0,2023-07-07,2026-07-06,False
BUS-006322,Acme Foods,Free,2,0.0,2026-01-23,2027-01-23,False
BUS-006323,Summit Trading,Premium,93,419.7,2024-10-23,2026-10-23,False
BUS-006324,Harbor Media,Free,3,0.0,2025-01-14,2027-01-14,False
BUS-006325,Iron Works,Mid,3,35.89,2025-06-04,2026-06-04,False
BUS-006326,Vertex Labs,Free,3,0.0,2025-07-27,2026-07-27,False
BUS-006327,Nova Labs,Free,3,0.0,2025-01-06,2027-01-06,False
BUS-006328,Initech Retail,Free,1,0.0,2025-06-16,2026-06-16,False
BUS-006329,Apex Labs,Free,2,0.0,2025-03-30,2027-03-30,False
BUS-006330,Pioneer Labs,Free,3,0.0,2026-02-13,2027-02-13,False
BUS-006331,Harbor Logistics,Free,1,0.0,2024-02-03,2027-02-02,False
BUS-006332,Cobalt Logistics,Free,2,0.0,2024-10-22,2026-10-22,False
BUS-006333,Pioneer Works,Mid,10,33.43,2024-02-20,2027-02-19,False
BUS-006334,Initech Consulting,Mid,17,65.72,2024-01-25,2027-01-24,False
BUS-006335,Acme Health,Premium,42,647.68,2023-10-30,2026-10-29,False
BUS-006336,Umbra Trading,Mid,11,77.93,2024-12-16,2026-12-16,False
BUS-006337,Harbor Group,Premium,22,748.08,2024-10-20,2026-10-20,False
BUS-006338,Iron Works,Free,3,0.0,2024-02-01,2027-01-31,False
BUS-006339,Nova Builders,Free,1,0.0,2024-06-11,2026-06-11,False
BUS-006340,Nova Bakery,Mid,14,32.03,2023-08-17,2026-08-16,True
BUS-006341,Initech Partners,Free,2,0.0,2024-06-25,2026-06-25,False
BUS-006342,Nova Studios,Premium,69,605.03,2026-02-11,2027-02-11,False
BUS-006343,Summit Works,Mid,11,30.29,2024-05-18,2027-05-18,False
BUS-006344,Iron Studios,Free,1,0.0,2023-11-15,2026-11-14,False
BUS-006345,Globex Auto,Free,1,0.0,2025-07-04,2026-07-04,False
BUS-006346,Cobalt Foods,Mid,13,78.28,2024-11-02,2026-11-02,False
BUS-006347,Vertex Works,Free,3,0.0,2023-07-18,2026-07-17,False
BUS-006348,Stellar Media,Premium,89,514.61,2025-04-10,2027-04-10,False
BUS-006349,Cedar Labs,Mid,17,77.91,2026-04-02,2027-04-02,True
BUS-006350,Apex Group,Premium,88,295.61,2023-07-09,2026-07-08,False
BUS-006351,Apex Health,Free,3,0.0,2024-08-11,2026-08-11,False
BUS-006352,Iron Foods,Free,2,0.0,2025-07-31,2026-07-31,False
BUS-006353,Pioneer Studios,Mid,6,52.34,2024-02-20,2027-02-19,False
BUS-006354,Apex Consulting,Mid,12,35.42,2024-01-03,2027-01-02,False
BUS-006355,Quantum Foods,Mid,5,63.13,2024-06-21,2026-06-21,False
BUS-006356,Globex Bakery,Premium,10,713.45,2025-06-15,2026-06-15,False
BUS-006357,Cedar Trading,Free,1,0.0,2024-12-17,2026-12-17,False
BUS-006358,Initech Auto,Free,3,0.0,2025-08-05,2026-08-05,False
BUS-006359,Harbor Consulting,Free,1,0.0,2024-11-27,2026-11-27,False
BUS-006360,Bright Consulting,Premium,63,277.07,2025-05-19,2027-05-19,False
BUS-006361,Summit Builders,Premium,34,368.66,2026-02-28,2027-02-28,False
BUS-006362,Summit Retail,Free,2,0.0,2025-09-06,2026-09-06,False
BUS-006363,Initech Logistics,Free,2,0.0,2025-07-07,2026-07-07,False
BUS-006364,Cedar Health,Free,2,0.0,2024-11-07,2026-11-07,False
BUS-006365,Vertex Logistics,Premium,52,436.83,2024-09-20,2026-09-20,False
BUS-006366,Summit Supply,Mid,11,80.3,2025-05-02,2027-05-02,False
BUS-006367,Initech Consulting,Free,1,0.0,2024-04-13,2027-04-13,False
BUS-006368,Cobalt Consulting,Mid,4,98.51,2024-01-20,2027-01-19,False
BUS-006369,Iron Consulting,Premium,94,382.44,2025-05-05,2027-05-05,False
BUS-006370,Harbor Retail,Free,3,0.0,2025-03-12,2027-03-12,False
BUS-006371,Umbra Auto,Mid,12,73.28,2023-07-24,2026-07-23,False
BUS-006372,Iron Media,Free,1,0.0,2025-12-30,2026-12-30,False
BUS-006373,Quantum Builders,Mid,7,55.8,2025-12-01,2026-12-01,False
BUS-006374,Quantum Trading,Free,3,0.0,2025-05-06,2027-05-06,False
BUS-006375,Cedar Media,Free,2,0.0,2025-05-18,2027-05-18,False
BUS-006376,Cedar Supply,Mid,4,31.8,2023-07-09,2026-07-08,True
BUS-006377,Vertex Health,Premium,40,595.67,2024-03-09,2027-03-09,False
BUS-006378,Cedar Group,Free,1,0.0,2025-12-10,2026-12-10,False
BUS-006379,Umbra Labs,Free,2,0.0,2024-02-27,2027-02-26,False
BUS-006380,Quantum Works,Free,3,0.0,2024-01-09,2027-01-08,False
BUS-006381,Initech Partners,Premium,87,211.46,2025-07-07,2026-07-07,False
BUS-006382,Bright Logistics,Mid,14,74.02,2024-03-05,2027-03-05,False
BUS-006383,Umbra Bakery,Mid,7,60.64,2024-05-18,2027-05-18,False
BUS-006384,Initech Group,Premium,50,151.34,2025-04-08,2027-04-08,False
BUS-006385,Vertex Partners,Free,2,0.0,2026-01-17,2027-01-17,False
BUS-006386,Quantum Studios,Free,3,0.0,2024-01-04,2027-01-03,False
BUS-006387,Apex Logistics,Free,1,0.0,2026-01-01,2027-01-01,False
BUS-006388,Nova Auto,Free,3,0.0,2024-09-07,2026-09-07,False
BUS-006389,Apex Works,Free,2,0.0,2024-02-15,2027-02-14,False
BUS-006390,Globex Trading,Free,2,0.0,2025-06-03,2027-06-03,False
BUS-006391,Apex Labs,Mid,7,35.93,2024-10-29,2026-10-29,True
BUS-006392,Bright Logistics,Mid,6,88.95,2025-05-22,2027-05-22,False
BUS-006393,Harbor Builders,Mid,8,70.52,2025-05-22,2027-05-22,False
BUS-006394,Bright Retail,Free,2,0.0,2023-09-14,2026-09-13,False
BUS-006395,Vertex Foods,Premium,72,571.4,2023-07-08,2026-07-07,False
BUS-006396,Cobalt Partners,Free,2,0.0,2023-07-18,2026-07-17,False
BUS-006397,Bright Labs,Mid,12,74.89,2025-03-03,2027-03-03,False
BUS-006398,Globex Auto,Free,3,0.0,2025-10-12,2026-10-12,False
BUS-006399,Cedar Foods,Mid,12,49.08,2025-10-05,2026-10-05,False
BUS-006400,Nova Auto,Mid,6,53.87,2023-11-28,2026-11-27,False
BUS-006401,Acme Group,Mid,13,58.69,2024-03-11,2027-03-11,False
BUS-006402,Apex Labs,Free,2,0.0,2023-09-19,2026-09-18,False
BUS-006403,Initech Trading,Premium,51,657.16,2025-05-18,2027-05-18,False
BUS-006404,Apex Consulting,Free,2,0.0,2025-08-12,2026-08-12,False
BUS-006405,Acme Studios,Mid,9,51.76,2024-09-26,2026-09-26,False
BUS-006406,Pioneer Foods,Premium,54,499.46,2025-12-31,2026-12-31,False
BUS-006407,Harbor Consulting,Free,2,0.0,2024-12-28,2026-12-28,False
BUS-006408,Harbor Trading,Mid,13,47.09,2023-10-19,2026-10-18,False
BUS-006409,Harbor Works,Mid,14,92.62,2024-04-22,2027-04-22,False
BUS-006410,Pioneer Studios,Premium,72,675.29,2024-12-04,2026-12-04,False
BUS-006411,Harbor Health,Free,1,0.0,2025-05-20,2027-05-20,False
BUS-006412,Initech Partners,Free,3,0.0,2026-01-19,2027-01-19,False
BUS-006413,Vertex Builders,Mid,15,41.89,2025-06-15,2026-06-15,False
BUS-006414,Vertex Retail,Mid,15,89.33,2023-12-10,2026-12-09,False
BUS-006415,Quantum Media,Mid,9,64.74,2026-01-16,2027-01-16,True
BUS-006416,Globex Builders,Free,2,0.0,2026-05-03,2027-05-03,False
BUS-006417,Summit Studios,Mid,8,69.92,2025-11-17,2026-11-17,False
BUS-006418,Cobalt Media,Free,3,0.0,2024-07-18,2026-07-18,False
BUS-006419,Initech Retail,Free,3,0.0,2024-06-06,2026-06-06,False
BUS-006420,Harbor Consulting,Mid,12,90.95,2024-03-27,2027-03-27,False
BUS-006421,Vertex Labs,Mid,9,34.92,2025-08-10,2026-08-10,False
BUS-006422,Nova Labs,Free,3,0.0,2024-05-09,2027-05-09,False
BUS-006423,Cedar Group,Free,1,0.0,2025-03-12,2027-03-12,False
BUS-006424,Cobalt Retail,Free,3,0.0,2023-07-19,2026-07-18,False
BUS-006425,Apex Auto,Free,3,0.0,2025-05-02,2027-05-02,False
BUS-006426,Globex Health,Premium,34,545.41,2023-06-30,2026-06-29,False
BUS-006427,Cobalt Logistics,Free,3,0.0,2025-12-20,2026-12-20,False
BUS-006428,Quantum Trading,Mid,15,56.92,2024-12-18,2026-12-18,False
BUS-006429,Summit Logistics,Free,2,0.0,2024-09-14,2026-09-14,False
BUS-006430,Bright Group,Free,2,0.0,2024-12-09,2026-12-09,False
BUS-006431,Stellar Logistics,Free,1,0.0,2026-04-02,2027-04-02,False
BUS-006432,Vertex Logistics,Free,3,0.0,2026-01-26,2027-01-26,False
BUS-006433,Cobalt Group,Free,1,0.0,2024-01-05,2027-01-04,False
BUS-006434,Iron Foods,Free,2,0.0,2023-09-28,2026-09-27,False
BUS-006435,Apex Health,Premium,53,609.15,2023-10-13,2026-10-12,False
BUS-006436,Globex Retail,Free,2,0.0,2024-06-26,2026-06-26,False
BUS-006437,Harbor Builders,Free,3,0.0,2025-09-20,2026-09-20,False
BUS-006438,Umbra Trading,Free,3,0.0,2025-09-19,2026-09-19,False
BUS-006439,Harbor Auto,Free,3,0.0,2025-03-12,2027-03-12,False
BUS-006440,Stellar Foods,Free,1,0.0,2025-07-31,2026-07-31,False
BUS-006441,Pioneer Logistics,Free,1,0.0,2025-03-09,2027-03-09,False
BUS-006442,Harbor Media,Free,3,0.0,2023-06-04,2027-06-03,False
BUS-006443,Acme Group,Mid,3,62.52,2025-07-15,2026-07-15,False
BUS-006444,Apex Works,Free,2,0.0,2026-04-05,2027-04-05,False
BUS-006445,Umbra Health,Free,1,0.0,2024-07-18,2026-07-18,False
BUS-006446,Bright Consulting,Free,3,0.0,2023-08-31,2026-08-30,False
BUS-006447,Quantum Builders,Free,2,0.0,2024-09-26,2026-09-26,False
BUS-006448,Vertex Health,Mid,10,78.81,2023-10-19,2026-10-18,False
BUS-006449,Cobalt Consulting,Free,3,0.0,2024-07-03,2026-07-03,False
BUS-006450,Vertex Foods,Free,3,0.0,2026-02-25,2027-02-25,False
BUS-006451,Iron Works,Mid,15,97.04,2023-07-01,2026-06-30,False
BUS-006452,Initech Health,Mid,5,56.2,2025-04-29,2027-04-29,False
BUS-006453,Harbor Logistics,Mid,8,96.62,2024-03-09,2027-03-09,False
BUS-006454,Apex Health,Mid,14,70.88,2024-07-31,2026-07-31,False
BUS-006455,Nova Foods,Premium,65,300.85,2024-07-15,2026-07-15,False
BUS-006456,Vertex Health,Mid,3,32.11,2025-12-07,2026-12-07,False
BUS-006457,Harbor Builders,Premium,77,375.41,2024-04-16,2027-04-16,False
BUS-006458,Cobalt Partners,Free,1,0.0,2025-12-14,2026-12-14,False
BUS-006459,Summit Supply,Mid,8,83.51,2025-08-22,2026-08-22,False
BUS-006460,Bright Partners,Free,1,0.0,2025-01-22,2027-01-22,False
BUS-006461,Globex Studios,Free,3,0.0,2024-05-31,2027-05-31,False
BUS-006462,Initech Works,Premium,99,166.72,2024-08-08,2026-08-08,False
BUS-006463,Cobalt Foods,Free,3,0.0,2026-02-27,2027-02-27,False
BUS-006464,Quantum Bakery,Free,2,0.0,2026-02-06,2027-02-06,False
BUS-006465,Acme Partners,Free,1,0.0,2024-09-01,2026-09-01,False
BUS-006466,Cedar Auto,Mid,5,86.13,2025-11-06,2026-11-06,False
BUS-006467,Pioneer Health,Free,1,0.0,2023-08-09,2026-08-08,False
BUS-006468,Apex Partners,Mid,14,65.2,2025-03-18,2027-03-18,False
BUS-006469,Globex Group,Mid,11,53.69,2025-11-01,2026-11-01,False
BUS-006470,Initech Auto,Premium,60,462.64,2023-06-29,2026-06-28,False
BUS-006471,Harbor Auto,Free,2,0.0,2025-09-22,2026-09-22,False
BUS-006472,Summit Trading,Mid,13,59.15,2023-12-24,2026-12-23,False
BUS-006473,Bright Labs,Mid,9,95.4,2024-12-31,2026-12-31,False
BUS-006474,Umbra Group,Free,2,0.0,2024-07-31,2026-07-31,False
BUS-006475,Stellar Media,Free,1,0.0,2025-02-10,2027-02-10,False
BUS-006476,Nova Builders,Free,1,0.0,2025-04-16,2027-04-16,False
BUS-006477,Apex Supply,Premium,19,456.46,2024-03-31,2027-03-31,False
BUS-006478,Nova Group,Free,1,0.0,2025-11-19,2026-11-19,False
BUS-006479,Apex Partners,Premium,67,657.4,2024-08-04,2026-08-04,False
BUS-006480,Bright Retail,Mid,11,63.72,2023-06-30,2026-06-29,False
BUS-006481,Globex Auto,Free,2,0.0,2025-01-30,2027-01-30,False
BUS-006482,Cedar Retail,Free,3,0.0,2026-01-20,2027-01-20,False
BUS-006483,Pioneer Logistics,Free,1,0.0,2025-04-30,2027-04-30,False
BUS-006484,Acme Bakery,Free,1,0.0,2025-01-08,2027-01-08,False
BUS-006485,Acme Bakery,Free,2,0.0,2024-01-25,2027-01-24,False
BUS-006486,Initech Group,Free,1,0.0,2025-09-25,2026-09-25,False
BUS-006487,Pioneer Auto,Free,3,0.0,2026-03-31,2027-03-31,False
BUS-006488,Bright Studios,Free,2,0.0,2026-04-25,2027-04-25,False
BUS-006489,Stellar Auto,Free,1,0.0,2024-01-09,2027-01-08,False
BUS-006490,Cobalt Works,Free,1,0.0,2024-05-12,2027-05-12,False
BUS-006491,Vertex Health,Free,3,0.0,2024-09-19,2026-09-19,False
BUS-006492,Globex Retail,Mid,3,85.95,2026-04-17,2027-04-17,False
BUS-006493,Stellar Studios,Premium,30,431.26,2026-03-28,2027-03-28,False
BUS-006494,Iron Health,Free,3,0.0,2025-05-13,2027-05-13,False
BUS-006495,Nova Foods,Premium,58,274.21,2024-07-08,2026-07-08,False
BUS-006496,Nova Labs,Mid,16,58.92,2025-09-09,2026-09-09,False
BUS-006497,Harbor Group,Premium,79,151.98,2023-12-07,2026-12-06,False
BUS-006498,Stellar Logistics,Premium,94,190.26,2024-06-18,2026-06-18,False
BUS-006499,Initech Works,Mid,4,75.91,2025-06-03,2027-06-03,False
BUS-006500,Stellar Supply,Free,3,0.0,2026-03-04,2027-03-04,False
BUS-006501,Apex Health,Free,2,0.0,2025-01-21,2027-01-21,False
BUS-006502,Quantum Consulting,Free,3,0.0,2025-12-05,2026-12-05,False
BUS-006503,Cedar Media,Free,2,0.0,2023-06-14,2026-06-13,False
BUS-006504,Globex Consulting,Free,1,0.0,2023-08-02,2026-08-01,False
BUS-006505,Cobalt Auto,Mid,12,49.47,2026-03-02,2027-03-02,False
BUS-006506,Umbra Retail,Free,3,0.0,2025-03-25,2027-03-25,False
BUS-006507,Nova Works,Free,2,0.0,2024-06-01,2027-06-01,False
BUS-006508,Harbor Trading,Premium,52,398.73,2025-10-16,2026-10-16,False
BUS-006509,Apex Works,Mid,16,84.86,2024-12-09,2026-12-09,True
BUS-006510,Apex Media,Mid,10,85.28,2025-08-20,2026-08-20,False
BUS-006511,Initech Auto,Free,3,0.0,2024-09-13,2026-09-13,False
BUS-006512,Quantum Consulting,Free,3,0.0,2023-07-05,2026-07-04,False
BUS-006513,Iron Works,Premium,19,346.8,2024-10-15,2026-10-15,False
BUS-006514,Quantum Supply,Free,2,0.0,2025-11-03,2026-11-03,False
BUS-006515,Pioneer Studios,Mid,9,90.0,2023-11-14,2026-11-13,False
BUS-006516,Apex Bakery,Free,1,0.0,2025-08-03,2026-08-03,False
BUS-006517,Acme Studios,Mid,13,52.95,2024-10-31,2026-10-31,False
BUS-006518,Cedar Media,Mid,11,89.91,2024-09-04,2026-09-04,False
BUS-006519,Initech Foods,Free,2,0.0,2024-02-15,2027-02-14,False
BUS-006520,Harbor Labs,Premium,78,656.54,2024-06-01,2027-06-01,False
BUS-006521,Pioneer Supply,Mid,17,94.09,2025-10-31,2026-10-31,False
BUS-006522,Pioneer Retail,Mid,11,43.13,2025-03-04,2027-03-04,False
BUS-006523,Summit Logistics,Free,1,0.0,2025-09-07,2026-09-07,False
BUS-006524,Bright Supply,Free,2,0.0,2026-03-03,2027-03-03,False
BUS-006525,Bright Trading,Free,2,0.0,2025-01-19,2027-01-19,False
BUS-006526,Nova Labs,Mid,10,67.44,2023-11-19,2026-11-18,True
BUS-006527,Umbra Logistics,Premium,38,705.85,2025-02-19,2027-02-19,False
BUS-006528,Apex Partners,Free,3,0.0,2023-12-12,2026-12-11,False
BUS-006529,Vertex Labs,Free,1,0.0,2023-11-09,2026-11-08,False
BUS-006530,Summit Builders,Free,2,0.0,2025-02-01,2027-02-01,False
BUS-006531,Bright Partners,Free,2,0.0,2024-04-24,2027-04-24,False
BUS-006532,Acme Auto,Free,3,0.0,2025-10-10,2026-10-10,False
BUS-006533,Summit Retail,Free,2,0.0,2023-08-04,2026-08-03,False
BUS-006534,Iron Retail,Mid,10,63.48,2024-07-23,2026-07-23,False
BUS-006535,Harbor Builders,Mid,4,57.47,2026-04-23,2027-04-23,False
BUS-006536,Quantum Trading,Premium,80,542.28,2023-07-25,2026-07-24,False
BUS-006537,Globex Consulting,Mid,11,97.77,2023-12-08,2026-12-07,False
BUS-006538,Vertex Group,Free,1,0.0,2025-07-29,2026-07-29,False
BUS-006539,Globex Trading,Mid,9,38.94,2024-10-24,2026-10-24,False
BUS-006540,Summit Supply,Mid,11,33.62,2026-04-06,2027-04-06,False
BUS-006541,Acme Trading,Free,2,0.0,2023-09-21,2026-09-20,False
BUS-006542,Globex Works,Free,3,0.0,2026-01-11,2027-01-11,False
BUS-006543,Cedar Supply,Free,3,0.0,2024-07-18,2026-07-18,False
BUS-006544,Summit Partners,Free,3,0.0,2025-01-15,2027-01-15,False
BUS-006545,Globex Builders,Free,2,0.0,2025-01-14,2027-01-14,False
BUS-006546,Apex Partners,Free,1,0.0,2024-07-22,2026-07-22,False
BUS-006547,Umbra Retail,Free,1,0.0,2025-07-15,2026-07-15,False
BUS-006548,Vertex Auto,Premium,54,326.28,2024-12-02,2026-12-02,False
BUS-006549,Pioneer Health,Mid,4,36.06,2026-02-08,2027-02-08,False
BUS-006550,Summit Logistics,Premium,11,496.69,2025-05-29,2027-05-29,False
BUS-006551,Quantum Studios,Mid,8,69.53,2026-02-19,2027-02-19,False
BUS-006552,Bright Works,Free,3,0.0,2023-10-31,2026-10-30,False
BUS-006553,Apex Consulting,Free,2,0.0,2026-02-19,2027-02-19,False
BUS-006554,Initech Retail,Mid,11,70.41,2024-07-18,2026-07-18,False
BUS-006555,Cobalt Retail,Mid,16,51.68,2025-02-23,2027-02-23,False
BUS-006556,Stellar Labs,Free,2,0.0,2024-09-17,2026-09-17,False
BUS-006557,Bright Foods,Free,3,0.0,2025-03-28,2027-03-28,False
BUS-006558,Iron Labs,Free,3,0.0,2025-03-12,2027-03-12,False
BUS-006559,Vertex Labs,Free,2,0.0,2024-12-24,2026-12-24,False
BUS-006560,Initech Media,Free,2,0.0,2024-08-10,2026-08-10,False
BUS-006561,Initech Partners,Free,1,0.0,2025-10-01,2026-10-01,False
BUS-006562,Iron Works,Free,1,0.0,2024-06-05,2026-06-05,False
BUS-006563,Initech Studios,Free,2,0.0,2023-07-29,2026-07-28,False
BUS-006564,Globex Foods,Premium,95,485.21,2025-08-01,2026-08-01,False
BUS-006565,Harbor Works,Free,1,0.0,2023-11-07,2026-11-06,False
BUS-006566,Vertex Foods,Free,2,0.0,2023-07-08,2026-07-07,False
BUS-006567,Cobalt Partners,Mid,3,44.64,2026-04-08,2027-04-08,False
BUS-006568,Cedar Partners,Free,3,0.0,2025-05-22,2027-05-22,False
BUS-006569,Iron Logistics,Mid,5,56.46,2024-06-04,2026-06-04,False
BUS-006570,Bright Partners,Free,2,0.0,2024-10-04,2026-10-04,False
BUS-006571,Harbor Foods,Premium,99,368.09,2024-08-09,2026-08-09,False
BUS-006572,Iron Health,Free,1,0.0,2024-05-07,2027-05-07,False
BUS-006573,Nova Media,Premium,48,556.75,2023-06-08,2026-06-07,False
BUS-006574,Umbra Auto,Free,2,0.0,2026-01-25,2027-01-25,False
BUS-006575,Bright Partners,Premium,23,641.36,2024-07-29,2026-07-29,False
BUS-006576,Initech Media,Premium,39,476.07,2024-05-29,2027-05-29,False
BUS-006577,Cobalt Trading,Free,2,0.0,2023-12-25,2026-12-24,False
BUS-006578,Stellar Retail,Mid,3,76.27,2026-04-16,2027-04-16,False
BUS-006579,Harbor Trading,Premium,84,284.0,2023-11-28,2026-11-27,False
BUS-006580,Bright Trading,Free,2,0.0,2024-07-18,2026-07-18,False
BUS-006581,Pioneer Supply,Free,3,0.0,2024-08-30,2026-08-30,False
BUS-006582,Nova Foods,Free,1,0.0,2025-03-07,2027-03-07,False
BUS-006583,Cedar Media,Free,2,0.0,2025-07-25,2026-07-25,False
BUS-006584,Harbor Media,Free,2,0.0,2025-11-28,2026-11-28,False
BUS-006585,Acme Retail,Mid,16,67.13,2025-08-04,2026-08-04,False
BUS-006586,Apex Bakery,Mid,7,99.68,2025-07-11,2026-07-11,False
BUS-006587,Apex Works,Mid,14,77.02,2025-06-09,2026-06-09,False
BUS-006588,Stellar Partners,Premium,42,438.84,2025-05-01,2027-05-01,False
BUS-006589,Cedar Partners,Free,3,0.0,2024-05-29,2027-05-29,False
BUS-006590,Umbra Retail,Mid,10,82.65,2025-04-20,2027-04-20,False
BUS-006591,Initech Consulting,Premium,88,243.01,2024-10-07,2026-10-07,False
BUS-006592,Acme Supply,Premium,99,283.75,2023-06-24,2026-06-23,False
BUS-006593,Umbra Auto,Free,1,0.0,2024-12-07,2026-12-07,False
BUS-006594,Initech Consulting,Free,2,0.0,2024-10-12,2026-10-12,False
BUS-006595,Initech Builders,Free,3,0.0,2024-12-31,2026-12-31,False
BUS-006596,Acme Retail,Mid,3,92.34,2024-05-24,2027-05-24,False
BUS-006597,Cobalt Retail,Premium,30,453.05,2023-12-04,2026-12-03,False
BUS-006598,Summit Works,Free,2,0.0,2026-04-16,2027-04-16,False
BUS-006599,Umbra Group,Mid,15,68.27,2024-03-17,2027-03-17,False
BUS-006600,Initech Retail,Mid,11,70.89,2023-11-22,2026-11-21,False
BUS-006601,Globex Group,Free,3,0.0,2024-04-14,2027-04-14,False
BUS-006602,Harbor Supply,Free,3,0.0,2024-01-20,2027-01-19,False
BUS-006603,Summit Works,Free,3,0.0,2025-02-28,2027-02-28,False
BUS-006604,Vertex Retail,Free,3,0.0,2023-05-28,2027-05-27,False
BUS-006605,Iron Consulting,Free,1,0.0,2024-04-24,2027-04-24,False
BUS-006606,Apex Works,Free,3,0.0,2024-09-19,2026-09-19,False
BUS-006607,Initech Supply,Premium,95,278.08,2025-03-02,2027-03-02,False
BUS-006608,Apex Trading,Free,1,0.0,2024-09-10,2026-09-10,False
BUS-006609,Nova Labs,Free,1,0.0,2024-02-17,2027-02-16,False
BUS-006610,Summit Trading,Free,1,0.0,2024-01-26,2027-01-25,False
BUS-006611,Summit Logistics,Free,2,0.0,2023-07-16,2026-07-15,False
BUS-006612,Quantum Trading,Mid,9,86.49,2024-12-30,2026-12-30,False
BUS-006613,Umbra Supply,Free,1,0.0,2025-12-30,2026-12-30,False
BUS-006614,Vertex Studios,Free,2,0.0,2023-12-03,2026-12-02,False
BUS-006615,Summit Logistics,Free,2,0.0,2024-07-22,2026-07-22,False
BUS-006616,Iron Supply,Free,1,0.0,2024-06-25,2026-06-25,False
BUS-006617,Initech Bakery,Free,3,0.0,2024-05-14,2027-05-14,False
BUS-006618,Apex Group,Mid,11,51.85,2023-12-12,2026-12-11,True
BUS-006619,Apex Labs,Mid,14,76.19,2026-01-01,2027-01-01,False
BUS-006620,Umbra Works,Free,3,0.0,2026-03-29,2027-03-29,False
BUS-006621,Stellar Bakery,Free,3,0.0,2024-06-16,2026-06-16,False
BUS-006622,Summit Builders,Premium,58,684.72,2025-08-03,2026-08-03,False
BUS-006623,Apex Partners,Free,1,0.0,2024-01-03,2027-01-02,False
BUS-006624,Cobalt Foods,Free,2,0.0,2024-07-19,2026-07-19,False
BUS-006625,Vertex Builders,Mid,5,93.64,2023-12-05,2026-12-04,False
BUS-006626,Stellar Auto,Free,1,0.0,2023-05-26,2027-05-25,False
BUS-006627,Iron Logistics,Free,2,0.0,2026-04-06,2027-04-06,False
BUS-006628,Pioneer Labs,Mid,13,94.75,2023-09-27,2026-09-26,False
BUS-006629,Pioneer Labs,Free,3,0.0,2026-03-13,2027-03-13,False
BUS-006630,Quantum Foods,Mid,9,61.12,2024-12-03,2026-12-03,False
BUS-006631,Harbor Auto,Mid,15,38.54,2025-11-20,2026-11-20,False
BUS-006632,Vertex Health,Free,1,0.0,2025-05-20,2027-05-20,False
BUS-006633,Vertex Logistics,Mid,12,42.44,2026-04-23,2027-04-23,False
BUS-006634,Globex Auto,Free,3,0.0,2025-04-29,2027-04-29,False
BUS-006635,Acme Bakery,Free,2,0.0,2024-02-21,2027-02-20,False
BUS-006636,Vertex Media,Premium,30,400.23,2023-12-06,2026-12-05,False
BUS-006637,Quantum Studios,Premium,51,605.55,2023-08-31,2026-08-30,False
BUS-006638,Quantum Health,Free,3,0.0,2025-12-26,2026-12-26,False
BUS-006639,Pioneer Trading,Free,1,0.0,2025-05-24,2027-05-24,False
BUS-006640,Quantum Foods,Mid,5,64.04,2024-02-11,2027-02-10,False
BUS-006641,Globex Foods,Free,2,0.0,2024-09-06,2026-09-06,False
BUS-006642,Cedar Retail,Free,2,0.0,2024-05-08,2027-05-08,False
BUS-006643,Acme Retail,Mid,12,48.62,2024-05-05,2027-05-05,False
BUS-006644,Bright Builders,Free,1,0.0,2023-05-30,2027-05-29,False
BUS-006645,Globex Media,Mid,7,68.96,2024-12-17,2026-12-17,False
BUS-006646,Cobalt Bakery,Mid,8,98.22,2024-10-24,2026-10-24,False
BUS-006647,Umbra Studios,Free,1,0.0,2024-07-28,2026-07-28,False
BUS-006648,Globex Trading,Premium,69,442.94,2025-10-02,2026-10-02,False
BUS-006649,Cobalt Foods,Free,2,0.0,2024-11-24,2026-11-24,False
BUS-006650,Cedar Labs,Mid,14,35.02,2025-08-22,2026-08-22,False
BUS-006651,Pioneer Supply,Free,3,0.0,2024-11-26,2026-11-26,False
BUS-006652,Apex Media,Free,3,0.0,2024-10-14,2026-10-14,False
BUS-006653,Cedar Supply,Mid,10,82.8,2023-08-28,2026-08-27,False
BUS-006654,Nova Foods,Free,1,0.0,2023-11-10,2026-11-09,False
BUS-006655,Summit Partners,Free,3,0.0,2026-01-06,2027-01-06,False
BUS-006656,Umbra Labs,Free,1,0.0,2026-04-21,2027-04-21,False
BUS-006657,Nova Auto,Free,3,0.0,2025-02-27,2027-02-27,False
BUS-006658,Stellar Foods,Mid,5,85.34,2024-10-04,2026-10-04,True
BUS-006659,Harbor Partners,Mid,4,58.15,2025-07-28,2026-07-28,False
BUS-006660,Bright Health,Premium,57,229.44,2023-12-05,2026-12-04,False
BUS-006661,Bright Retail,Premium,16,280.22,2025-10-14,2026-10-14,False
BUS-006662,Iron Media,Free,3,0.0,2025-12-13,2026-12-13,False
BUS-006663,Quantum Media,Free,3,0.0,2025-12-18,2026-12-18,False
BUS-006664,Vertex Foods,Free,2,0.0,2024-11-02,2026-11-02,False
BUS-006665,Pioneer Studios,Mid,6,30.8,2024-05-02,2027-05-02,False
BUS-006666,Pioneer Retail,Mid,17,89.45,2026-02-08,2027-02-08,False
BUS-006667,Quantum Health,Free,3,0.0,2023-09-19,2026-09-18,False
BUS-006668,Cobalt Health,Mid,3,36.51,2024-11-30,2026-11-30,False
BUS-006669,Cobalt Retail,Free,2,0.0,2024-10-24,2026-10-24,False
BUS-006670,Globex Group,Mid,13,61.47,2023-09-29,2026-09-28,True
BUS-006671,Pioneer Supply,Free,1,0.0,2024-08-08,2026-08-08,False
BUS-006672,Quantum Supply,Premium,53,494.98,2023-10-24,2026-10-23,False
BUS-006673,Cedar Labs,Free,1,0.0,2025-03-20,2027-03-20,False
BUS-006674,Umbra Trading,Free,1,0.0,2024-02-02,2027-02-01,False
BUS-006675,Summit Bakery,Free,3,0.0,2026-03-24,2027-03-24,False
BUS-006676,Cedar Retail,Mid,10,97.65,2024-07-31,2026-07-31,False
BUS-006677,Umbra Works,Free,3,0.0,2025-06-08,2026-06-08,False
BUS-006678,Umbra Supply,Mid,15,34.78,2023-12-17,2026-12-16,False
BUS-006679,Quantum Group,Free,2,0.0,2025-04-29,2027-04-29,False
BUS-006680,Globex Builders,Free,1,0.0,2025-09-03,2026-09-03,False
BUS-006681,Bright Works,Free,2,0.0,2023-11-16,2026-11-15,False
BUS-006682,Harbor Partners,Premium,24,714.53,2024-03-07,2027-03-07,False
BUS-006683,Umbra Consulting,Mid,11,88.23,2025-07-14,2026-07-14,False
BUS-006684,Vertex Builders,Mid,15,69.35,2023-06-27,2026-06-26,False
BUS-006685,Summit Bakery,Mid,13,70.77,2024-01-27,2027-01-26,True
BUS-006686,Stellar Works,Mid,8,77.42,2024-06-18,2026-06-18,False
BUS-006687,Bright Retail,Mid,3,79.43,2024-10-12,2026-10-12,False
BUS-006688,Apex Partners,Free,2,0.0,2024-04-10,2027-04-10,False
BUS-006689,Cedar Builders,Free,1,0.0,2023-11-25,2026-11-24,False
BUS-006690,Summit Labs,Free,1,0.0,2024-10-27,2026-10-27,False
BUS-006691,Globex Works,Free,3,0.0,2024-10-25,2026-10-25,False
BUS-006692,Quantum Bakery,Free,1,0.0,2025-07-03,2026-07-03,False
BUS-006693,Globex Works,Free,2,0.0,2024-08-03,2026-08-03,False
BUS-006694,Vertex Consulting,Mid,12,64.04,2024-01-14,2027-01-13,False
BUS-006695,Summit Studios,Mid,11,76.32,2024-06-27,2026-06-27,False
BUS-006696,Cedar Partners,Free,1,0.0,2024-11-03,2026-11-03,False
BUS-006697,Cobalt Retail,Mid,14,71.94,2024-03-28,2027-03-28,True
BUS-006698,Iron Auto,Mid,9,74.17,2024-07-15,2026-07-15,False
BUS-006699,Cobalt Logistics,Free,2,0.0,2024-12-22,2026-12-22,False
BUS-006700,Pioneer Trading,Premium,99,343.57,2025-07-16,2026-07-16,False
BUS-006701,Harbor Retail,Mid,14,86.46,2023-10-06,2026-10-05,True
BUS-006702,Quantum Labs,Mid,3,83.75,2025-09-28,2026-09-28,False
BUS-006703,Apex Trading,Free,1,0.0,2024-05-17,2027-05-17,False
BUS-006704,Umbra Group,Free,1,0.0,2025-03-19,2027-03-19,False
BUS-006705,Acme Works,Mid,16,64.59,2024-05-13,2027-05-13,True
BUS-006706,Iron Bakery,Free,1,0.0,2023-10-30,2026-10-29,False
BUS-006707,Acme Group,Free,1,0.0,2024-07-06,2026-07-06,False
BUS-006708,Vertex Labs,Premium,47,257.07,2023-10-08,2026-10-07,False
BUS-006709,Bright Works,Mid,6,65.82,2025-10-10,2026-10-10,False
BUS-006710,Globex Studios,Free,1,0.0,2023-11-19,2026-11-18,False
BUS-006711,Quantum Logistics,Mid,7,47.26,2025-12-08,2026-12-08,False
BUS-006712,Cedar Partners,Free,2,0.0,2023-12-24,2026-12-23,False
BUS-006713,Summit Supply,Free,2,0.0,2026-01-14,2027-01-14,False
BUS-006714,Bright Labs,Mid,17,65.87,2026-02-02,2027-02-02,False
BUS-006715,Pioneer Trading,Free,1,0.0,2024-07-18,2026-07-18,False
BUS-006716,Acme Partners,Mid,5,57.5,2025-12-23,2026-12-23,False
BUS-006717,Globex Group,Free,1,0.0,2025-06-22,2026-06-22,False
BUS-006718,Harbor Health,Free,2,0.0,2024-01-24,2027-01-23,False
BUS-006719,Umbra Group,Mid,8,46.4,2025-05-03,2027-05-03,False
BUS-006720,Vertex Group,Premium,45,282.75,2025-01-31,2027-01-31,False
BUS-006721,Pioneer Logistics,Premium,69,480.09,2026-04-10,2027-04-10,False
BUS-006722,Harbor Works,Free,3,0.0,2026-02-28,2027-02-28,False
BUS-006723,Apex Works,Free,1,0.0,2025-02-01,2027-02-01,False
BUS-006724,Pioneer Media,Premium,93,486.05,2024-09-04,2026-09-04,False
BUS-006725,Iron Labs,Mid,5,58.61,2024-07-28,2026-07-28,True
BUS-006726,Acme Auto,Premium,54,549.36,2023-07-20,2026-07-19,False
BUS-006727,Globex Supply,Premium,30,523.74,2024-03-31,2027-03-31,False
BUS-006728,Initech Studios,Free,2,0.0,2024-09-19,2026-09-19,False
BUS-006729,Harbor Supply,Mid,8,94.99,2023-11-28,2026-11-27,False
BUS-006730,Globex Supply,Mid,16,57.94,2024-07-31,2026-07-31,False
BUS-006731,Cobalt Works,Mid,8,76.59,2025-12-27,2026-12-27,False
BUS-006732,Cedar Media,Mid,8,35.29,2025-03-19,2027-03-19,False
BUS-006733,Stellar Builders,Free,1,0.0,2023-10-17,2026-10-16,False
BUS-006734,Acme Logistics,Mid,7,86.51,2024-06-19,2026-06-19,False
BUS-006735,Cedar Group,Mid,10,59.62,2025-06-12,2026-06-12,True
BUS-006736,Nova Group,Mid,9,49.41,2024-03-24,2027-03-24,True
BUS-006737,Cedar Works,Mid,6,40.58,2025-07-19,2026-07-19,True
BUS-006738,Umbra Labs,Free,3,0.0,2023-06-25,2026-06-24,False
BUS-006739,Vertex Works,Free,3,0.0,2025-09-25,2026-09-25,False
BUS-006740,Globex Builders,Free,3,0.0,2024-10-23,2026-10-23,False
BUS-006741,Nova Supply,Free,2,0.0,2025-09-02,2026-09-02,False
BUS-006742,Acme Labs,Free,2,0.0,2024-12-09,2026-12-09,False
BUS-006743,Acme Media,Free,1,0.0,2024-07-11,2026-07-11,False
BUS-006744,Cedar Labs,Premium,75,175.08,2025-08-30,2026-08-30,False
BUS-006745,Harbor Trading,Free,2,0.0,2026-03-14,2027-03-14,False
BUS-006746,Quantum Media,Mid,14,37.86,2026-01-26,2027-01-26,False
BUS-006747,Globex Consulting,Premium,76,582.39,2023-12-02,2026-12-01,False
BUS-006748,Bright Group,Premium,40,749.79,2025-10-17,2026-10-17,False
BUS-006749,Initech Consulting,Mid,9,31.54,2025-07-28,2026-07-28,False
BUS-006750,Bright Builders,Premium,47,693.43,2023-10-30,2026-10-29,False
BUS-006751,Pioneer Retail,Free,1,0.0,2025-07-03,2026-07-03,False
BUS-006752,Iron Builders,Free,1,0.0,2026-01-19,2027-01-19,False
BUS-006753,Harbor Logistics,Mid,16,69.2,2024-11-11,2026-11-11,False
BUS-006754,Quantum Logistics,Mid,9,30.31,2025-07-04,2026-07-04,True
BUS-006755,Pioneer Partners,Mid,7,82.16,2024-04-08,2027-04-08,False
BUS-006756,Cobalt Bakery,Mid,16,38.4,2023-12-27,2026-12-26,False
BUS-006757,Globex Health,Free,2,0.0,2024-05-27,2027-05-27,False
BUS-006758,Summit Bakery,Free,3,0.0,2024-02-13,2027-02-12,False
BUS-006759,Apex Studios,Free,2,0.0,2026-02-13,2027-02-13,False
BUS-006760,Nova Studios,Premium,82,676.5,2025-04-10,2027-04-10,False
BUS-006761,Cobalt Supply,Mid,3,63.02,2025-07-06,2026-07-06,False
BUS-006762,Umbra Retail,Free,1,0.0,2024-01-09,2027-01-08,False
BUS-006763,Harbor Supply,Mid,12,55.49,2024-04-21,2027-04-21,False
BUS-006764,Harbor Retail,Free,3,0.0,2026-04-07,2027-04-07,False
BUS-006765,Pioneer Builders,Mid,7,91.92,2026-02-19,2027-02-19,False
BUS-006766,Cobalt Auto,Mid,17,49.55,2025-07-20,2026-07-20,False
BUS-006767,Apex Auto,Mid,17,65.7,2025-05-17,2027-05-17,True
BUS-006768,Pioneer Group,Free,1,0.0,2025-05-05,2027-05-05,False
BUS-006769,Bright Foods,Mid,10,60.49,2025-06-04,2026-06-04,True
BUS-006770,Harbor Foods,Free,1,0.0,2023-09-15,2026-09-14,False
BUS-006771,Harbor Partners,Premium,25,469.45,2024-05-29,2027-05-29,False
BUS-006772,Nova Labs,Mid,16,82.39,2026-02-26,2027-02-26,True
BUS-006773,Initech Labs,Free,2,0.0,2023-07-21,2026-07-20,False
BUS-006774,Pioneer Labs,Free,3,0.0,2024-09-05,2026-09-05,False
BUS-006775,Cedar Works,Free,2,0.0,2024-09-25,2026-09-25,False
BUS-006776,Cedar Bakery,Free,2,0.0,2025-02-21,2027-02-21,False
BUS-006777,Initech Labs,Premium,92,319.12,2024-12-15,2026-12-15,False
BUS-006778,Bright Group,Mid,5,96.48,2025-08-24,2026-08-24,False
BUS-006779,Bright Partners,Premium,83,532.29,2023-12-17,2026-12-16,False
BUS-006780,Globex Bakery,Premium,42,432.42,2025-07-30,2026-07-30,False
BUS-006781,Acme Foods,Free,1,0.0,2024-09-07,2026-09-07,False
BUS-006782,Vertex Supply,Free,1,0.0,2023-09-18,2026-09-17,False
BUS-006783,Cobalt Partners,Free,1,0.0,2023-11-01,2026-10-31,False
BUS-006784,Summit Studios,Mid,15,54.21,2025-02-04,2027-02-04,False
BUS-006785,Nova Studios,Free,1,0.0,2025-01-27,2027-01-27,False
BUS-006786,Cobalt Works,Free,2,0.0,2023-07-31,2026-07-30,False
BUS-006787,Harbor Trading,Mid,10,61.93,2024-04-23,2027-04-23,False
BUS-006788,Pioneer Consulting,Free,1,0.0,2023-06-02,2027-06-01,False
BUS-006789,Summit Group,Free,2,0.0,2023-05-23,2027-05-22,False
BUS-006790,Quantum Supply,Premium,39,576.59,2025-04-11,2027-04-11,False
BUS-006791,Vertex Labs,Mid,11,64.24,2023-07-04,2026-07-03,False
BUS-006792,Quantum Auto,Mid,15,76.7,2023-10-01,2026-09-30,False
BUS-006793,Globex Supply,Mid,15,71.58,2023-11-01,2026-10-31,False
BUS-006794,Quantum Studios,Mid,14,88.06,2025-05-06,2027-05-06,False
BUS-006795,Initech Group,Mid,3,40.51,2024-07-24,2026-07-24,False
BUS-006796,Iron Works,Mid,14,75.18,2024-09-18,2026-09-18,False
BUS-006797,Bright Retail,Free,1,0.0,2023-06-05,2026-06-04,False
BUS-006798,Harbor Health,Mid,14,94.37,2025-01-29,2027-01-29,False
BUS-006799,Initech Bakery,Mid,8,98.47,2025-08-01,2026-08-01,False
BUS-006800,Harbor Trading,Mid,8,82.38,2025-05-15,2027-05-15,False
BUS-006801,Stellar Partners,Free,2,0.0,2023-10-04,2026-10-03,False
BUS-006802,Apex Retail,Free,2,0.0,2025-07-27,2026-07-27,False
BUS-006803,Pioneer Health,Free,3,0.0,2024-03-19,2027-03-19,False
BUS-006804,Initech Partners,Mid,12,96.06,2023-07-29,2026-07-28,False
BUS-006805,Umbra Labs,Mid,13,40.76,2025-08-01,2026-08-01,True
BUS-006806,Bright Group,Mid,4,81.96,2025-05-05,2027-05-05,False
BUS-006807,Harbor Media,Mid,9,42.75,2025-11-10,2026-11-10,False
BUS-006808,Apex Works,Free,3,0.0,2026-02-06,2027-02-06,False
BUS-006809,Acme Labs,Free,3,0.0,2026-04-06,2027-04-06,False
BUS-006810,Vertex Builders,Mid,13,95.8,2023-06-15,2026-06-14,False
BUS-006811,Summit Supply,Free,1,0.0,2023-08-18,2026-08-17,False
BUS-006812,Summit Retail,Free,3,0.0,2025-08-14,2026-08-14,False
BUS-006813,Iron Studios,Premium,54,218.98,2025-08-23,2026-08-23,False
BUS-006814,Cedar Retail,Mid,4,42.6,2025-02-14,2027-02-14,False
BUS-006815,Iron Partners,Mid,6,52.93,2023-12-02,2026-12-01,False
BUS-006816,Nova Supply,Free,1,0.0,2024-12-07,2026-12-07,False
BUS-006817,Stellar Logistics,Mid,15,53.44,2023-08-21,2026-08-20,False
BUS-006818,Initech Builders,Free,3,0.0,2023-11-20,2026-11-19,False
BUS-006819,Vertex Labs,Free,2,0.0,2025-12-02,2026-12-02,False
BUS-006820,Cobalt Builders,Premium,62,201.2,2026-02-21,2027-02-21,False
BUS-006821,Cobalt Builders,Premium,60,682.43,2024-01-11,2027-01-10,False
BUS-006822,Iron Bakery,Free,3,0.0,2025-11-01,2026-11-01,False
BUS-006823,Bright Foods,Mid,5,50.29,2025-01-18,2027-01-18,False
BUS-006824,Stellar Supply,Mid,14,33.53,2025-06-24,2026-06-24,False
BUS-006825,Pioneer Media,Premium,83,373.03,2025-07-13,2026-07-13,False
BUS-006826,Cobalt Retail,Free,3,0.0,2024-03-18,2027-03-18,False
BUS-006827,Initech Trading,Free,1,0.0,2023-09-06,2026-09-05,False
BUS-006828,Summit Works,Mid,5,66.58,2025-01-31,2027-01-31,False
BUS-006829,Initech Consulting,Mid,7,96.31,2024-01-05,2027-01-04,False
BUS-006830,Quantum Bakery,Mid,4,48.22,2025-03-11,2027-03-11,False
BUS-006831,Summit Builders,Mid,9,42.32,2023-11-13,2026-11-12,False
BUS-006832,Initech Media,Free,1,0.0,2024-07-21,2026-07-21,False
BUS-006833,Acme Trading,Free,2,0.0,2025-02-13,2027-02-13,False
BUS-006834,Globex Auto,Mid,6,57.3,2025-09-05,2026-09-05,False
BUS-006835,Globex Health,Mid,9,48.13,2023-11-04,2026-11-03,False
BUS-006836,Pioneer Retail,Mid,11,37.57,2025-03-12,2027-03-12,False
BUS-006837,Bright Auto,Premium,98,587.68,2024-12-16,2026-12-16,False
BUS-006838,Harbor Supply,Premium,71,703.15,2025-06-04,2026-06-04,False
BUS-006839,Harbor Auto,Free,2,0.0,2025-12-30,2026-12-30,False
BUS-006840,Cobalt Logistics,Free,3,0.0,2026-02-18,2027-02-18,False
BUS-006841,Umbra Media,Premium,98,502.69,2024-03-09,2027-03-09,False
BUS-006842,Cobalt Labs,Free,3,0.0,2025-04-25,2027-04-25,False
BUS-006843,Stellar Bakery,Free,1,0.0,2024-12-14,2026-12-14,False
BUS-006844,Stellar Partners,Free,1,0.0,2024-02-24,2027-02-23,False
BUS-006845,Summit Logistics,Mid,9,31.38,2025-12-24,2026-12-24,False
BUS-006846,Nova Logistics,Free,2,0.0,2025-11-14,2026-11-14,False
BUS-006847,Initech Auto,Free,1,0.0,2024-03-29,2027-03-29,False
BUS-006848,Pioneer Media,Mid,15,35.95,2023-11-24,2026-11-23,False
BUS-006849,Nova Media,Mid,5,40.86,2024-04-10,2027-04-10,False
BUS-006850,Nova Studios,Mid,13,31.81,2023-11-21,2026-11-20,False
BUS-006851,Quantum Foods,Free,3,0.0,2025-05-06,2027-05-06,False
BUS-006852,Cobalt Bakery,Free,1,0.0,2023-11-18,2026-11-17,False
BUS-006853,Bright Health,Free,1,0.0,2024-05-16,2027-05-16,False
BUS-006854,Summit Partners,Free,1,0.0,2024-01-15,2027-01-14,False
BUS-006855,Harbor Trading,Free,2,0.0,2024-04-27,2027-04-27,False
BUS-006856,Quantum Bakery,Free,1,0.0,2023-06-05,2026-06-04,False
BUS-006857,Globex Trading,Mid,17,97.54,2024-05-11,2027-05-11,False
BUS-006858,Pioneer Labs,Premium,71,339.66,2024-08-07,2026-08-07,False
BUS-006859,Acme Bakery,Mid,8,68.01,2026-04-10,2027-04-10,False
BUS-006860,Cobalt Partners,Free,3,0.0,2023-12-25,2026-12-24,False
BUS-006861,Stellar Works,Mid,7,47.75,2023-11-25,2026-11-24,True
BUS-006862,Apex Retail,Free,3,0.0,2023-12-12,2026-12-11,False
BUS-006863,Quantum Foods,Mid,15,74.38,2024-02-29,2027-02-28,False
BUS-006864,Cedar Group,Free,2,0.0,2023-11-10,2026-11-09,False
BUS-006865,Nova Group,Premium,35,721.6,2025-07-06,2026-07-06,False
BUS-006866,Pioneer Labs,Premium,31,451.2,2025-12-03,2026-12-03,False
BUS-006867,Stellar Partners,Free,2,0.0,2024-09-17,2026-09-17,False
BUS-006868,Harbor Consulting,Free,2,0.0,2026-01-22,2027-01-22,False
BUS-006869,Harbor Labs,Free,2,0.0,2026-04-17,2027-04-17,False
BUS-006870,Acme Partners,Free,1,0.0,2024-01-02,2027-01-01,False
BUS-006871,Initech Builders,Premium,92,488.2,2025-06-03,2027-06-03,False
BUS-006872,Iron Foods,Free,3,0.0,2023-08-12,2026-08-11,False
BUS-006873,Umbra Logistics,Premium,62,376.59,2024-07-24,2026-07-24,False
BUS-006874,Quantum Supply,Free,2,0.0,2023-08-16,2026-08-15,False
BUS-006875,Pioneer Works,Free,1,0.0,2023-11-13,2026-11-12,False
BUS-006876,Pioneer Works,Mid,11,82.33,2024-05-25,2027-05-25,False
BUS-006877,Cedar Builders,Free,1,0.0,2024-12-02,2026-12-02,False
BUS-006878,Bright Foods,Premium,86,709.62,2025-12-23,2026-12-23,False
BUS-006879,Cobalt Partners,Mid,8,42.68,2023-08-28,2026-08-27,False
BUS-006880,Initech Studios,Free,2,0.0,2025-06-15,2026-06-15,False
BUS-006881,Iron Works,Free,2,0.0,2023-06-14,2026-06-13,False
BUS-006882,Cobalt Media,Free,1,0.0,2025-11-19,2026-11-19,False
BUS-006883,Nova Consulting,Free,3,0.0,2025-02-06,2027-02-06,False
BUS-006884,Harbor Labs,Mid,3,74.75,2026-03-07,2027-03-07,False
BUS-006885,Iron Foods,Free,2,0.0,2025-09-14,2026-09-14,False
BUS-006886,Summit Trading,Free,3,0.0,2024-04-18,2027-04-18,False
BUS-006887,Quantum Builders,Free,3,0.0,2025-12-18,2026-12-18,False
BUS-006888,Bright Studios,Free,1,0.0,2024-09-17,2026-09-17,False
BUS-006889,Stellar Foods,Premium,70,211.89,2025-08-02,2026-08-02,False
BUS-006890,Harbor Foods,Free,1,0.0,2024-01-23,2027-01-22,False
BUS-006891,Cobalt Media,Free,1,0.0,2024-04-10,2027-04-10,False
BUS-006892,Apex Consulting,Premium,84,552.33,2026-03-24,2027-03-24,False
BUS-006893,Apex Labs,Free,3,0.0,2025-09-01,2026-09-01,False
BUS-006894,Harbor Partners,Free,3,0.0,2023-08-07,2026-08-06,False
BUS-006895,Cobalt Retail,Free,3,0.0,2025-07-09,2026-07-09,False
BUS-006896,Globex Partners,Free,2,0.0,2024-12-14,2026-12-14,False
BUS-006897,Quantum Group,Free,3,0.0,2023-06-14,2026-06-13,False
BUS-006898,Cobalt Media,Mid,9,31.91,2023-07-16,2026-07-15,False
BUS-006899,Summit Builders,Premium,11,624.58,2026-01-11,2027-01-11,False
BUS-006900,Apex Consulting,Premium,94,177.82,2025-07-21,2026-07-21,False
BUS-006901,Iron Foods,Premium,13,561.76,2026-03-30,2027-03-30,False
BUS-006902,Iron Consulting,Mid,14,96.47,2024-01-27,2027-01-26,False
BUS-006903,Acme Media,Free,2,0.0,2025-01-03,2027-01-03,False
BUS-006904,Umbra Logistics,Mid,13,35.49,2024-05-15,2027-05-15,False
BUS-006905,Iron Consulting,Free,2,0.0,2025-03-14,2027-03-14,False
BUS-006906,Initech Works,Free,3,0.0,2024-07-27,2026-07-27,False
BUS-006907,Harbor Media,Mid,11,76.99,2024-08-20,2026-08-20,True
BUS-006908,Apex Media,Mid,14,68.54,2026-04-30,2027-04-30,False
BUS-006909,Pioneer Trading,Mid,10,39.94,2023-06-01,2027-05-31,False
BUS-006910,Stellar Trading,Mid,14,78.88,2026-03-16,2027-03-16,False
BUS-006911,Vertex Logistics,Free,2,0.0,2023-10-29,2026-10-28,False
BUS-006912,Iron Labs,Mid,11,37.47,2024-03-01,2027-03-01,False
BUS-006913,Quantum Works,Mid,5,63.85,2023-06-03,2027-06-02,False
BUS-006914,Vertex Health,Mid,16,68.97,2025-06-20,2026-06-20,True
BUS-006915,Cobalt Foods,Free,2,0.0,2025-10-05,2026-10-05,False
BUS-006916,Globex Auto,Free,2,0.0,2025-04-06,2027-04-06,False
BUS-006917,Cedar Retail,Free,1,0.0,2024-01-20,2027-01-19,False
BUS-006918,Umbra Group,Premium,64,617.02,2023-06-13,2026-06-12,False
BUS-006919,Bright Media,Free,1,0.0,2024-02-16,2027-02-15,False
BUS-006920,Pioneer Auto,Mid,3,95.4,2023-09-05,2026-09-04,False
BUS-006921,Summit Bakery,Free,1,0.0,2024-07-04,2026-07-04,False
BUS-006922,Nova Auto,Mid,8,96.04,2023-11-11,2026-11-10,False
BUS-006923,Initech Labs,Premium,47,173.46,2024-07-01,2026-07-01,False
BUS-006924,Nova Retail,Mid,17,52.41,2024-07-07,2026-07-07,False
BUS-006925,Pioneer Partners,Free,3,0.0,2024-09-14,2026-09-14,False
BUS-006926,Umbra Labs,Mid,3,66.85,2025-06-25,2026-06-25,False
BUS-006927,Summit Foods,Mid,4,55.89,2023-09-21,2026-09-20,False
BUS-006928,Umbra Group,Free,2,0.0,2026-04-06,2027-04-06,False
BUS-006929,Apex Group,Mid,16,38.02,2024-05-31,2027-05-31,False
BUS-006930,Acme Builders,Free,3,0.0,2024-09-29,2026-09-29,False
BUS-006931,Globex Trading,Free,3,0.0,2024-05-05,2027-05-05,False
BUS-006932,Summit Trading,Free,2,0.0,2024-06-16,2026-06-16,False
BUS-006933,Cobalt Labs,Premium,80,502.3,2025-08-11,2026-08-11,False
BUS-006934,Apex Health,Free,3,0.0,2026-02-17,2027-02-17,False
BUS-006935,Pioneer Trading,Mid,7,73.67,2024-06-23,2026-06-23,False
BUS-006936,Stellar Retail,Premium,38,623.11,2024-02-18,2027-02-17,False
BUS-006937,Vertex Health,Free,2,0.0,2025-07-22,2026-07-22,False
BUS-006938,Cobalt Trading,Free,3,0.0,2025-10-17,2026-10-17,False
BUS-006939,Pioneer Logistics,Free,1,0.0,2025-01-07,2027-01-07,False
BUS-006940,Bright Supply,Mid,15,50.78,2025-04-23,2027-04-23,False
BUS-006941,Cedar Auto,Mid,13,72.52,2026-02-10,2027-02-10,False
BUS-006942,Cedar Group,Free,3,0.0,2026-03-28,2027-03-28,False
BUS-006943,Umbra Health,Free,1,0.0,2024-07-26,2026-07-26,False
BUS-006944,Umbra Works,Free,3,0.0,2024-03-24,2027-03-24,False
BUS-006945,Iron Retail,Free,3,0.0,2023-07-11,2026-07-10,False
BUS-006946,Umbra Supply,Free,1,0.0,2023-07-13,2026-07-12,False
BUS-006947,Quantum Labs,Premium,78,696.62,2025-10-06,2026-10-06,False
BUS-006948,Apex Bakery,Free,3,0.0,2024-09-09,2026-09-09,False
BUS-006949,Cedar Media,Mid,11,36.72,2026-01-13,2027-01-13,True
BUS-006950,Nova Auto,Free,2,0.0,2024-03-07,2027-03-07,False
BUS-006951,Pioneer Foods,Free,1,0.0,2025-06-21,2026-06-21,False
BUS-006952,Apex Works,Free,1,0.0,2023-11-13,2026-11-12,False
BUS-006953,Cobalt Health,Free,1,0.0,2024-05-08,2027-05-08,False
BUS-006954,Globex Works,Free,2,0.0,2026-02-17,2027-02-17,False
BUS-006955,Initech Media,Free,1,0.0,2025-02-07,2027-02-07,False
BUS-006956,Vertex Supply,Mid,4,95.3,2026-02-18,2027-02-18,False
BUS-006957,Iron Logistics,Premium,20,309.03,2024-12-03,2026-12-03,False
BUS-006958,Cedar Bakery,Premium,52,172.14,2024-11-08,2026-11-08,False
BUS-006959,Summit Auto,Free,2,0.0,2024-11-15,2026-11-15,False
BUS-006960,Bright Health,Mid,11,81.79,2025-07-15,2026-07-15,False
BUS-006961,Iron Trading,Mid,8,47.99,2025-09-12,2026-09-12,False
BUS-006962,Bright Studios,Free,3,0.0,2023-08-15,2026-08-14,False
BUS-006963,Iron Foods,Free,1,0.0,2025-04-06,2027-04-06,False
BUS-006964,Vertex Partners,Mid,17,52.77,2025-06-01,2027-06-01,False
BUS-006965,Umbra Health,Mid,3,79.35,2023-08-13,2026-08-12,False
BUS-006966,Vertex Group,Free,2,0.0,2026-04-28,2027-04-28,False
BUS-006967,Pioneer Media,Mid,6,54.66,2024-10-03,2026-10-03,True
BUS-006968,Nova Group,Free,3,0.0,2025-03-26,2027-03-26,False
BUS-006969,Pioneer Auto,Mid,16,36.18,2024-11-27,2026-11-27,False
BUS-006970,Cedar Studios,Free,1,0.0,2024-05-14,2027-05-14,False
BUS-006971,Cobalt Media,Premium,90,367.22,2025-07-19,2026-07-19,False
BUS-006972,Globex Builders,Free,2,0.0,2023-07-09,2026-07-08,False
BUS-006973,Cobalt Logistics,Mid,11,94.59,2026-04-07,2027-04-07,False
BUS-006974,Summit Trading,Free,1,0.0,2025-03-10,2027-03-10,False
BUS-006975,Umbra Foods,Mid,5,75.96,2025-02-25,2027-02-25,False
BUS-006976,Iron Foods,Free,2,0.0,2025-06-14,2026-06-14,False
BUS-006977,Iron Works,Free,2,0.0,2025-08-21,2026-08-21,False
BUS-006978,Harbor Bakery,Premium,64,413.38,2023-11-27,2026-11-26,False
BUS-006979,Iron Works,Mid,16,50.5,2024-03-07,2027-03-07,False
BUS-006980,Stellar Logistics,Mid,12,78.02,2024-09-19,2026-09-19,False
BUS-006981,Cobalt Consulting,Free,2,0.0,2024-05-25,2027-05-25,False
BUS-006982,Acme Media,Premium,61,395.32,2024-11-17,2026-11-17,False
BUS-006983,Iron Retail,Free,3,0.0,2023-12-21,2026-12-20,False
BUS-006984,Stellar Bakery,Mid,3,43.4,2024-02-12,2027-02-11,True
BUS-006985,Harbor Foods,Free,3,0.0,2026-04-04,2027-04-04,False
BUS-006986,Stellar Retail,Free,1,0.0,2025-02-05,2027-02-05,False
BUS-006987,Acme Bakery,Free,2,0.0,2025-10-20,2026-10-20,False
BUS-006988,Vertex Foods,Free,2,0.0,2026-04-11,2027-04-11,False
BUS-006989,Umbra Foods,Free,3,0.0,2026-01-05,2027-01-05,False
BUS-006990,Stellar Logistics,Free,3,0.0,2024-04-16,2027-04-16,False
BUS-006991,Cobalt Bakery,Free,2,0.0,2024-12-27,2026-12-27,False
BUS-006992,Initech Media,Free,1,0.0,2024-11-18,2026-11-18,False
BUS-006993,Acme Group,Mid,4,31.5,2024-03-22,2027-03-22,False
BUS-006994,Apex Trading,Mid,6,80.1,2024-05-11,2027-05-11,True
BUS-006995,Nova Health,Premium,62,697.71,2025-05-12,2027-05-12,False
BUS-006996,Nova Media,Premium,73,481.32,2025-08-08,2026-08-08,False
BUS-006997,Bright Bakery,Free,3,0.0,2025-07-09,2026-07-09,False
BUS-006998,Nova Logistics,Premium,41,352.41,2024-01-04,2027-01-03,False
BUS-006999,Initech Media,Free,2,0.0,2026-02-26,2027-02-26,False
BUS-007000,Acme Supply,Premium,88,684.0,2023-07-23,2026-07-22,False
BUS-007001,Initech Trading,Free,3,0.0,2023-05-28,2027-05-27,False
BUS-007002,Bright Supply,Mid,12,63.43,2024-05-10,2027-05-10,False
BUS-007003,Stellar Group,Free,2,0.0,2026-01-23,2027-01-23,False
BUS-007004,Globex Works,Mid,15,57.39,2025-06-03,2027-06-03,True
BUS-007005,Iron Logistics,Premium,70,741.38,2026-01-14,2027-01-14,False
BUS-007006,Acme Studios,Premium,35,497.14,2025-03-31,2027-03-31,False
BUS-007007,Apex Consulting,Free,1,0.0,2024-06-05,2026-06-05,False
BUS-007008,Acme Consulting,Free,1,0.0,2023-08-21,2026-08-20,False
BUS-007009,Harbor Works,Premium,46,445.46,2023-06-18,2026-06-17,False
BUS-007010,Vertex Works,Mid,14,67.4,2025-05-18,2027-05-18,True
BUS-007011,Vertex Studios,Free,1,0.0,2024-06-27,2026-06-27,False
BUS-007012,Vertex Media,Mid,16,44.5,2025-08-01,2026-08-01,False
BUS-007013,Quantum Health,Free,1,0.0,2024-09-04,2026-09-04,False
BUS-007014,Quantum Logistics,Free,2,0.0,2024-09-14,2026-09-14,False
BUS-007015,Pioneer Builders,Free,2,0.0,2024-08-05,2026-08-05,False
BUS-007016,Cobalt Consulting,Free,1,0.0,2026-01-07,2027-01-07,False
BUS-007017,Quantum Partners,Mid,7,82.75,2025-02-15,2027-02-15,False
BUS-007018,Cedar Media,Mid,8,98.46,2024-04-16,2027-04-16,False
BUS-007019,Pioneer Trading,Free,3,0.0,2023-07-30,2026-07-29,False
BUS-007020,Iron Trading,Free,3,0.0,2023-07-16,2026-07-15,False
BUS-007021,Nova Bakery,Mid,3,81.22,2025-09-10,2026-09-10,False
BUS-007022,Acme Health,Mid,4,85.55,2024-04-22,2027-04-22,False
BUS-007023,Pioneer Group,Free,1,0.0,2025-09-21,2026-09-21,False
BUS-007024,Apex Labs,Mid,7,31.29,2026-01-25,2027-01-25,True
BUS-007025,Stellar Media,Free,3,0.0,2025-03-21,2027-03-21,False
BUS-007026,Vertex Supply,Free,2,0.0,2025-05-29,2027-05-29,False
BUS-007027,Initech Supply,Free,3,0.0,2025-03-06,2027-03-06,False
BUS-007028,Quantum Foods,Mid,5,83.24,2024-02-08,2027-02-07,False
BUS-007029,Globex Studios,Free,1,0.0,2024-09-12,2026-09-12,False
BUS-007030,Cobalt Logistics,Free,1,0.0,2025-12-25,2026-12-25,False
BUS-007031,Cedar Trading,Mid,4,72.14,2024-09-07,2026-09-07,False
BUS-007032,Acme Logistics,Free,1,0.0,2024-04-23,2027-04-23,False
BUS-007033,Iron Foods,Mid,14,30.81,2024-06-22,2026-06-22,False
BUS-007034,Pioneer Logistics,Mid,5,86.18,2025-01-27,2027-01-27,False
BUS-007035,Pioneer Consulting,Free,2,0.0,2025-01-01,2027-01-01,False
BUS-007036,Nova Consulting,Free,1,0.0,2026-03-08,2027-03-08,False
BUS-007037,Umbra Trading,Mid,11,84.84,2024-03-25,2027-03-25,False
BUS-007038,Acme Consulting,Free,2,0.0,2023-12-19,2026-12-18,False
BUS-007039,Pioneer Works,Free,1,0.0,2025-04-04,2027-04-04,False
BUS-007040,Summit Trading,Free,2,0.0,2025-11-19,2026-11-19,False
BUS-007041,Harbor Retail,Free,1,0.0,2023-07-19,2026-07-18,False
BUS-007042,Cobalt Auto,Free,3,0.0,2023-07-24,2026-07-23,False
BUS-007043,Iron Bakery,Free,1,0.0,2024-07-27,2026-07-27,False
BUS-007044,Umbra Partners,Free,3,0.0,2024-12-10,2026-12-10,False
BUS-007045,Initech Logistics,Premium,50,669.46,2025-09-14,2026-09-14,False
BUS-007046,Umbra Consulting,Free,3,0.0,2024-11-12,2026-11-12,False
BUS-007047,Pioneer Health,Free,3,0.0,2024-08-04,2026-08-04,False
BUS-007048,Iron Logistics,Premium,66,280.1,2025-03-13,2027-03-13,False
BUS-007049,Initech Labs,Premium,70,687.42,2024-11-10,2026-11-10,False
BUS-007050,Harbor Trading,Mid,9,71.8,2024-08-07,2026-08-07,False
BUS-007051,Stellar Builders,Free,2,0.0,2026-04-24,2027-04-24,False
BUS-007052,Cobalt Supply,Free,1,0.0,2025-10-31,2026-10-31,False
BUS-007053,Umbra Retail,Premium,21,426.9,2024-03-03,2027-03-03,False
BUS-007054,Quantum Logistics,Mid,3,37.93,2025-08-20,2026-08-20,False
BUS-007055,Acme Foods,Mid,11,74.2,2025-11-06,2026-11-06,False
BUS-007056,Bright Builders,Premium,70,502.28,2024-05-02,2027-05-02,False
BUS-007057,Harbor Health,Free,1,0.0,2025-12-25,2026-12-25,False
BUS-007058,Nova Health,Premium,61,583.68,2023-11-20,2026-11-19,False
BUS-007059,Stellar Builders,Free,2,0.0,2024-10-08,2026-10-08,False
BUS-007060,Cedar Partners,Mid,5,51.21,2025-12-13,2026-12-13,False
BUS-007061,Bright Studios,Free,2,0.0,2024-02-14,2027-02-13,False
BUS-007062,Nova Foods,Free,3,0.0,2025-07-10,2026-07-10,False
BUS-007063,Nova Logistics,Premium,17,536.53,2024-09-10,2026-09-10,False
BUS-007064,Quantum Auto,Mid,9,94.44,2024-11-15,2026-11-15,False
BUS-007065,Nova Foods,Free,3,0.0,2024-06-11,2026-06-11,False
BUS-007066,Apex Media,Free,3,0.0,2023-12-21,2026-12-20,False
BUS-007067,Bright Builders,Free,2,0.0,2024-09-24,2026-09-24,False
BUS-007068,Bright Builders,Free,1,0.0,2025-10-15,2026-10-15,False
BUS-007069,Summit Bakery,Mid,8,30.67,2026-02-24,2027-02-24,False
BUS-007070,Umbra Foods,Free,1,0.0,2023-09-03,2026-09-02,False
BUS-007071,Acme Partners,Mid,7,74.85,2024-12-25,2026-12-25,False
BUS-007072,Cobalt Group,Free,3,0.0,2026-01-31,2027-01-31,False
BUS-007073,Globex Bakery,Mid,13,82.46,2023-10-20,2026-10-19,False
BUS-007074,Harbor Builders,Mid,15,66.88,2026-04-06,2027-04-06,False
BUS-007075,Cedar Foods,Mid,10,51.45,2023-07-19,2026-07-18,False
BUS-007076,Quantum Group,Free,3,0.0,2023-09-17,2026-09-16,False
BUS-007077,Pioneer Studios,Mid,10,32.41,2023-12-13,2026-12-12,False
BUS-007078,Cobalt Media,Mid,8,88.57,2025-11-29,2026-11-29,False
BUS-007079,Cobalt Labs,Free,1,0.0,2025-02-20,2027-02-20,False
BUS-007080,Harbor Supply,Free,3,0.0,2025-09-10,2026-09-10,False
BUS-007081,Pioneer Consulting,Mid,14,61.34,2026-03-29,2027-03-29,False
BUS-007082,Pioneer Partners,Mid,8,80.7,2024-05-09,2027-05-09,True
BUS-007083,Iron Studios,Premium,29,451.31,2024-11-04,2026-11-04,False
BUS-007084,Apex Retail,Free,3,0.0,2026-01-23,2027-01-23,False
BUS-007085,Bright Bakery,Mid,12,72.39,2025-05-17,2027-05-17,False
BUS-007086,Globex Supply,Free,2,0.0,2024-10-30,2026-10-30,False
BUS-007087,Acme Trading,Free,2,0.0,2023-06-19,2026-06-18,False
BUS-007088,Umbra Studios,Free,1,0.0,2025-11-03,2026-11-03,False
BUS-007089,Nova Studios,Premium,25,426.21,2024-06-23,2026-06-23,False
BUS-007090,Vertex Media,Mid,17,41.21,2024-12-26,2026-12-26,False
BUS-007091,Pioneer Labs,Free,2,0.0,2025-07-28,2026-07-28,False
BUS-007092,Bright Bakery,Mid,14,88.33,2023-06-06,2026-06-05,False
BUS-007093,Umbra Builders,Free,3,0.0,2023-10-04,2026-10-03,False
BUS-007094,Cobalt Partners,Free,2,0.0,2025-05-12,2027-05-12,False
BUS-007095,Cobalt Foods,Free,1,0.0,2024-07-27,2026-07-27,False
BUS-007096,Summit Studios,Mid,16,47.81,2025-10-09,2026-10-09,False
BUS-007097,Globex Works,Free,2,0.0,2025-04-20,2027-04-20,False
BUS-007098,Iron Logistics,Mid,17,63.68,2025-09-17,2026-09-17,False
BUS-007099,Harbor Studios,Mid,12,50.12,2024-06-02,2027-06-02,True
BUS-007100,Acme Auto,Mid,16,85.55,2025-01-26,2027-01-26,False
BUS-007101,Cobalt Foods,Free,3,0.0,2023-08-02,2026-08-01,False
BUS-007102,Cobalt Retail,Free,3,0.0,2025-04-26,2027-04-26,False
BUS-007103,Nova Foods,Free,2,0.0,2023-10-18,2026-10-17,False
BUS-007104,Bright Logistics,Free,3,0.0,2025-10-13,2026-10-13,False
BUS-007105,Quantum Media,Free,1,0.0,2025-11-11,2026-11-11,False
BUS-007106,Quantum Retail,Free,3,0.0,2025-12-05,2026-12-05,False
BUS-007107,Harbor Retail,Free,1,0.0,2023-09-04,2026-09-03,False
BUS-007108,Vertex Builders,Free,3,0.0,2026-02-03,2027-02-03,False
BUS-007109,Summit Bakery,Free,3,0.0,2024-10-10,2026-10-10,False
BUS-007110,Vertex Foods,Free,1,0.0,2025-08-19,2026-08-19,False
BUS-007111,Harbor Partners,Premium,14,484.63,2024-12-10,2026-12-10,False
BUS-007112,Stellar Bakery,Free,3,0.0,2024-08-19,2026-08-19,False
BUS-007113,Pioneer Works,Free,1,0.0,2023-05-22,2027-05-21,False
BUS-007114,Umbra Foods,Premium,36,437.83,2025-05-22,2027-05-22,False
BUS-007115,Nova Supply,Premium,24,404.55,2025-04-19,2027-04-19,False
BUS-007116,Pioneer Bakery,Mid,11,30.46,2025-03-02,2027-03-02,False
BUS-007117,Quantum Labs,Mid,4,94.78,2024-08-25,2026-08-25,False
BUS-007118,Iron Foods,Free,3,0.0,2024-10-12,2026-10-12,False
BUS-007119,Stellar Works,Free,1,0.0,2025-02-01,2027-02-01,False
BUS-007120,Apex Consulting,Free,2,0.0,2024-11-05,2026-11-05,False
BUS-007121,Summit Labs,Free,2,0.0,2024-08-01,2026-08-01,False
BUS-007122,Acme Media,Free,2,0.0,2026-04-03,2027-04-03,False
BUS-007123,Nova Retail,Premium,55,343.15,2023-06-30,2026-06-29,False
BUS-007124,Acme Consulting,Premium,80,584.13,2025-08-23,2026-08-23,False
BUS-007125,Nova Builders,Mid,14,46.26,2024-07-14,2026-07-14,True
BUS-007126,Harbor Partners,Free,3,0.0,2025-05-30,2027-05-30,False
BUS-007127,Summit Bakery,Mid,6,62.51,2024-04-04,2027-04-04,False
BUS-007128,Globex Works,Free,1,0.0,2025-02-15,2027-02-15,False
BUS-007129,Apex Retail,Mid,9,58.77,2023-07-29,2026-07-28,True
BUS-007130,Initech Bakery,Mid,6,36.34,2025-12-14,2026-12-14,False
BUS-007131,Acme Foods,Premium,85,349.43,2025-02-07,2027-02-07,False
BUS-007132,Stellar Builders,Free,3,0.0,2025-09-13,2026-09-13,False
BUS-007133,Acme Retail,Mid,6,64.14,2025-11-27,2026-11-27,False
BUS-007134,Acme Group,Free,3,0.0,2025-02-26,2027-02-26,False
BUS-007135,Globex Labs,Free,3,0.0,2025-07-28,2026-07-28,False
BUS-007136,Nova Trading,Free,2,0.0,2023-06-10,2026-06-09,False
BUS-007137,Vertex Builders,Free,1,0.0,2024-02-23,2027-02-22,False
BUS-007138,Nova Health,Free,3,0.0,2024-08-31,2026-08-31,False
BUS-007139,Quantum Studios,Free,2,0.0,2023-08-29,2026-08-28,False
BUS-007140,Bright Media,Free,2,0.0,2025-12-31,2026-12-31,False
BUS-007141,Quantum Supply,Mid,12,76.24,2026-03-16,2027-03-16,False
BUS-007142,Iron Consulting,Mid,10,73.7,2025-09-01,2026-09-01,True
BUS-007143,Acme Foods,Premium,14,522.84,2023-09-01,2026-08-31,False
BUS-007144,Acme Bakery,Free,3,0.0,2024-07-16,2026-07-16,False
BUS-007145,Cedar Builders,Mid,15,86.16,2024-01-07,2027-01-06,False
BUS-007146,Initech Works,Free,2,0.0,2023-11-02,2026-11-01,False
BUS-007147,Harbor Builders,Free,1,0.0,2026-02-25,2027-02-25,False
BUS-007148,Initech Auto,Free,3,0.0,2024-04-24,2027-04-24,False
BUS-007149,Cedar Labs,Premium,95,345.5,2023-08-17,2026-08-16,False
BUS-007150,Harbor Foods,Mid,5,33.4,2024-02-18,2027-02-17,False
BUS-007151,Quantum Builders,Free,1,0.0,2025-12-09,2026-12-09,False
BUS-007152,Pioneer Trading,Premium,20,331.93,2026-02-25,2027-02-25,False
BUS-007153,Initech Builders,Free,2,0.0,2026-03-26,2027-03-26,False
BUS-007154,Cedar Labs,Mid,7,96.74,2024-04-29,2027-04-29,False
BUS-007155,Globex Labs,Premium,11,174.12,2024-09-10,2026-09-10,False
BUS-007156,Pioneer Builders,Free,2,0.0,2024-11-29,2026-11-29,False
BUS-007157,Iron Auto,Mid,9,66.99,2025-02-26,2027-02-26,False
BUS-007158,Summit Studios,Free,2,0.0,2026-03-27,2027-03-27,False
BUS-007159,Iron Group,Premium,60,405.0,2024-07-26,2026-07-26,False
BUS-007160,Cobalt Media,Free,1,0.0,2026-02-13,2027-02-13,False
BUS-007161,Umbra Supply,Mid,4,99.14,2025-09-17,2026-09-17,False
BUS-007162,Globex Bakery,Free,3,0.0,2024-04-01,2027-04-01,False
BUS-007163,Summit Foods,Free,2,0.0,2026-03-19,2027-03-19,False
BUS-007164,Initech Partners,Free,1,0.0,2023-11-17,2026-11-16,False
BUS-007165,Cedar Partners,Free,3,0.0,2023-11-30,2026-11-29,False
BUS-007166,Stellar Bakery,Premium,71,664.05,2024-03-02,2027-03-02,False
BUS-007167,Vertex Foods,Mid,14,97.37,2025-01-21,2027-01-21,False
BUS-007168,Cobalt Trading,Free,2,0.0,2024-02-01,2027-01-31,False
BUS-007169,Umbra Group,Free,2,0.0,2024-03-26,2027-03-26,False
BUS-007170,Apex Group,Free,2,0.0,2024-10-12,2026-10-12,False
BUS-007171,Vertex Builders,Free,3,0.0,2023-07-05,2026-07-04,False
BUS-007172,Initech Logistics,Mid,4,95.9,2025-01-23,2027-01-23,False
BUS-007173,Cedar Builders,Premium,40,668.37,2025-08-17,2026-08-17,False
BUS-007174,Iron Media,Mid,17,79.87,2025-06-17,2026-06-17,False
BUS-007175,Summit Health,Premium,21,580.55,2024-11-05,2026-11-05,False
BUS-007176,Apex Media,Free,1,0.0,2024-08-09,2026-08-09,False
BUS-007177,Quantum Studios,Premium,79,303.04,2024-01-26,2027-01-25,False
BUS-007178,Acme Partners,Mid,7,69.22,2023-07-09,2026-07-08,False
BUS-007179,Cedar Partners,Mid,10,57.81,2023-08-31,2026-08-30,False
BUS-007180,Quantum Builders,Premium,67,468.68,2024-07-15,2026-07-15,False
BUS-007181,Iron Bakery,Premium,54,216.91,2025-10-12,2026-10-12,False
BUS-007182,Summit Works,Free,3,0.0,2023-11-02,2026-11-01,False
BUS-007183,Bright Supply,Free,2,0.0,2023-12-01,2026-11-30,False
BUS-007184,Pioneer Consulting,Mid,14,72.74,2025-08-31,2026-08-31,False
BUS-007185,Harbor Retail,Free,2,0.0,2025-08-19,2026-08-19,False
BUS-007186,Acme Auto,Free,2,0.0,2023-07-23,2026-07-22,False
BUS-007187,Umbra Labs,Free,2,0.0,2024-07-21,2026-07-21,False
BUS-007188,Bright Partners,Mid,16,75.68,2025-02-23,2027-02-23,False
BUS-007189,Iron Partners,Free,2,0.0,2024-10-13,2026-10-13,False
BUS-007190,Iron Works,Premium,24,313.02,2024-05-07,2027-05-07,False
BUS-007191,Acme Logistics,Premium,17,230.86,2024-04-17,2027-04-17,False
BUS-007192,Summit Trading,Free,2,0.0,2024-11-26,2026-11-26,False
BUS-007193,Harbor Studios,Mid,15,73.46,2024-07-17,2026-07-17,False
BUS-007194,Cobalt Builders,Free,3,0.0,2025-02-15,2027-02-15,False
BUS-007195,Pioneer Media,Premium,44,710.28,2024-10-30,2026-10-30,False
BUS-007196,Bright Retail,Mid,14,76.84,2023-09-08,2026-09-07,False
BUS-007197,Vertex Labs,Free,2,0.0,2024-10-25,2026-10-25,False
BUS-007198,Acme Works,Mid,8,31.85,2024-06-04,2026-06-04,False
BUS-007199,Nova Studios,Free,3,0.0,2023-09-15,2026-09-14,False
BUS-007200,Cobalt Trading,Free,3,0.0,2024-07-04,2026-07-04,False
BUS-007201,Vertex Group,Premium,81,498.64,2024-10-23,2026-10-23,False
BUS-007202,Acme Consulting,Mid,3,46.43,2023-12-19,2026-12-18,False
BUS-007203,Vertex Health,Mid,9,77.69,2024-08-15,2026-08-15,False
BUS-007204,Globex Partners,Free,2,0.0,2026-01-30,2027-01-30,False
BUS-007205,Cobalt Partners,Mid,9,86.14,2023-12-01,2026-11-30,False
BUS-007206,Nova Builders,Premium,69,558.46,2024-11-26,2026-11-26,False
BUS-007207,Initech Bakery,Free,2,0.0,2024-09-22,2026-09-22,False
BUS-007208,Harbor Labs,Free,3,0.0,2023-12-09,2026-12-08,False
BUS-007209,Harbor Consulting,Premium,97,432.44,2025-05-14,2027-05-14,False
BUS-007210,Initech Auto,Free,1,0.0,2024-02-29,2027-02-28,False
BUS-007211,Cobalt Studios,Free,2,0.0,2025-12-29,2026-12-29,False
BUS-007212,Acme Logistics,Free,2,0.0,2026-01-30,2027-01-30,False
BUS-007213,Acme Studios,Free,3,0.0,2024-08-12,2026-08-12,False
BUS-007214,Quantum Consulting,Free,2,0.0,2024-08-29,2026-08-29,False
BUS-007215,Cedar Health,Mid,9,70.2,2025-05-10,2027-05-10,False
BUS-007216,Apex Auto,Free,1,0.0,2025-11-01,2026-11-01,False
BUS-007217,Summit Group,Premium,88,220.69,2025-05-12,2027-05-12,False
BUS-007218,Nova Works,Premium,15,298.37,2025-09-27,2026-09-27,False
BUS-007219,Pioneer Bakery,Premium,22,307.9,2024-05-03,2027-05-03,False
BUS-007220,Quantum Trading,Premium,93,237.05,2025-04-13,2027-04-13,False
BUS-007221,Bright Builders,Premium,87,721.23,2023-12-01,2026-11-30,False
BUS-007222,Stellar Retail,Free,3,0.0,2024-09-17,2026-09-17,False
BUS-007223,Summit Supply,Mid,8,91.64,2024-09-24,2026-09-24,False
BUS-007224,Quantum Health,Free,3,0.0,2023-08-27,2026-08-26,False
BUS-007225,Acme Consulting,Mid,13,84.46,2026-01-15,2027-01-15,False
BUS-007226,Iron Retail,Premium,70,624.21,2025-11-23,2026-11-23,False
BUS-007227,Harbor Auto,Mid,9,41.09,2026-01-29,2027-01-29,False
BUS-007228,Nova Builders,Free,2,0.0,2023-11-08,2026-11-07,False
BUS-007229,Quantum Works,Premium,93,530.21,2023-06-23,2026-06-22,False
BUS-007230,Cobalt Foods,Free,3,0.0,2023-10-03,2026-10-02,False
BUS-007231,Initech Consulting,Mid,17,76.62,2024-11-01,2026-11-01,False
BUS-007232,Cobalt Partners,Premium,65,415.47,2023-07-02,2026-07-01,False
BUS-007233,Initech Trading,Free,3,0.0,2024-03-10,2027-03-10,False
BUS-007234,Vertex Supply,Free,2,0.0,2024-03-18,2027-03-18,False
BUS-007235,Umbra Media,Premium,58,338.1,2024-10-05,2026-10-05,False
BUS-007236,Globex Studios,Free,1,0.0,2023-06-17,2026-06-16,False
BUS-007237,Initech Labs,Free,1,0.0,2024-11-10,2026-11-10,False
BUS-007238,Nova Builders,Free,1,0.0,2025-12-14,2026-12-14,False
BUS-007239,Iron Trading,Free,3,0.0,2024-12-12,2026-12-12,False
BUS-007240,Umbra Health,Premium,33,403.4,2023-11-20,2026-11-19,False
BUS-007241,Stellar Auto,Mid,6,86.03,2024-07-23,2026-07-23,True
BUS-007242,Acme Bakery,Free,1,0.0,2025-11-23,2026-11-23,False
BUS-007243,Quantum Logistics,Mid,11,51.15,2024-02-14,2027-02-13,False
BUS-007244,Initech Works,Mid,10,34.03,2026-01-30,2027-01-30,False
BUS-007245,Iron Auto,Free,1,0.0,2025-10-28,2026-10-28,False
BUS-007246,Quantum Labs,Free,1,0.0,2023-07-16,2026-07-15,False
BUS-007247,Stellar Works,Free,1,0.0,2023-11-05,2026-11-04,False
BUS-007248,Globex Logistics,Free,3,0.0,2023-08-23,2026-08-22,False
BUS-007249,Bright Consulting,Mid,16,30.4,2024-09-19,2026-09-19,False
BUS-007250,Vertex Builders,Free,3,0.0,2025-06-15,2026-06-15,False
BUS-007251,Initech Retail,Free,1,0.0,2024-01-04,2027-01-03,False
BUS-007252,Bright Supply,Free,2,0.0,2024-10-29,2026-10-29,False
BUS-007253,Initech Builders,Free,3,0.0,2024-08-01,2026-08-01,False
BUS-007254,Cedar Partners,Free,3,0.0,2026-02-09,2027-02-09,False
BUS-007255,Globex Health,Free,3,0.0,2026-03-02,2027-03-02,False
BUS-007256,Quantum Logistics,Free,1,0.0,2024-07-27,2026-07-27,False
BUS-007257,Nova Partners,Mid,12,96.06,2024-01-23,2027-01-22,True
BUS-007258,Cobalt Partners,Free,1,0.0,2024-10-20,2026-10-20,False
BUS-007259,Harbor Supply,Mid,9,33.48,2024-07-03,2026-07-03,False
BUS-007260,Acme Builders,Free,2,0.0,2024-05-18,2027-05-18,False
BUS-007261,Cedar Trading,Free,2,0.0,2024-02-04,2027-02-03,False
BUS-007262,Bright Bakery,Free,2,0.0,2023-07-15,2026-07-14,False
BUS-007263,Vertex Partners,Mid,15,64.44,2024-11-22,2026-11-22,False
BUS-007264,Umbra Supply,Mid,4,85.53,2024-08-28,2026-08-28,False
BUS-007265,Initech Partners,Free,3,0.0,2026-03-22,2027-03-22,False
BUS-007266,Vertex Supply,Mid,16,53.12,2023-08-05,2026-08-04,True
BUS-007267,Harbor Trading,Free,3,0.0,2024-03-14,2027-03-14,False
BUS-007268,Initech Health,Free,3,0.0,2024-09-18,2026-09-18,False
BUS-007269,Nova Supply,Premium,45,597.96,2024-11-17,2026-11-17,False
BUS-007270,Globex Auto,Free,3,0.0,2026-03-27,2027-03-27,False
BUS-007271,Bright Consulting,Mid,4,52.99,2025-08-24,2026-08-24,False
BUS-007272,Globex Health,Free,2,0.0,2023-11-07,2026-11-06,False
BUS-007273,Umbra Health,Free,1,0.0,2024-01-14,2027-01-13,False
BUS-007274,Apex Logistics,Free,1,0.0,2023-11-05,2026-11-04,False
BUS-007275,Bright Logistics,Free,1,0.0,2026-02-03,2027-02-03,False
BUS-007276,Nova Foods,Premium,38,405.56,2023-09-10,2026-09-09,False
BUS-007277,Umbra Trading,Mid,13,85.08,2024-02-23,2027-02-22,False
BUS-007278,Initech Media,Free,1,0.0,2023-10-07,2026-10-06,False
BUS-007279,Acme Logistics,Free,2,0.0,2023-12-01,2026-11-30,False
BUS-007280,Acme Labs,Mid,16,62.0,2025-09-19,2026-09-19,False
BUS-007281,Summit Auto,Premium,70,482.16,2025-05-03,2027-05-03,False
BUS-007282,Bright Partners,Free,2,0.0,2025-10-06,2026-10-06,False
BUS-007283,Bright Partners,Free,1,0.0,2023-11-29,2026-11-28,False
BUS-007284,Vertex Foods,Free,1,0.0,2025-06-12,2026-06-12,False
BUS-007285,Stellar Labs,Free,1,0.0,2024-11-20,2026-11-20,False
BUS-007286,Pioneer Consulting,Premium,85,627.33,2025-09-20,2026-09-20,False
BUS-007287,Cobalt Foods,Free,1,0.0,2024-04-20,2027-04-20,False
BUS-007288,Globex Bakery,Free,2,0.0,2024-10-07,2026-10-07,False
BUS-007289,Cedar Health,Free,1,0.0,2024-05-27,2027-05-27,False
BUS-007290,Acme Logistics,Mid,13,91.48,2024-02-24,2027-02-23,False
BUS-007291,Apex Studios,Free,1,0.0,2024-06-03,2027-06-03,False
BUS-007292,Umbra Labs,Free,1,0.0,2024-01-06,2027-01-05,False
BUS-007293,Cobalt Trading,Premium,79,172.98,2024-05-02,2027-05-02,False
BUS-007294,Apex Foods,Mid,16,58.24,2025-05-25,2027-05-25,False
BUS-007295,Harbor Auto,Free,1,0.0,2024-04-03,2027-04-03,False
BUS-007296,Apex Works,Premium,89,213.37,2025-08-25,2026-08-25,False
BUS-007297,Nova Supply,Premium,19,411.36,2024-01-09,2027-01-08,False
BUS-007298,Stellar Supply,Premium,54,475.01,2024-02-12,2027-02-11,False
BUS-007299,Quantum Supply,Premium,16,229.65,2024-04-28,2027-04-28,False
BUS-007300,Globex Studios,Free,1,0.0,2025-07-13,2026-07-13,False
BUS-007301,Globex Labs,Free,2,0.0,2024-04-28,2027-04-28,False
BUS-007302,Iron Works,Free,2,0.0,2026-03-28,2027-03-28,False
BUS-007303,Stellar Health,Mid,16,97.1,2023-07-20,2026-07-19,False
BUS-007304,Bright Supply,Premium,17,739.34,2026-04-25,2027-04-25,False
BUS-007305,Summit Foods,Free,2,0.0,2023-06-14,2026-06-13,False
BUS-007306,Acme Builders,Premium,82,288.86,2026-03-10,2027-03-10,False
BUS-007307,Bright Labs,Free,1,0.0,2024-08-01,2026-08-01,False
BUS-007308,Apex Builders,Mid,12,78.74,2023-07-23,2026-07-22,False
BUS-007309,Acme Health,Mid,16,77.83,2023-09-14,2026-09-13,False
BUS-007310,Harbor Foods,Free,3,0.0,2026-01-20,2027-01-20,False
BUS-007311,Nova Partners,Free,2,0.0,2026-04-04,2027-04-04,False
BUS-007312,Pioneer Bakery,Mid,12,31.65,2023-10-15,2026-10-14,False
BUS-007313,Harbor Trading,Premium,10,561.38,2026-01-27,2027-01-27,False
BUS-007314,Cobalt Media,Premium,25,687.01,2024-07-02,2026-07-02,False
BUS-007315,Acme Health,Free,1,0.0,2023-06-29,2026-06-28,False
BUS-007316,Apex Consulting,Free,2,0.0,2026-03-16,2027-03-16,False
BUS-007317,Acme Works,Free,3,0.0,2024-07-07,2026-07-07,False
BUS-007318,Vertex Labs,Free,2,0.0,2025-01-31,2027-01-31,False
BUS-007319,Initech Media,Free,1,0.0,2024-04-26,2027-04-26,False
BUS-007320,Cedar Works,Mid,17,33.93,2025-04-13,2027-04-13,False
BUS-007321,Cobalt Auto,Free,2,0.0,2023-06-25,2026-06-24,False
BUS-007322,Stellar Bakery,Free,2,0.0,2025-08-27,2026-08-27,False
BUS-007323,Acme Auto,Premium,91,310.34,2023-06-19,2026-06-18,False
BUS-007324,Acme Partners,Mid,16,50.26,2025-08-17,2026-08-17,True
BUS-007325,Pioneer Logistics,Free,1,0.0,2024-10-19,2026-10-19,False
BUS-007326,Stellar Studios,Free,3,0.0,2025-02-23,2027-02-23,False
BUS-007327,Apex Builders,Free,3,0.0,2025-07-11,2026-07-11,False
BUS-007328,Stellar Trading,Free,3,0.0,2023-09-24,2026-09-23,False
BUS-007329,Globex Supply,Mid,5,77.21,2025-05-05,2027-05-05,False
BUS-007330,Globex Works,Premium,56,397.67,2024-01-13,2027-01-12,False
BUS-007331,Stellar Partners,Free,2,0.0,2025-08-25,2026-08-25,False
BUS-007332,Nova Media,Free,2,0.0,2025-11-08,2026-11-08,False
BUS-007333,Bright Supply,Free,1,0.0,2025-02-04,2027-02-04,False
BUS-007334,Bright Auto,Mid,16,43.28,2024-09-02,2026-09-02,False
BUS-007335,Harbor Builders,Mid,6,35.88,2024-08-15,2026-08-15,False
BUS-007336,Pioneer Trading,Free,2,0.0,2025-09-06,2026-09-06,False
BUS-007337,Apex Foods,Mid,12,52.37,2025-09-24,2026-09-24,False
BUS-007338,Cobalt Group,Mid,17,98.52,2023-10-31,2026-10-30,False
BUS-007339,Acme Builders,Mid,6,98.3,2026-01-30,2027-01-30,True
BUS-007340,Quantum Foods,Free,1,0.0,2024-12-28,2026-12-28,False
BUS-007341,Acme Studios,Free,3,0.0,2024-03-04,2027-03-04,False
BUS-007342,Cobalt Labs,Free,3,0.0,2025-06-24,2026-06-24,False
BUS-007343,Quantum Group,Free,1,0.0,2024-08-07,2026-08-07,False
BUS-007344,Globex Partners,Premium,64,459.06,2023-09-20,2026-09-19,False
BUS-007345,Cobalt Group,Mid,9,33.0,2025-06-10,2026-06-10,False
BUS-007346,Pioneer Retail,Premium,35,398.0,2026-03-06,2027-03-06,False
BUS-007347,Nova Retail,Premium,72,266.12,2026-01-06,2027-01-06,False
BUS-007348,Acme Logistics,Free,1,0.0,2023-10-05,2026-10-04,False
BUS-007349,Globex Works,Mid,12,67.94,2024-09-08,2026-09-08,False
BUS-007350,Nova Bakery,Free,3,0.0,2024-02-13,2027-02-12,False
BUS-007351,Stellar Supply,Free,3,0.0,2024-01-08,2027-01-07,False
BUS-007352,Initech Group,Free,3,0.0,2025-05-13,2027-05-13,False
BUS-007353,Acme Labs,Free,3,0.0,2024-03-02,2027-03-02,False
BUS-007354,Initech Consulting,Free,2,0.0,2023-07-07,2026-07-06,False
BUS-007355,Vertex Auto,Free,1,0.0,2024-08-04,2026-08-04,False
BUS-007356,Apex Media,Free,3,0.0,2024-11-05,2026-11-05,False
BUS-007357,Initech Works,Free,1,0.0,2023-12-22,2026-12-21,False
BUS-007358,Iron Works,Mid,5,74.19,2025-10-10,2026-10-10,False
BUS-007359,Globex Retail,Free,1,0.0,2026-02-09,2027-02-09,False
BUS-007360,Pioneer Builders,Free,3,0.0,2026-04-26,2027-04-26,False
BUS-007361,Globex Builders,Free,3,0.0,2023-10-14,2026-10-13,False
BUS-007362,Bright Media,Premium,78,298.01,2024-11-28,2026-11-28,False
BUS-007363,Nova Supply,Free,3,0.0,2023-10-10,2026-10-09,False
BUS-007364,Initech Labs,Free,1,0.0,2025-02-15,2027-02-15,False
BUS-007365,Summit Trading,Free,2,0.0,2024-01-06,2027-01-05,False
BUS-007366,Summit Foods,Free,3,0.0,2023-09-02,2026-09-01,False
BUS-007367,Stellar Works,Mid,11,64.91,2026-04-17,2027-04-17,False
BUS-007368,Quantum Works,Free,3,0.0,2024-06-19,2026-06-19,False
BUS-007369,Cobalt Labs,Free,2,0.0,2023-05-23,2027-05-22,False
BUS-007370,Harbor Partners,Free,1,0.0,2024-06-20,2026-06-20,False
BUS-007371,Quantum Works,Free,3,0.0,2025-10-15,2026-10-15,False
BUS-007372,Vertex Bakery,Free,1,0.0,2024-09-30,2026-09-30,False
BUS-007373,Cedar Builders,Mid,13,53.68,2025-07-27,2026-07-27,False
BUS-007374,Vertex Works,Free,1,0.0,2023-07-22,2026-07-21,False
BUS-007375,Cobalt Group,Free,1,0.0,2024-05-14,2027-05-14,False
BUS-007376,Acme Works,Free,1,0.0,2024-08-10,2026-08-10,False
BUS-007377,Cedar Labs,Free,3,0.0,2024-02-03,2027-02-02,False
BUS-007378,Apex Studios,Mid,8,60.96,2024-09-09,2026-09-09,False
BUS-007379,Harbor Group,Free,3,0.0,2023-08-14,2026-08-13,False
BUS-007380,Harbor Health,Free,1,0.0,2024-07-26,2026-07-26,False
BUS-007381,Apex Works,Free,2,0.0,2023-12-22,2026-12-21,False
BUS-007382,Iron Consulting,Free,1,0.0,2026-01-12,2027-01-12,False
BUS-007383,Cobalt Builders,Free,3,0.0,2023-12-26,2026-12-25,False
BUS-007384,Umbra Media,Free,3,0.0,2026-03-17,2027-03-17,False
BUS-007385,Vertex Works,Premium,43,212.53,2023-06-11,2026-06-10,False
BUS-007386,Stellar Foods,Mid,17,46.34,2024-01-22,2027-01-21,False
BUS-007387,Nova Auto,Mid,15,44.2,2023-05-26,2027-05-25,False
BUS-007388,Vertex Group,Mid,7,59.62,2023-07-13,2026-07-12,False
BUS-007389,Apex Auto,Premium,21,186.24,2024-04-26,2027-04-26,False
BUS-007390,Summit Retail,Free,3,0.0,2026-01-18,2027-01-18,False
BUS-007391,Vertex Group,Free,1,0.0,2024-08-17,2026-08-17,False
BUS-007392,Acme Supply,Free,1,0.0,2024-04-16,2027-04-16,False
BUS-007393,Nova Group,Free,3,0.0,2025-11-27,2026-11-27,False
BUS-007394,Globex Group,Free,2,0.0,2024-02-25,2027-02-24,False
BUS-007395,Initech Labs,Free,3,0.0,2026-02-19,2027-02-19,False
BUS-007396,Apex Auto,Free,1,0.0,2023-12-06,2026-12-05,False
BUS-007397,Summit Foods,Mid,12,91.11,2024-08-10,2026-08-10,False
BUS-007398,Cedar Supply,Free,1,0.0,2023-09-06,2026-09-05,False
BUS-007399,Summit Consulting,Free,3,0.0,2023-08-03,2026-08-02,False
BUS-007400,Nova Media,Mid,3,93.79,2024-07-29,2026-07-29,False
BUS-007401,Stellar Trading,Mid,11,69.94,2023-10-10,2026-10-09,False
BUS-007402,Umbra Group,Free,1,0.0,2025-06-15,2026-06-15,False
BUS-007403,Umbra Trading,Premium,57,642.58,2024-02-06,2027-02-05,False
BUS-007404,Initech Bakery,Mid,3,73.9,2024-01-28,2027-01-27,False
BUS-007405,Nova Auto,Mid,4,44.94,2024-12-03,2026-12-03,True
BUS-007406,Cedar Consulting,Free,1,0.0,2024-01-22,2027-01-21,False
BUS-007407,Cedar Foods,Free,2,0.0,2023-12-25,2026-12-24,False
BUS-007408,Bright Media,Free,3,0.0,2024-08-15,2026-08-15,False
BUS-007409,Globex Media,Free,2,0.0,2024-05-05,2027-05-05,False
BUS-007410,Cedar Logistics,Premium,46,449.45,2023-08-04,2026-08-03,False
BUS-007411,Vertex Auto,Free,2,0.0,2026-04-04,2027-04-04,False
BUS-007412,Cobalt Media,Mid,17,54.66,2023-07-19,2026-07-18,False
BUS-007413,Pioneer Media,Mid,14,43.11,2024-11-17,2026-11-17,False
BUS-007414,Quantum Trading,Free,3,0.0,2025-06-01,2027-06-01,False
BUS-007415,Acme Foods,Mid,4,57.96,2024-10-21,2026-10-21,False
BUS-007416,Cedar Health,Mid,5,72.22,2023-07-26,2026-07-25,False
BUS-007417,Summit Auto,Mid,7,45.91,2025-07-11,2026-07-11,False
BUS-007418,Summit Trading,Mid,11,60.0,2023-07-18,2026-07-17,False
BUS-007419,Nova Builders,Free,2,0.0,2023-10-17,2026-10-16,False
BUS-007420,Cobalt Studios,Mid,15,57.53,2024-10-20,2026-10-20,False
BUS-007421,Summit Bakery,Mid,15,81.71,2023-06-25,2026-06-24,False
BUS-007422,Iron Health,Mid,3,58.71,2025-12-03,2026-12-03,True
BUS-007423,Vertex Foods,Free,1,0.0,2023-06-29,2026-06-28,False
BUS-007424,Nova Bakery,Free,3,0.0,2024-11-19,2026-11-19,False
BUS-007425,Pioneer Auto,Free,1,0.0,2023-12-19,2026-12-18,False
BUS-007426,Vertex Health,Premium,70,731.77,2026-01-21,2027-01-21,False
BUS-007427,Harbor Auto,Free,1,0.0,2026-05-01,2027-05-01,False
BUS-007428,Pioneer Builders,Free,3,0.0,2025-11-04,2026-11-04,False
BUS-007429,Apex Auto,Free,3,0.0,2024-05-16,2027-05-16,False
BUS-007430,Summit Retail,Premium,93,238.43,2025-02-02,2027-02-02,False
BUS-007431,Acme Labs,Premium,45,183.52,2023-09-20,2026-09-19,False
BUS-007432,Initech Foods,Free,3,0.0,2025-02-15,2027-02-15,False
BUS-007433,Iron Builders,Mid,12,75.39,2025-01-01,2027-01-01,False
BUS-007434,Stellar Bakery,Premium,89,162.33,2023-09-10,2026-09-09,False
BUS-007435,Umbra Logistics,Free,1,0.0,2025-12-05,2026-12-05,False
BUS-007436,Umbra Logistics,Free,2,0.0,2025-06-27,2026-06-27,False
BUS-007437,Stellar Works,Free,2,0.0,2023-07-24,2026-07-23,False
BUS-007438,Acme Works,Mid,10,33.63,2026-01-05,2027-01-05,False
BUS-007439,Apex Studios,Free,2,0.0,2026-03-25,2027-03-25,False
BUS-007440,Iron Supply,Free,1,0.0,2025-04-20,2027-04-20,False
BUS-007441,Nova Group,Free,2,0.0,2025-03-16,2027-03-16,False
BUS-007442,Cobalt Trading,Free,1,0.0,2026-04-28,2027-04-28,False
BUS-007443,Cobalt Foods,Free,2,0.0,2026-02-11,2027-02-11,False
BUS-007444,Cobalt Media,Free,3,0.0,2023-07-18,2026-07-17,False
BUS-007445,Bright Retail,Free,3,0.0,2025-04-09,2027-04-09,False
BUS-007446,Summit Auto,Free,1,0.0,2023-06-06,2026-06-05,False
BUS-007447,Pioneer Works,Free,1,0.0,2025-01-30,2027-01-30,False
BUS-007448,Apex Studios,Premium,82,242.17,2025-05-30,2027-05-30,False
BUS-007449,Harbor Consulting,Mid,3,37.04,2024-05-14,2027-05-14,True
BUS-007450,Cobalt Bakery,Free,2,0.0,2023-11-02,2026-11-01,False
BUS-007451,Stellar Retail,Free,2,0.0,2025-01-31,2027-01-31,False
BUS-007452,Quantum Logistics,Free,3,0.0,2023-11-03,2026-11-02,False
BUS-007453,Apex Logistics,Mid,6,74.88,2023-07-26,2026-07-25,False
BUS-007454,Globex Studios,Mid,9,82.46,2023-09-26,2026-09-25,False
BUS-007455,Globex Consulting,Free,1,0.0,2026-03-24,2027-03-24,False
BUS-007456,Pioneer Works,Free,2,0.0,2024-08-12,2026-08-12,False
BUS-007457,Umbra Studios,Free,1,0.0,2024-05-16,2027-05-16,False
BUS-007458,Bright Retail,Premium,39,457.64,2026-01-15,2027-01-15,False
BUS-007459,Harbor Retail,Free,3,0.0,2026-04-29,2027-04-29,False
BUS-007460,Vertex Works,Premium,59,741.77,2025-03-04,2027-03-04,False
BUS-007461,Cobalt Health,Mid,17,87.96,2025-05-26,2027-05-26,False
BUS-007462,Cobalt Media,Mid,15,56.94,2025-04-16,2027-04-16,False
BUS-007463,Vertex Builders,Free,1,0.0,2024-05-22,2027-05-22,False
BUS-007464,Acme Works,Mid,6,67.73,2025-08-03,2026-08-03,False
BUS-007465,Umbra Health,Free,3,0.0,2025-04-05,2027-04-05,False
BUS-007466,Umbra Supply,Premium,48,300.66,2024-11-02,2026-11-02,False
BUS-007467,Cedar Retail,Mid,8,97.84,2024-03-08,2027-03-08,False
BUS-007468,Iron Logistics,Mid,3,97.61,2025-07-20,2026-07-20,False
BUS-007469,Bright Media,Mid,10,89.76,2025-01-21,2027-01-21,False
BUS-007470,Harbor Bakery,Free,2,0.0,2026-01-04,2027-01-04,False
BUS-007471,Acme Retail,Premium,29,359.74,2025-09-04,2026-09-04,False
BUS-007472,Iron Studios,Free,3,0.0,2023-11-27,2026-11-26,False
BUS-007473,Cedar Builders,Premium,71,363.08,2025-10-01,2026-10-01,False
BUS-007474,Apex Works,Mid,8,59.0,2025-11-27,2026-11-27,False
BUS-007475,Globex Builders,Mid,15,30.67,2025-10-28,2026-10-28,False
BUS-007476,Acme Consulting,Free,1,0.0,2025-11-19,2026-11-19,False
BUS-007477,Iron Supply,Free,2,0.0,2024-06-03,2027-06-03,False
BUS-007478,Iron Retail,Mid,10,55.91,2024-02-16,2027-02-15,False
BUS-007479,Initech Trading,Mid,12,75.0,2023-08-26,2026-08-25,False
BUS-007480,Harbor Labs,Free,2,0.0,2023-06-05,2026-06-04,False
BUS-007481,Summit Group,Mid,15,80.86,2024-12-26,2026-12-26,False
BUS-007482,Bright Bakery,Mid,5,38.21,2023-08-15,2026-08-14,False
BUS-007483,Acme Media,Mid,16,53.41,2023-09-30,2026-09-29,False
BUS-007484,Acme Partners,Free,2,0.0,2025-06-01,2027-06-01,False
BUS-007485,Stellar Trading,Mid,4,74.45,2023-12-31,2026-12-30,True
BUS-007486,Globex Partners,Premium,93,376.7,2024-05-14,2027-05-14,False
BUS-007487,Apex Bakery,Free,1,0.0,2023-12-02,2026-12-01,False
BUS-007488,Bright Works,Free,1,0.0,2025-02-07,2027-02-07,False
BUS-007489,Cedar Bakery,Free,3,0.0,2026-01-04,2027-01-04,False
BUS-007490,Iron Group,Free,3,0.0,2023-09-16,2026-09-15,False
BUS-007491,Globex Supply,Mid,4,71.61,2024-09-28,2026-09-28,False
BUS-007492,Nova Studios,Mid,11,62.28,2023-12-26,2026-12-25,False
BUS-007493,Cobalt Health,Mid,17,65.79,2026-03-28,2027-03-28,False
BUS-007494,Nova Builders,Mid,10,89.47,2023-06-28,2026-06-27,False
BUS-007495,Apex Group,Mid,10,54.38,2024-01-30,2027-01-29,False
BUS-007496,Vertex Foods,Premium,67,741.91,2023-07-11,2026-07-10,False
BUS-007497,Initech Media,Free,1,0.0,2023-11-15,2026-11-14,False
BUS-007498,Acme Bakery,Free,2,0.0,2024-05-08,2027-05-08,False
BUS-007499,Nova Logistics,Mid,6,89.64,2025-02-16,2027-02-16,False
BUS-007500,Iron Logistics,Free,2,0.0,2024-03-13,2027-03-13,False
BUS-007501,Vertex Health,Free,3,0.0,2025-06-12,2026-06-12,False
BUS-007502,Iron Logistics,Mid,9,51.6,2025-09-03,2026-09-03,False
BUS-007503,Cedar Consulting,Free,2,0.0,2026-01-10,2027-01-10,False
BUS-007504,Bright Foods,Mid,15,45.16,2025-09-30,2026-09-30,False
BUS-007505,Quantum Bakery,Free,3,0.0,2025-11-10,2026-11-10,False
BUS-007506,Initech Foods,Premium,88,187.64,2025-09-29,2026-09-29,False
BUS-007507,Acme Builders,Free,3,0.0,2026-03-18,2027-03-18,False
BUS-007508,Summit Health,Premium,86,178.9,2023-12-01,2026-11-30,False
BUS-007509,Quantum Builders,Mid,3,83.9,2025-12-23,2026-12-23,False
BUS-007510,Initech Consulting,Premium,73,485.83,2025-10-26,2026-10-26,False
BUS-007511,Acme Group,Free,3,0.0,2026-01-13,2027-01-13,False
BUS-007512,Initech Health,Premium,16,534.3,2023-05-30,2027-05-29,False
BUS-007513,Bright Supply,Free,1,0.0,2023-12-08,2026-12-07,False
BUS-007514,Nova Builders,Free,2,0.0,2023-09-22,2026-09-21,False
BUS-007515,Cobalt Trading,Free,1,0.0,2024-01-17,2027-01-16,False
BUS-007516,Pioneer Studios,Mid,3,53.96,2023-06-07,2026-06-06,False
BUS-007517,Cedar Partners,Free,3,0.0,2026-04-11,2027-04-11,False
BUS-007518,Cobalt Consulting,Free,3,0.0,2024-07-13,2026-07-13,False
BUS-007519,Quantum Trading,Free,1,0.0,2026-02-25,2027-02-25,False
BUS-007520,Bright Logistics,Free,2,0.0,2025-12-23,2026-12-23,False
BUS-007521,Vertex Studios,Free,3,0.0,2023-11-25,2026-11-24,False
BUS-007522,Umbra Builders,Mid,12,51.26,2023-09-19,2026-09-18,False
BUS-007523,Vertex Auto,Mid,16,54.24,2023-07-03,2026-07-02,False
BUS-007524,Initech Labs,Free,3,0.0,2026-02-16,2027-02-16,False
BUS-007525,Stellar Builders,Free,2,0.0,2025-01-14,2027-01-14,False
BUS-007526,Cobalt Partners,Premium,27,739.99,2023-11-09,2026-11-08,False
BUS-007527,Vertex Group,Free,2,0.0,2024-08-16,2026-08-16,False
BUS-007528,Pioneer Builders,Free,1,0.0,2024-04-26,2027-04-26,False
BUS-007529,Vertex Logistics,Free,2,0.0,2024-11-26,2026-11-26,False
BUS-007530,Umbra Bakery,Free,3,0.0,2026-04-26,2027-04-26,False
BUS-007531,Apex Builders,Free,2,0.0,2023-08-31,2026-08-30,False
BUS-007532,Pioneer Auto,Mid,13,97.59,2025-10-06,2026-10-06,False
BUS-007533,Acme Retail,Mid,6,41.0,2025-03-11,2027-03-11,False
BUS-007534,Harbor Studios,Mid,6,38.22,2024-07-19,2026-07-19,False
BUS-007535,Nova Bakery,Mid,14,45.43,2024-10-11,2026-10-11,False
BUS-007536,Bright Media,Mid,12,54.46,2023-08-20,2026-08-19,False
BUS-007537,Stellar Foods,Premium,31,481.02,2023-08-03,2026-08-02,False
BUS-007538,Cedar Media,Free,1,0.0,2023-12-26,2026-12-25,False
BUS-007539,Vertex Health,Mid,14,66.62,2024-08-18,2026-08-18,False
BUS-007540,Apex Consulting,Free,3,0.0,2025-06-12,2026-06-12,False
BUS-007541,Iron Consulting,Free,2,0.0,2023-06-01,2027-05-31,False
BUS-007542,Bright Consulting,Mid,16,81.28,2023-10-22,2026-10-21,True
BUS-007543,Apex Labs,Mid,8,90.83,2023-09-29,2026-09-28,False
BUS-007544,Nova Studios,Free,2,0.0,2024-05-13,2027-05-13,False
BUS-007545,Bright Works,Free,1,0.0,2025-11-16,2026-11-16,False
BUS-007546,Initech Auto,Free,1,0.0,2025-12-25,2026-12-25,False
BUS-007547,Acme Retail,Free,1,0.0,2023-10-27,2026-10-26,False
BUS-007548,Iron Partners,Mid,15,36.68,2024-09-27,2026-09-27,False
BUS-007549,Bright Retail,Premium,58,660.71,2023-06-26,2026-06-25,False
BUS-007550,Cobalt Labs,Mid,4,46.55,2023-11-16,2026-11-15,False
BUS-007551,Quantum Consulting,Free,3,0.0,2024-06-22,2026-06-22,False
BUS-007552,Vertex Studios,Free,3,0.0,2025-12-01,2026-12-01,False
BUS-007553,Harbor Works,Mid,15,45.61,2024-02-25,2027-02-24,False
BUS-007554,Apex Builders,Mid,8,89.15,2023-08-12,2026-08-11,False
BUS-007555,Nova Consulting,Mid,8,37.96,2024-07-02,2026-07-02,False
BUS-007556,Cedar Group,Free,3,0.0,2025-03-10,2027-03-10,False
BUS-007557,Apex Bakery,Mid,13,48.82,2025-08-08,2026-08-08,False
BUS-007558,Initech Supply,Free,1,0.0,2023-10-31,2026-10-30,False
BUS-007559,Stellar Builders,Free,3,0.0,2023-12-01,2026-11-30,False
BUS-007560,Stellar Studios,Free,1,0.0,2024-03-08,2027-03-08,False
BUS-007561,Apex Labs,Mid,4,56.68,2023-06-12,2026-06-11,False
BUS-007562,Pioneer Partners,Free,1,0.0,2023-08-16,2026-08-15,False
BUS-007563,Stellar Labs,Mid,4,82.51,2024-12-18,2026-12-18,False
BUS-007564,Bright Consulting,Free,3,0.0,2024-06-21,2026-06-21,False
BUS-007565,Summit Logistics,Free,1,0.0,2024-03-10,2027-03-10,False
BUS-007566,Acme Supply,Free,2,0.0,2025-05-25,2027-05-25,False
BUS-007567,Summit Consulting,Mid,11,34.8,2026-04-27,2027-04-27,False
BUS-007568,Quantum Group,Premium,36,572.39,2026-03-13,2027-03-13,False
BUS-007569,Summit Builders,Free,3,0.0,2024-06-20,2026-06-20,False
BUS-007570,Umbra Retail,Mid,7,44.66,2023-08-09,2026-08-08,True
BUS-007571,Cobalt Group,Free,3,0.0,2023-07-27,2026-07-26,False
BUS-007572,Initech Logistics,Free,3,0.0,2025-01-31,2027-01-31,False
BUS-007573,Summit Foods,Mid,11,33.84,2024-08-19,2026-08-19,False
BUS-007574,Cobalt Media,Free,3,0.0,2023-09-17,2026-09-16,False
BUS-007575,Vertex Bakery,Premium,58,457.57,2024-11-15,2026-11-15,False
BUS-007576,Cobalt Builders,Mid,11,83.15,2026-02-26,2027-02-26,True
BUS-007577,Quantum Bakery,Free,3,0.0,2025-10-29,2026-10-29,False
BUS-007578,Iron Health,Free,2,0.0,2024-05-04,2027-05-04,False
BUS-007579,Nova Retail,Free,1,0.0,2026-01-07,2027-01-07,False
BUS-007580,Umbra Works,Free,1,0.0,2023-08-06,2026-08-05,False
BUS-007581,Cobalt Media,Mid,3,51.59,2024-12-20,2026-12-20,False
BUS-007582,Initech Media,Free,3,0.0,2025-10-28,2026-10-28,False
BUS-007583,Cedar Bakery,Mid,5,31.69,2025-02-11,2027-02-11,True
BUS-007584,Vertex Supply,Free,1,0.0,2023-10-19,2026-10-18,False
BUS-007585,Acme Auto,Free,3,0.0,2025-10-06,2026-10-06,False
BUS-007586,Initech Works,Free,1,0.0,2026-03-27,2027-03-27,False
BUS-007587,Apex Consulting,Mid,16,42.66,2024-07-10,2026-07-10,True
BUS-007588,Initech Retail,Free,3,0.0,2026-03-29,2027-03-29,False
BUS-007589,Summit Labs,Mid,3,42.36,2025-10-30,2026-10-30,False
BUS-007590,Apex Logistics,Free,2,0.0,2024-03-01,2027-03-01,False
BUS-007591,Iron Partners,Premium,40,639.58,2026-02-20,2027-02-20,False
BUS-007592,Globex Health,Free,2,0.0,2025-06-18,2026-06-18,False
BUS-007593,Bright Retail,Free,3,0.0,2026-04-20,2027-04-20,False
BUS-007594,Stellar Auto,Mid,17,91.95,2025-01-21,2027-01-21,False
BUS-007595,Bright Studios,Free,2,0.0,2025-04-16,2027-04-16,False
BUS-007596,Summit Builders,Free,1,0.0,2026-02-20,2027-02-20,False
BUS-007597,Quantum Trading,Free,1,0.0,2023-08-15,2026-08-14,False
BUS-007598,Umbra Retail,Premium,56,549.33,2024-06-11,2026-06-11,False
BUS-007599,Apex Works,Free,1,0.0,2026-03-05,2027-03-05,False
BUS-007600,Summit Labs,Free,3,0.0,2025-07-02,2026-07-02,False
BUS-007601,Harbor Group,Free,1,0.0,2025-03-18,2027-03-18,False
BUS-007602,Globex Foods,Free,1,0.0,2025-01-05,2027-01-05,False
BUS-007603,Pioneer Partners,Mid,6,76.27,2023-06-10,2026-06-09,False
BUS-007604,Harbor Labs,Free,1,0.0,2025-10-09,2026-10-09,False
BUS-007605,Nova Supply,Mid,3,85.68,2024-08-31,2026-08-31,True
BUS-007606,Summit Group,Free,1,0.0,2025-10-27,2026-10-27,False
BUS-007607,Cedar Supply,Free,3,0.0,2025-08-29,2026-08-29,False
BUS-007608,Cedar Auto,Free,1,0.0,2025-01-28,2027-01-28,False
BUS-007609,Apex Health,Premium,56,456.52,2024-09-17,2026-09-17,False
BUS-007610,Acme Studios,Mid,3,36.84,2025-09-30,2026-09-30,False
BUS-007611,Apex Auto,Free,1,0.0,2025-10-22,2026-10-22,False
BUS-007612,Apex Labs,Free,3,0.0,2026-04-20,2027-04-20,False
BUS-007613,Harbor Bakery,Mid,4,89.62,2024-05-20,2027-05-20,True
BUS-007614,Iron Partners,Premium,84,704.99,2024-02-26,2027-02-25,False
BUS-007615,Apex Consulting,Mid,15,31.46,2024-02-03,2027-02-02,True
BUS-007616,Summit Retail,Mid,13,74.62,2023-06-14,2026-06-13,False
BUS-007617,Cobalt Consulting,Mid,13,60.19,2023-12-16,2026-12-15,False
BUS-007618,Cobalt Logistics,Free,1,0.0,2024-11-24,2026-11-24,False
BUS-007619,Quantum Health,Premium,39,380.07,2024-06-08,2026-06-08,False
BUS-007620,Cedar Health,Free,2,0.0,2025-11-04,2026-11-04,False
BUS-007621,Iron Health,Mid,14,97.47,2023-09-17,2026-09-16,True
BUS-007622,Pioneer Auto,Free,1,0.0,2024-09-04,2026-09-04,False
BUS-007623,Globex Studios,Free,3,0.0,2026-01-20,2027-01-20,False
BUS-007624,Pioneer Health,Mid,17,31.29,2023-12-13,2026-12-12,False
BUS-007625,Cedar Studios,Free,2,0.0,2023-12-17,2026-12-16,False
BUS-007626,Initech Trading,Mid,14,39.73,2024-11-30,2026-11-30,False
BUS-007627,Vertex Builders,Premium,88,164.88,2023-06-03,2027-06-02,False
BUS-007628,Umbra Builders,Free,3,0.0,2023-06-01,2027-05-31,False
BUS-007629,Stellar Group,Mid,13,50.8,2026-02-09,2027-02-09,True
BUS-007630,Cobalt Trading,Free,2,0.0,2025-09-16,2026-09-16,False
BUS-007631,Harbor Retail,Mid,3,41.72,2024-04-21,2027-04-21,True
BUS-007632,Vertex Consulting,Mid,4,43.17,2025-10-25,2026-10-25,False
BUS-007633,Summit Logistics,Free,3,0.0,2024-05-25,2027-05-25,False
BUS-007634,Umbra Supply,Free,2,0.0,2026-03-01,2027-03-01,False
BUS-007635,Pioneer Builders,Free,2,0.0,2026-02-19,2027-02-19,False
BUS-007636,Stellar Supply,Mid,11,37.95,2025-04-15,2027-04-15,False
BUS-007637,Bright Auto,Mid,17,37.23,2025-06-03,2027-06-03,False
BUS-007638,Globex Supply,Free,1,0.0,2025-07-29,2026-07-29,False
BUS-007639,Cobalt Supply,Free,2,0.0,2024-01-18,2027-01-17,False
BUS-007640,Apex Consulting,Free,3,0.0,2024-05-06,2027-05-06,False
BUS-007641,Pioneer Trading,Free,1,0.0,2024-11-15,2026-11-15,False
BUS-007642,Nova Auto,Mid,4,75.41,2024-08-16,2026-08-16,False
BUS-007643,Bright Bakery,Free,1,0.0,2025-05-20,2027-05-20,False
BUS-007644,Harbor Bakery,Free,3,0.0,2024-05-29,2027-05-29,False
BUS-007645,Harbor Media,Free,3,0.0,2025-06-25,2026-06-25,False
BUS-007646,Bright Media,Free,1,0.0,2025-04-19,2027-04-19,False
BUS-007647,Globex Auto,Mid,4,67.57,2025-08-27,2026-08-27,False
BUS-007648,Harbor Retail,Free,1,0.0,2026-02-06,2027-02-06,False
BUS-007649,Quantum Labs,Free,2,0.0,2023-08-07,2026-08-06,False
BUS-007650,Summit Labs,Mid,11,45.75,2026-01-16,2027-01-16,False
BUS-007651,Iron Supply,Free,2,0.0,2023-09-05,2026-09-04,False
BUS-007652,Umbra Labs,Mid,14,78.2,2025-12-22,2026-12-22,False
BUS-007653,Iron Trading,Free,2,0.0,2025-10-09,2026-10-09,False
BUS-007654,Cedar Labs,Mid,10,50.53,2024-08-15,2026-08-15,False
BUS-007655,Quantum Works,Mid,12,96.06,2025-09-08,2026-09-08,False
BUS-007656,Harbor Auto,Mid,10,44.51,2024-08-17,2026-08-17,False
BUS-007657,Iron Consulting,Free,2,0.0,2024-07-29,2026-07-29,False
BUS-007658,Cobalt Retail,Mid,5,81.58,2025-01-25,2027-01-25,True
BUS-007659,Cobalt Trading,Free,2,0.0,2025-01-22,2027-01-22,False
BUS-007660,Globex Media,Free,3,0.0,2025-11-24,2026-11-24,False
BUS-007661,Cedar Logistics,Free,2,0.0,2025-09-23,2026-09-23,False
BUS-007662,Quantum Studios,Mid,7,43.38,2023-10-29,2026-10-28,False
BUS-007663,Bright Trading,Premium,74,416.37,2025-11-10,2026-11-10,False
BUS-007664,Cobalt Labs,Premium,90,202.05,2025-10-05,2026-10-05,False
BUS-007665,Quantum Group,Free,2,0.0,2025-04-18,2027-04-18,False
BUS-007666,Globex Logistics,Mid,10,47.52,2025-02-18,2027-02-18,False
BUS-007667,Cedar Retail,Free,1,0.0,2023-05-24,2027-05-23,False
BUS-007668,Cobalt Bakery,Free,1,0.0,2024-05-29,2027-05-29,False
BUS-007669,Umbra Health,Mid,14,69.31,2024-01-08,2027-01-07,True
BUS-007670,Iron Retail,Free,1,0.0,2026-03-14,2027-03-14,False
BUS-007671,Quantum Auto,Free,3,0.0,2023-08-22,2026-08-21,False
BUS-007672,Pioneer Group,Free,2,0.0,2024-07-11,2026-07-11,False
BUS-007673,Initech Bakery,Premium,67,691.63,2025-04-02,2027-04-02,False
BUS-007674,Quantum Partners,Mid,11,67.37,2025-05-09,2027-05-09,False
BUS-007675,Cedar Foods,Mid,3,30.97,2023-05-30,2027-05-29,False
BUS-007676,Summit Auto,Free,1,0.0,2025-08-22,2026-08-22,False
BUS-007677,Apex Auto,Free,3,0.0,2025-10-03,2026-10-03,False
BUS-007678,Cedar Logistics,Premium,11,461.45,2026-01-28,2027-01-28,False
BUS-007679,Nova Health,Free,3,0.0,2026-02-16,2027-02-16,False
BUS-007680,Vertex Group,Free,2,0.0,2025-04-21,2027-04-21,False
BUS-007681,Apex Trading,Free,1,0.0,2024-11-13,2026-11-13,False
BUS-007682,Stellar Logistics,Premium,79,424.51,2023-11-28,2026-11-27,False
BUS-007683,Initech Retail,Free,1,0.0,2025-10-25,2026-10-25,False
BUS-007684,Stellar Labs,Free,1,0.0,2025-06-28,2026-06-28,False
BUS-007685,Acme Foods,Free,1,0.0,2025-01-20,2027-01-20,False
BUS-007686,Apex Health,Free,1,0.0,2025-11-20,2026-11-20,False
BUS-007687,Cobalt Retail,Free,2,0.0,2025-04-21,2027-04-21,False
BUS-007688,Quantum Partners,Mid,9,68.85,2025-10-20,2026-10-20,False
BUS-007689,Umbra Logistics,Mid,17,78.91,2023-08-10,2026-08-09,False
BUS-007690,Pioneer Foods,Free,1,0.0,2025-04-20,2027-04-20,False
BUS-007691,Stellar Supply,Free,1,0.0,2025-11-05,2026-11-05,False
BUS-007692,Quantum Foods,Free,2,0.0,2026-01-19,2027-01-19,False
BUS-007693,Iron Supply,Free,1,0.0,2023-09-08,2026-09-07,False
BUS-007694,Summit Labs,Free,3,0.0,2023-07-30,2026-07-29,False
BUS-007695,Initech Labs,Free,2,0.0,2024-12-07,2026-12-07,False
BUS-007696,Initech Group,Free,1,0.0,2024-12-12,2026-12-12,False
BUS-007697,Quantum Works,Free,1,0.0,2025-05-14,2027-05-14,False
BUS-007698,Quantum Trading,Mid,6,72.12,2024-06-30,2026-06-30,False
BUS-007699,Umbra Builders,Mid,17,40.87,2025-04-23,2027-04-23,False
BUS-007700,Harbor Foods,Free,2,0.0,2024-12-09,2026-12-09,False
BUS-007701,Vertex Trading,Mid,9,71.3,2025-07-04,2026-07-04,False
BUS-007702,Bright Bakery,Free,3,0.0,2024-08-27,2026-08-27,False
BUS-007703,Quantum Trading,Premium,20,354.4,2025-06-12,2026-06-12,False
BUS-007704,Cedar Supply,Mid,9,64.88,2026-03-05,2027-03-05,True
BUS-007705,Initech Studios,Free,1,0.0,2024-10-14,2026-10-14,False
BUS-007706,Vertex Trading,Mid,3,47.87,2023-11-20,2026-11-19,True
BUS-007707,Summit Works,Premium,35,604.37,2025-08-15,2026-08-15,False
BUS-007708,Vertex Retail,Free,2,0.0,2024-01-31,2027-01-30,False
BUS-007709,Cobalt Foods,Mid,11,75.26,2023-12-15,2026-12-14,False
BUS-007710,Acme Group,Mid,5,85.84,2023-10-07,2026-10-06,False
BUS-007711,Initech Foods,Premium,34,516.73,2024-06-24,2026-06-24,False
BUS-007712,Bright Auto,Free,3,0.0,2026-01-24,2027-01-24,False
BUS-007713,Cedar Foods,Mid,7,35.21,2024-01-10,2027-01-09,False
BUS-007714,Quantum Partners,Premium,63,392.8,2024-12-21,2026-12-21,False
BUS-007715,Cedar Auto,Mid,16,56.01,2025-11-10,2026-11-10,False
BUS-007716,Cobalt Partners,Free,2,0.0,2023-10-20,2026-10-19,False
BUS-007717,Harbor Foods,Premium,56,487.72,2024-10-15,2026-10-15,False
BUS-007718,Stellar Works,Free,3,0.0,2023-06-19,2026-06-18,False
BUS-007719,Stellar Supply,Free,3,0.0,2025-05-29,2027-05-29,False
BUS-007720,Cedar Media,Free,1,0.0,2024-10-31,2026-10-31,False
BUS-007721,Cobalt Trading,Free,2,0.0,2024-02-26,2027-02-25,False
BUS-007722,Vertex Media,Free,2,0.0,2023-06-11,2026-06-10,False
BUS-007723,Umbra Labs,Mid,12,68.88,2025-12-09,2026-12-09,False
BUS-007724,Vertex Health,Premium,66,582.46,2025-03-04,2027-03-04,False
BUS-007725,Summit Retail,Free,3,0.0,2026-03-02,2027-03-02,False
BUS-007726,Bright Labs,Free,1,0.0,2025-06-17,2026-06-17,False
BUS-007727,Harbor Bakery,Free,2,0.0,2024-07-21,2026-07-21,False
BUS-007728,Iron Labs,Free,2,0.0,2025-10-08,2026-10-08,False
BUS-007729,Initech Foods,Premium,74,274.19,2025-03-07,2027-03-07,False
BUS-007730,Vertex Partners,Free,2,0.0,2026-02-27,2027-02-27,False
BUS-007731,Initech Supply,Mid,12,50.37,2024-04-29,2027-04-29,False
BUS-007732,Harbor Partners,Free,2,0.0,2024-04-17,2027-04-17,False
BUS-007733,Nova Logistics,Free,2,0.0,2025-02-24,2027-02-24,False
BUS-007734,Acme Media,Premium,97,693.95,2023-07-25,2026-07-24,False
BUS-007735,Cobalt Retail,Free,2,0.0,2024-07-29,2026-07-29,False
BUS-007736,Umbra Trading,Free,3,0.0,2024-09-30,2026-09-30,False
BUS-007737,Umbra Group,Mid,3,84.52,2023-12-03,2026-12-02,False
BUS-007738,Stellar Logistics,Premium,96,666.9,2024-06-01,2027-06-01,False
BUS-007739,Vertex Health,Free,2,0.0,2026-03-23,2027-03-23,False
BUS-007740,Iron Logistics,Free,2,0.0,2024-03-24,2027-03-24,False
BUS-007741,Quantum Supply,Free,2,0.0,2025-02-22,2027-02-22,False
BUS-007742,Pioneer Builders,Premium,67,346.88,2024-06-23,2026-06-23,False
BUS-007743,Stellar Builders,Free,1,0.0,2024-03-08,2027-03-08,False
BUS-007744,Vertex Health,Mid,5,59.25,2024-04-01,2027-04-01,False
BUS-007745,Globex Bakery,Mid,12,96.68,2024-02-05,2027-02-04,False
BUS-007746,Globex Health,Free,2,0.0,2023-06-10,2026-06-09,False
BUS-007747,Stellar Group,Free,3,0.0,2026-03-25,2027-03-25,False
BUS-007748,Harbor Bakery,Premium,49,465.87,2024-11-18,2026-11-18,False
BUS-007749,Umbra Foods,Free,3,0.0,2024-02-25,2027-02-24,False
BUS-007750,Vertex Retail,Premium,88,183.91,2025-06-01,2027-06-01,False
BUS-007751,Summit Retail,Premium,86,537.94,2024-09-15,2026-09-15,False
BUS-007752,Stellar Builders,Premium,18,561.9,2025-11-12,2026-11-12,False
BUS-007753,Acme Trading,Premium,51,348.22,2023-11-16,2026-11-15,False
BUS-007754,Apex Partners,Free,2,0.0,2024-02-03,2027-02-02,False
BUS-007755,Apex Retail,Free,1,0.0,2026-01-07,2027-01-07,False
BUS-007756,Stellar Works,Premium,54,418.05,2023-05-21,2027-05-20,False
BUS-007757,Globex Health,Mid,13,77.67,2025-09-23,2026-09-23,False
BUS-007758,Iron Partners,Free,2,0.0,2023-08-14,2026-08-13,False
BUS-007759,Nova Studios,Premium,72,513.72,2025-03-17,2027-03-17,False
BUS-007760,Cobalt Retail,Free,3,0.0,2024-03-11,2027-03-11,False
BUS-007761,Cobalt Media,Free,3,0.0,2023-12-23,2026-12-22,False
BUS-007762,Nova Labs,Free,2,0.0,2025-09-04,2026-09-04,False
BUS-007763,Cedar Health,Mid,7,53.41,2026-03-17,2027-03-17,False
BUS-007764,Apex Works,Free,3,0.0,2025-07-25,2026-07-25,False
BUS-007765,Quantum Supply,Free,2,0.0,2025-08-30,2026-08-30,False
BUS-007766,Bright Supply,Free,2,0.0,2023-06-03,2027-06-02,False
BUS-007767,Quantum Logistics,Mid,3,66.36,2023-08-28,2026-08-27,False
BUS-007768,Harbor Trading,Premium,48,223.32,2024-12-30,2026-12-30,False
BUS-007769,Summit Builders,Mid,17,73.63,2026-01-16,2027-01-16,False
BUS-007770,Globex Works,Free,1,0.0,2023-10-09,2026-10-08,False
BUS-007771,Harbor Studios,Free,2,0.0,2024-10-23,2026-10-23,False
BUS-007772,Globex Media,Free,2,0.0,2025-12-25,2026-12-25,False
BUS-007773,Cobalt Builders,Free,3,0.0,2025-06-04,2026-06-04,False
BUS-007774,Quantum Bakery,Premium,68,340.56,2025-10-31,2026-10-31,False
BUS-007775,Iron Consulting,Premium,58,628.71,2024-12-31,2026-12-31,False
BUS-007776,Umbra Labs,Premium,13,287.03,2024-01-08,2027-01-07,False
BUS-007777,Acme Partners,Mid,13,56.05,2023-07-26,2026-07-25,False
BUS-007778,Stellar Consulting,Free,1,0.0,2025-04-08,2027-04-08,False
BUS-007779,Cobalt Health,Premium,60,731.05,2023-10-22,2026-10-21,False
BUS-007780,Cobalt Partners,Mid,15,57.61,2024-12-19,2026-12-19,True
BUS-007781,Bright Group,Free,2,0.0,2025-04-28,2027-04-28,False
BUS-007782,Apex Foods,Mid,14,83.57,2023-05-20,2027-05-19,False
BUS-007783,Umbra Foods,Mid,15,69.32,2025-03-05,2027-03-05,False
BUS-007784,Bright Studios,Free,1,0.0,2025-07-17,2026-07-17,False
BUS-007785,Bright Health,Free,3,0.0,2023-06-13,2026-06-12,False
BUS-007786,Apex Auto,Free,2,0.0,2024-01-31,2027-01-30,False
BUS-007787,Harbor Foods,Mid,7,69.69,2023-10-21,2026-10-20,True
BUS-007788,Cedar Media,Free,2,0.0,2024-12-12,2026-12-12,False
BUS-007789,Iron Supply,Free,1,0.0,2025-09-23,2026-09-23,False
BUS-007790,Initech Consulting,Free,3,0.0,2026-03-01,2027-03-01,False
BUS-007791,Vertex Labs,Premium,88,299.72,2024-11-29,2026-11-29,False
BUS-007792,Pioneer Foods,Premium,96,503.53,2026-03-27,2027-03-27,False
BUS-007793,Apex Group,Premium,51,165.53,2024-05-08,2027-05-08,False
BUS-007794,Stellar Retail,Mid,12,32.76,2025-11-22,2026-11-22,False
BUS-007795,Summit Labs,Free,2,0.0,2025-08-05,2026-08-05,False
BUS-007796,Harbor Builders,Premium,25,706.71,2023-10-13,2026-10-12,False
BUS-007797,Initech Consulting,Mid,5,62.35,2023-06-10,2026-06-09,False
BUS-007798,Quantum Foods,Free,3,0.0,2025-03-26,2027-03-26,False
BUS-007799,Summit Studios,Free,2,0.0,2023-11-24,2026-11-23,False
BUS-007800,Cedar Media,Free,3,0.0,2024-11-02,2026-11-02,False
BUS-007801,Bright Consulting,Free,2,0.0,2025-11-14,2026-11-14,False
BUS-007802,Summit Logistics,Premium,56,181.83,2024-01-07,2027-01-06,False
BUS-007803,Initech Partners,Free,1,0.0,2024-08-14,2026-08-14,False
BUS-007804,Pioneer Studios,Premium,95,258.36,2024-01-20,2027-01-19,False
BUS-007805,Pioneer Auto,Free,3,0.0,2023-12-10,2026-12-09,False
BUS-007806,Nova Trading,Free,3,0.0,2025-12-25,2026-12-25,False
BUS-007807,Bright Works,Free,3,0.0,2024-10-07,2026-10-07,False
BUS-007808,Vertex Bakery,Mid,9,48.22,2026-01-18,2027-01-18,True
BUS-007809,Stellar Media,Premium,96,276.09,2024-06-20,2026-06-20,False
BUS-007810,Harbor Group,Premium,91,307.29,2025-05-01,2027-05-01,False
BUS-007811,Acme Partners,Free,3,0.0,2023-12-21,2026-12-20,False
BUS-007812,Summit Works,Mid,11,35.93,2024-12-12,2026-12-12,False
BUS-007813,Iron Builders,Mid,16,35.11,2024-11-24,2026-11-24,False
BUS-007814,Nova Builders,Mid,11,90.86,2024-07-24,2026-07-24,True
BUS-007815,Cedar Group,Free,2,0.0,2024-07-28,2026-07-28,False
BUS-007816,Bright Bakery,Mid,4,39.18,2024-02-02,2027-02-01,False
BUS-007817,Iron Retail,Free,3,0.0,2024-05-20,2027-05-20,False
BUS-007818,Harbor Builders,Mid,5,52.97,2026-05-02,2027-05-02,False
BUS-007819,Cedar Studios,Free,1,0.0,2024-12-08,2026-12-08,False
BUS-007820,Cedar Labs,Free,3,0.0,2024-07-17,2026-07-17,False
BUS-007821,Umbra Auto,Free,1,0.0,2025-02-27,2027-02-27,False
BUS-007822,Quantum Labs,Premium,16,723.5,2023-07-23,2026-07-22,False
BUS-007823,Globex Foods,Premium,53,560.72,2026-03-10,2027-03-10,False
BUS-007824,Vertex Supply,Mid,13,81.18,2025-03-02,2027-03-02,False
BUS-007825,Pioneer Auto,Free,2,0.0,2024-04-18,2027-04-18,False
BUS-007826,Summit Partners,Premium,58,641.37,2023-07-05,2026-07-04,False
BUS-007827,Quantum Foods,Free,2,0.0,2023-11-10,2026-11-09,False
BUS-007828,Acme Auto,Mid,12,70.63,2024-09-19,2026-09-19,False
BUS-007829,Pioneer Works,Free,3,0.0,2023-07-06,2026-07-05,False
BUS-007830,Acme Media,Free,3,0.0,2025-04-17,2027-04-17,False
BUS-007831,Quantum Works,Free,3,0.0,2023-06-26,2026-06-25,False
BUS-007832,Bright Auto,Free,1,0.0,2025-12-10,2026-12-10,False
BUS-007833,Acme Works,Mid,12,90.0,2023-05-30,2027-05-29,False
BUS-007834,Apex Works,Mid,8,90.84,2025-06-16,2026-06-16,False
BUS-007835,Iron Bakery,Free,1,0.0,2025-06-18,2026-06-18,False
BUS-007836,Iron Media,Premium,91,454.54,2024-05-04,2027-05-04,False
BUS-007837,Nova Trading,Free,3,0.0,2026-02-28,2027-02-28,False
BUS-007838,Globex Builders,Free,3,0.0,2025-08-18,2026-08-18,False
BUS-007839,Iron Health,Free,3,0.0,2026-01-28,2027-01-28,False
BUS-007840,Cedar Builders,Free,1,0.0,2024-02-08,2027-02-07,False
BUS-007841,Vertex Trading,Free,2,0.0,2025-04-10,2027-04-10,False
BUS-007842,Cedar Labs,Free,3,0.0,2024-11-27,2026-11-27,False
BUS-007843,Acme Bakery,Mid,6,74.48,2023-08-18,2026-08-17,True
BUS-007844,Apex Partners,Free,1,0.0,2025-03-29,2027-03-29,False
BUS-007845,Apex Builders,Premium,88,558.68,2025-12-08,2026-12-08,False
BUS-007846,Bright Group,Premium,65,199.53,2024-02-21,2027-02-20,False
BUS-007847,Cobalt Foods,Free,1,0.0,2026-03-06,2027-03-06,False
BUS-007848,Bright Auto,Free,2,0.0,2024-06-04,2026-06-04,False
BUS-007849,Quantum Bakery,Free,3,0.0,2026-03-14,2027-03-14,False
BUS-007850,Initech Supply,Premium,34,156.86,2026-04-24,2027-04-24,False
BUS-007851,Vertex Logistics,Free,3,0.0,2025-02-05,2027-02-05,False
BUS-007852,Globex Partners,Free,3,0.0,2026-01-29,2027-01-29,False
BUS-007853,Apex Builders,Free,3,0.0,2024-03-11,2027-03-11,False
BUS-007854,Acme Health,Free,1,0.0,2024-03-22,2027-03-22,False
BUS-007855,Umbra Supply,Free,3,0.0,2025-01-08,2027-01-08,False
BUS-007856,Summit Supply,Free,1,0.0,2025-08-10,2026-08-10,False
BUS-007857,Apex Trading,Mid,7,98.98,2023-09-06,2026-09-05,True
BUS-007858,Iron Consulting,Mid,3,60.1,2025-01-04,2027-01-04,False
BUS-007859,Globex Trading,Free,1,0.0,2025-09-05,2026-09-05,False
BUS-007860,Cedar Partners,Free,3,0.0,2026-03-13,2027-03-13,False
BUS-007861,Umbra Works,Mid,16,67.31,2026-01-29,2027-01-29,False
BUS-007862,Cedar Works,Free,2,0.0,2024-02-24,2027-02-23,False
BUS-007863,Pioneer Works,Mid,13,60.0,2024-06-26,2026-06-26,False
BUS-007864,Quantum Supply,Mid,10,71.48,2025-01-28,2027-01-28,False
BUS-007865,Initech Labs,Mid,16,80.98,2024-10-09,2026-10-09,False
BUS-007866,Cobalt Health,Mid,15,73.26,2025-02-13,2027-02-13,False
BUS-007867,Vertex Retail,Free,2,0.0,2024-07-29,2026-07-29,False
BUS-007868,Stellar Builders,Mid,11,30.31,2024-07-27,2026-07-27,False
BUS-007869,Acme Works,Premium,13,308.24,2025-05-13,2027-05-13,False
BUS-007870,Iron Auto,Mid,3,31.64,2024-02-20,2027-02-19,False
BUS-007871,Stellar Group,Free,2,0.0,2024-05-23,2027-05-23,False
BUS-007872,Nova Media,Mid,15,79.8,2023-12-17,2026-12-16,False
BUS-007873,Stellar Trading,Free,2,0.0,2025-07-20,2026-07-20,False
BUS-007874,Vertex Logistics,Free,2,0.0,2023-07-01,2026-06-30,False
BUS-007875,Quantum Foods,Free,1,0.0,2024-02-29,2027-02-28,False
BUS-007876,Cedar Labs,Premium,79,610.0,2026-01-16,2027-01-16,False
BUS-007877,Bright Logistics,Free,3,0.0,2023-06-14,2026-06-13,False
BUS-007878,Acme Health,Free,2,0.0,2023-07-11,2026-07-10,False
BUS-007879,Apex Media,Free,1,0.0,2026-01-01,2027-01-01,False
BUS-007880,Umbra Studios,Mid,15,62.51,2023-08-18,2026-08-17,True
BUS-007881,Umbra Labs,Free,3,0.0,2024-01-27,2027-01-26,False
BUS-007882,Bright Foods,Mid,17,36.63,2023-10-18,2026-10-17,False
BUS-007883,Bright Partners,Premium,26,201.15,2025-06-27,2026-06-27,False
BUS-007884,Umbra Logistics,Free,3,0.0,2023-10-23,2026-10-22,False
BUS-007885,Bright Group,Free,1,0.0,2024-02-16,2027-02-15,False
BUS-007886,Umbra Health,Free,3,0.0,2024-08-13,2026-08-13,False
BUS-007887,Summit Group,Free,1,0.0,2024-05-18,2027-05-18,False
BUS-007888,Iron Health,Free,2,0.0,2025-04-07,2027-04-07,False
BUS-007889,Iron Supply,Premium,53,253.44,2023-10-07,2026-10-06,False
BUS-007890,Cobalt Foods,Free,3,0.0,2023-08-02,2026-08-01,False
BUS-007891,Apex Trading,Mid,12,56.17,2024-03-01,2027-03-01,False
BUS-007892,Cobalt Labs,Free,1,0.0,2024-12-10,2026-12-10,False
BUS-007893,Pioneer Trading,Free,3,0.0,2026-03-31,2027-03-31,False
BUS-007894,Umbra Supply,Mid,15,75.23,2025-11-28,2026-11-28,False
BUS-007895,Summit Partners,Mid,13,81.62,2025-07-20,2026-07-20,False
BUS-007896,Initech Logistics,Premium,29,352.07,2023-12-29,2026-12-28,False
BUS-007897,Quantum Foods,Free,3,0.0,2024-05-29,2027-05-29,False
BUS-007898,Acme Group,Mid,11,84.15,2025-10-29,2026-10-29,False
BUS-007899,Initech Media,Free,3,0.0,2023-06-27,2026-06-26,False
BUS-007900,Stellar Labs,Mid,14,58.6,2026-01-15,2027-01-15,False
BUS-007901,Initech Retail,Premium,83,471.09,2024-05-15,2027-05-15,False
BUS-007902,Stellar Group,Free,1,0.0,2024-10-20,2026-10-20,False
BUS-007903,Globex Partners,Free,2,0.0,2023-05-20,2027-05-19,False
BUS-007904,Summit Partners,Free,3,0.0,2024-12-11,2026-12-11,False
BUS-007905,Umbra Group,Free,3,0.0,2024-11-17,2026-11-17,False
BUS-007906,Cobalt Health,Free,1,0.0,2025-10-23,2026-10-23,False
BUS-007907,Summit Partners,Free,3,0.0,2024-01-22,2027-01-21,False
BUS-007908,Nova Supply,Free,3,0.0,2025-03-19,2027-03-19,False
BUS-007909,Cobalt Labs,Free,3,0.0,2024-08-24,2026-08-24,False
BUS-007910,Vertex Trading,Mid,13,42.06,2024-06-16,2026-06-16,True
BUS-007911,Iron Partners,Mid,8,48.54,2025-06-22,2026-06-22,False
BUS-007912,Harbor Bakery,Premium,38,211.25,2025-04-16,2027-04-16,False
BUS-007913,Apex Supply,Free,3,0.0,2023-09-25,2026-09-24,False
BUS-007914,Umbra Works,Free,1,0.0,2024-11-26,2026-11-26,False
BUS-007915,Bright Media,Premium,42,306.74,2023-09-20,2026-09-19,False
BUS-007916,Apex Media,Mid,16,83.84,2024-08-21,2026-08-21,False
BUS-007917,Initech Partners,Premium,24,397.33,2025-05-05,2027-05-05,False
BUS-007918,Quantum Auto,Free,2,0.0,2025-10-03,2026-10-03,False
BUS-007919,Iron Labs,Mid,5,74.03,2024-09-03,2026-09-03,False
BUS-007920,Iron Builders,Mid,16,52.9,2026-03-18,2027-03-18,False
BUS-007921,Bright Health,Mid,14,66.86,2026-02-04,2027-02-04,False
BUS-007922,Umbra Foods,Free,3,0.0,2024-09-01,2026-09-01,False
BUS-007923,Vertex Works,Free,1,0.0,2025-09-03,2026-09-03,False
BUS-007924,Stellar Auto,Free,2,0.0,2025-01-08,2027-01-08,False
BUS-007925,Pioneer Studios,Mid,11,42.35,2025-08-16,2026-08-16,False
BUS-007926,Apex Labs,Free,3,0.0,2025-09-03,2026-09-03,False
BUS-007927,Cobalt Group,Mid,17,55.52,2024-12-12,2026-12-12,False
BUS-007928,Umbra Bakery,Mid,8,51.8,2025-09-28,2026-09-28,False
BUS-007929,Summit Works,Mid,12,75.91,2026-02-27,2027-02-27,False
BUS-007930,Vertex Foods,Premium,82,534.53,2025-11-23,2026-11-23,False
BUS-007931,Acme Bakery,Premium,50,461.87,2024-10-05,2026-10-05,False
BUS-007932,Nova Works,Free,2,0.0,2025-12-05,2026-12-05,False
BUS-007933,Apex Media,Premium,99,213.07,2024-07-15,2026-07-15,False
BUS-007934,Umbra Works,Free,3,0.0,2026-04-25,2027-04-25,False
BUS-007935,Acme Labs,Free,2,0.0,2024-12-04,2026-12-04,False
BUS-007936,Globex Supply,Mid,3,85.53,2025-06-11,2026-06-11,True
BUS-007937,Harbor Health,Free,1,0.0,2024-02-28,2027-02-27,False
BUS-007938,Iron Group,Free,3,0.0,2024-12-19,2026-12-19,False
BUS-007939,Harbor Works,Free,1,0.0,2024-01-04,2027-01-03,False
BUS-007940,Quantum Supply,Premium,77,158.55,2025-05-24,2027-05-24,False
BUS-007941,Globex Labs,Free,1,0.0,2024-01-08,2027-01-07,False
BUS-007942,Umbra Labs,Mid,8,70.57,2026-03-13,2027-03-13,False
BUS-007943,Acme Media,Free,1,0.0,2026-05-04,2027-05-04,False
BUS-007944,Cobalt Consulting,Premium,68,472.85,2024-02-11,2027-02-10,False
BUS-007945,Stellar Labs,Mid,13,89.29,2025-06-22,2026-06-22,True
BUS-007946,Bright Consulting,Free,1,0.0,2025-12-27,2026-12-27,False
BUS-007947,Apex Supply,Premium,36,673.86,2023-09-20,2026-09-19,False
BUS-007948,Initech Auto,Free,2,0.0,2024-10-30,2026-10-30,False
BUS-007949,Iron Labs,Premium,99,190.66,2026-01-03,2027-01-03,False
BUS-007950,Vertex Health,Mid,13,92.63,2023-10-17,2026-10-16,False
BUS-007951,Quantum Health,Mid,17,40.83,2024-01-18,2027-01-17,False
BUS-007952,Cobalt Builders,Mid,14,91.74,2025-03-20,2027-03-20,False
BUS-007953,Quantum Foods,Mid,8,72.63,2026-01-16,2027-01-16,False
BUS-007954,Pioneer Works,Free,3,0.0,2023-07-07,2026-07-06,False
BUS-007955,Stellar Bakery,Mid,5,92.46,2025-02-06,2027-02-06,False
BUS-007956,Pioneer Media,Premium,20,547.57,2026-03-11,2027-03-11,False
BUS-007957,Acme Studios,Premium,81,442.95,2025-03-05,2027-03-05,False
BUS-007958,Summit Logistics,Mid,4,49.03,2026-01-08,2027-01-08,False
BUS-007959,Vertex Trading,Free,3,0.0,2024-07-02,2026-07-02,False
BUS-007960,Umbra Builders,Free,3,0.0,2023-06-29,2026-06-28,False
BUS-007961,Initech Bakery,Free,2,0.0,2025-11-20,2026-11-20,False
BUS-007962,Cedar Media,Free,1,0.0,2023-06-18,2026-06-17,False
BUS-007963,Cedar Trading,Mid,7,67.52,2023-08-18,2026-08-17,False
BUS-007964,Apex Auto,Mid,12,90.81,2023-12-25,2026-12-24,False
BUS-007965,Acme Trading,Mid,16,31.55,2023-07-29,2026-07-28,False
BUS-007966,Initech Partners,Mid,13,31.58,2023-10-12,2026-10-11,False
BUS-007967,Iron Media,Free,1,0.0,2024-07-14,2026-07-14,False
BUS-007968,Pioneer Group,Mid,13,93.53,2025-08-14,2026-08-14,False
BUS-007969,Bright Labs,Free,3,0.0,2024-11-01,2026-11-01,False
BUS-007970,Nova Retail,Free,2,0.0,2025-09-19,2026-09-19,False
BUS-007971,Vertex Health,Free,1,0.0,2024-10-22,2026-10-22,False
BUS-007972,Acme Studios,Mid,13,49.98,2023-08-18,2026-08-17,False
BUS-007973,Apex Works,Premium,54,219.65,2026-02-12,2027-02-12,False
BUS-007974,Globex Auto,Premium,49,566.65,2023-12-16,2026-12-15,False
BUS-007975,Cobalt Partners,Mid,10,78.24,2025-06-12,2026-06-12,False
BUS-007976,Globex Retail,Free,2,0.0,2024-12-23,2026-12-23,False
BUS-007977,Umbra Trading,Free,1,0.0,2026-03-05,2027-03-05,False
BUS-007978,Quantum Builders,Free,3,0.0,2023-12-31,2026-12-30,False
BUS-007979,Cedar Studios,Mid,7,73.93,2025-11-21,2026-11-21,False
BUS-007980,Stellar Labs,Free,1,0.0,2025-06-17,2026-06-17,False
BUS-007981,Pioneer Works,Free,3,0.0,2023-09-01,2026-08-31,False
BUS-007982,Cobalt Supply,Free,2,0.0,2025-04-16,2027-04-16,False
BUS-007983,Pioneer Auto,Free,2,0.0,2024-04-27,2027-04-27,False
BUS-007984,Harbor Supply,Free,3,0.0,2024-01-08,2027-01-07,False
BUS-007985,Apex Builders,Premium,56,164.68,2023-12-14,2026-12-13,False
BUS-007986,Apex Health,Premium,74,436.17,2025-05-26,2027-05-26,False
BUS-007987,Globex Trading,Premium,75,433.78,2025-01-30,2027-01-30,False
BUS-007988,Cedar Supply,Free,2,0.0,2024-05-13,2027-05-13,False
BUS-007989,Pioneer Studios,Mid,8,89.4,2025-01-01,2027-01-01,False
BUS-007990,Iron Labs,Mid,13,73.87,2023-06-28,2026-06-27,False
BUS-007991,Pioneer Trading,Free,1,0.0,2024-08-05,2026-08-05,False
BUS-007992,Stellar Retail,Free,3,0.0,2024-03-06,2027-03-06,False
BUS-007993,Umbra Logistics,Free,2,0.0,2024-06-18,2026-06-18,False
BUS-007994,Umbra Retail,Free,3,0.0,2024-02-18,2027-02-17,False
BUS-007995,Pioneer Media,Free,2,0.0,2024-04-19,2027-04-19,False
BUS-007996,Stellar Foods,Mid,5,42.47,2023-05-26,2027-05-25,False
BUS-007997,Iron Works,Premium,92,241.06,2025-11-29,2026-11-29,False
BUS-007998,Apex Works,Mid,4,66.39,2025-09-25,2026-09-25,False
BUS-007999,Cedar Labs,Mid,10,50.62,2025-04-03,2027-04-03,False
BUS-008000,Iron Bakery,Premium,76,349.1,2025-06-21,2026-06-21,False
BUS-008001,Cobalt Builders,Premium,38,560.67,2024-10-26,2026-10-26,False
BUS-008002,Cobalt Supply,Premium,36,731.57,2024-08-16,2026-08-16,False
BUS-008003,Bright Logistics,Mid,11,67.32,2025-02-24,2027-02-24,False
BUS-008004,Cobalt Works,Free,3,0.0,2025-10-31,2026-10-31,False
BUS-008005,Globex Health,Free,3,0.0,2024-07-26,2026-07-26,False
BUS-008006,Harbor Consulting,Free,3,0.0,2024-01-07,2027-01-06,False
BUS-008007,Acme Media,Mid,17,78.6,2026-02-19,2027-02-19,False
BUS-008008,Bright Labs,Free,1,0.0,2025-08-03,2026-08-03,False
BUS-008009,Summit Trading,Free,3,0.0,2023-08-05,2026-08-04,False
BUS-008010,Harbor Auto,Free,3,0.0,2024-08-24,2026-08-24,False
BUS-008011,Harbor Auto,Free,2,0.0,2023-12-19,2026-12-18,False
BUS-008012,Initech Foods,Mid,16,36.59,2025-05-20,2027-05-20,False
BUS-008013,Iron Retail,Free,3,0.0,2024-12-25,2026-12-25,False
BUS-008014,Pioneer Health,Free,3,0.0,2024-12-25,2026-12-25,False
BUS-008015,Cedar Media,Free,3,0.0,2025-01-06,2027-01-06,False
BUS-008016,Globex Consulting,Mid,5,44.13,2024-04-07,2027-04-07,False
BUS-008017,Initech Bakery,Free,2,0.0,2023-07-16,2026-07-15,False
BUS-008018,Stellar Media,Mid,5,86.77,2023-09-25,2026-09-24,False
BUS-008019,Bright Retail,Free,2,0.0,2025-08-20,2026-08-20,False
BUS-008020,Nova Retail,Free,3,0.0,2026-01-12,2027-01-12,False
BUS-008021,Nova Logistics,Free,2,0.0,2026-02-25,2027-02-25,False
BUS-008022,Cobalt Supply,Free,2,0.0,2026-04-29,2027-04-29,False
BUS-008023,Stellar Retail,Free,2,0.0,2024-10-21,2026-10-21,False
BUS-008024,Vertex Supply,Free,2,0.0,2026-04-30,2027-04-30,False
BUS-008025,Apex Builders,Premium,36,297.38,2024-04-14,2027-04-14,False
BUS-008026,Cobalt Trading,Free,2,0.0,2025-05-02,2027-05-02,False
BUS-008027,Initech Builders,Mid,8,40.55,2024-04-27,2027-04-27,False
BUS-008028,Umbra Partners,Mid,14,45.94,2024-05-16,2027-05-16,False
BUS-008029,Pioneer Trading,Free,1,0.0,2024-03-15,2027-03-15,False
BUS-008030,Pioneer Consulting,Free,3,0.0,2024-08-04,2026-08-04,False
BUS-008031,Quantum Media,Free,3,0.0,2025-07-18,2026-07-18,False
BUS-008032,Vertex Builders,Free,2,0.0,2025-06-24,2026-06-24,False
BUS-008033,Quantum Trading,Free,2,0.0,2024-04-27,2027-04-27,False
BUS-008034,Acme Labs,Mid,17,35.38,2025-09-09,2026-09-09,False
BUS-008035,Cobalt Auto,Free,3,0.0,2025-08-01,2026-08-01,False
BUS-008036,Globex Auto,Mid,5,43.74,2026-01-19,2027-01-19,False
BUS-008037,Quantum Media,Free,3,0.0,2025-01-28,2027-01-28,False
BUS-008038,Quantum Auto,Free,2,0.0,2024-02-02,2027-02-01,False
BUS-008039,Stellar Works,Mid,4,66.81,2025-06-23,2026-06-23,False
BUS-008040,Globex Auto,Free,2,0.0,2026-02-07,2027-02-07,False
BUS-008041,Stellar Labs,Mid,10,79.8,2025-03-03,2027-03-03,False
BUS-008042,Apex Supply,Free,3,0.0,2025-08-20,2026-08-20,False
BUS-008043,Acme Health,Free,3,0.0,2024-09-20,2026-09-20,False
BUS-008044,Umbra Works,Free,2,0.0,2026-03-12,2027-03-12,False
BUS-008045,Harbor Trading,Mid,3,53.32,2024-02-22,2027-02-21,False
BUS-008046,Cobalt Studios,Mid,8,67.44,2024-02-12,2027-02-11,False
BUS-008047,Vertex Trading,Free,1,0.0,2024-09-19,2026-09-19,False
BUS-008048,Apex Foods,Free,1,0.0,2025-12-30,2026-12-30,False
BUS-008049,Cobalt Bakery,Mid,12,37.35,2026-02-17,2027-02-17,False
BUS-008050,Initech Logistics,Mid,6,56.73,2024-12-25,2026-12-25,False
BUS-008051,Nova Supply,Mid,14,40.29,2026-01-23,2027-01-23,False
BUS-008052,Vertex Group,Free,1,0.0,2025-02-16,2027-02-16,False
BUS-008053,Nova Health,Mid,17,98.03,2025-08-30,2026-08-30,False
BUS-008054,Nova Consulting,Premium,48,231.82,2024-11-15,2026-11-15,False
BUS-008055,Quantum Studios,Free,1,0.0,2025-07-04,2026-07-04,False
BUS-008056,Iron Consulting,Mid,3,31.06,2025-10-19,2026-10-19,False
BUS-008057,Cedar Foods,Free,3,0.0,2025-06-09,2026-06-09,False
BUS-008058,Umbra Foods,Free,3,0.0,2023-08-08,2026-08-07,False
BUS-008059,Apex Bakery,Free,1,0.0,2024-07-13,2026-07-13,False
BUS-008060,Cedar Group,Mid,10,99.82,2025-04-23,2027-04-23,False
BUS-008061,Iron Works,Mid,15,56.31,2026-01-10,2027-01-10,False
BUS-008062,Acme Retail,Mid,8,45.09,2025-12-14,2026-12-14,False
BUS-008063,Globex Supply,Free,2,0.0,2026-02-12,2027-02-12,False
BUS-008064,Globex Studios,Free,1,0.0,2024-03-24,2027-03-24,False
BUS-008065,Harbor Group,Free,1,0.0,2025-08-28,2026-08-28,False
BUS-008066,Bright Logistics,Free,3,0.0,2025-06-03,2027-06-03,False
BUS-008067,Vertex Studios,Free,1,0.0,2023-12-07,2026-12-06,False
BUS-008068,Iron Works,Free,3,0.0,2023-09-14,2026-09-13,False
BUS-008069,Summit Retail,Free,3,0.0,2025-04-26,2027-04-26,False
BUS-008070,Vertex Consulting,Premium,29,188.42,2023-12-01,2026-11-30,False
BUS-008071,Stellar Logistics,Free,1,0.0,2025-02-02,2027-02-02,False
BUS-008072,Vertex Retail,Free,2,0.0,2025-05-08,2027-05-08,False
BUS-008073,Nova Partners,Free,1,0.0,2024-03-07,2027-03-07,False
BUS-008074,Globex Bakery,Mid,15,70.66,2024-09-15,2026-09-15,False
BUS-008075,Harbor Consulting,Premium,48,194.65,2024-08-05,2026-08-05,False
BUS-008076,Pioneer Supply,Free,1,0.0,2024-12-05,2026-12-05,False
BUS-008077,Quantum Foods,Free,1,0.0,2023-05-31,2027-05-30,False
BUS-008078,Cedar Group,Premium,99,536.47,2026-02-23,2027-02-23,False
BUS-008079,Stellar Works,Premium,98,729.25,2025-04-12,2027-04-12,False
BUS-008080,Harbor Foods,Free,2,0.0,2025-03-28,2027-03-28,False
BUS-008081,Pioneer Logistics,Free,3,0.0,2023-11-01,2026-10-31,False
BUS-008082,Globex Builders,Mid,15,94.84,2026-03-21,2027-03-21,False
BUS-008083,Pioneer Trading,Free,2,0.0,2024-04-24,2027-04-24,False
BUS-008084,Cobalt Studios,Free,1,0.0,2024-05-27,2027-05-27,False
BUS-008085,Acme Labs,Free,3,0.0,2025-04-08,2027-04-08,False
BUS-008086,Initech Group,Free,3,0.0,2023-12-24,2026-12-23,False
BUS-008087,Iron Health,Mid,7,65.21,2024-09-01,2026-09-01,False
BUS-008088,Vertex Bakery,Free,3,0.0,2024-05-18,2027-05-18,False
BUS-008089,Apex Auto,Free,1,0.0,2024-04-13,2027-04-13,False
BUS-008090,Nova Studios,Free,3,0.0,2024-03-15,2027-03-15,False
BUS-008091,Vertex Media,Free,3,0.0,2026-05-03,2027-05-03,False
BUS-008092,Umbra Bakery,Mid,13,77.82,2024-11-09,2026-11-09,False
BUS-008093,Bright Consulting,Mid,3,92.45,2024-04-11,2027-04-11,False
BUS-008094,Acme Builders,Mid,4,40.0,2024-01-20,2027-01-19,False
BUS-008095,Cobalt Trading,Premium,50,491.05,2024-08-24,2026-08-24,False
BUS-008096,Vertex Health,Free,2,0.0,2024-11-04,2026-11-04,False
BUS-008097,Harbor Builders,Mid,8,83.18,2025-06-19,2026-06-19,True
BUS-008098,Initech Health,Premium,38,234.14,2024-01-20,2027-01-19,False
BUS-008099,Cobalt Logistics,Premium,48,671.09,2025-03-05,2027-03-05,False
BUS-008100,Stellar Bakery,Free,3,0.0,2024-11-05,2026-11-05,False
BUS-008101,Bright Foods,Free,1,0.0,2024-06-17,2026-06-17,False
BUS-008102,Initech Consulting,Mid,3,73.34,2024-04-17,2027-04-17,False
BUS-008103,Apex Builders,Free,2,0.0,2025-06-04,2026-06-04,False
BUS-008104,Iron Supply,Mid,7,60.66,2023-09-28,2026-09-27,True
BUS-008105,Bright Foods,Free,1,0.0,2023-07-03,2026-07-02,False
BUS-008106,Iron Logistics,Free,3,0.0,2026-03-04,2027-03-04,False
BUS-008107,Summit Health,Mid,14,34.84,2026-02-18,2027-02-18,True
BUS-008108,Apex Health,Free,1,0.0,2024-04-03,2027-04-03,False
BUS-008109,Cobalt Health,Premium,23,217.48,2023-06-27,2026-06-26,False
BUS-008110,Initech Trading,Mid,13,31.38,2024-10-09,2026-10-09,False
BUS-008111,Stellar Logistics,Mid,15,80.62,2023-11-17,2026-11-16,True
BUS-008112,Summit Retail,Mid,15,50.54,2025-05-15,2027-05-15,False
BUS-008113,Globex Builders,Free,2,0.0,2024-09-19,2026-09-19,False
BUS-008114,Iron Trading,Free,1,0.0,2026-01-04,2027-01-04,False
BUS-008115,Pioneer Auto,Mid,7,77.95,2025-03-07,2027-03-07,True
BUS-008116,Harbor Trading,Mid,6,36.17,2023-05-31,2027-05-30,False
BUS-008117,Iron Auto,Free,1,0.0,2023-12-05,2026-12-04,False
BUS-008118,Initech Media,Mid,7,38.12,2023-05-31,2027-05-30,False
BUS-008119,Umbra Builders,Free,3,0.0,2024-05-15,2027-05-15,False
BUS-008120,Initech Media,Mid,17,62.05,2026-01-19,2027-01-19,False
BUS-008121,Umbra Bakery,Mid,11,57.18,2025-10-02,2026-10-02,False
BUS-008122,Vertex Partners,Free,3,0.0,2023-11-27,2026-11-26,False
BUS-008123,Cedar Bakery,Mid,7,44.55,2024-04-07,2027-04-07,False
BUS-008124,Harbor Labs,Free,1,0.0,2023-12-23,2026-12-22,False
BUS-008125,Pioneer Retail,Mid,14,91.13,2025-04-17,2027-04-17,False
BUS-008126,Cobalt Retail,Free,3,0.0,2026-02-20,2027-02-20,False
BUS-008127,Nova Labs,Free,1,0.0,2025-04-17,2027-04-17,False
BUS-008128,Summit Media,Free,2,0.0,2026-02-28,2027-02-28,False
BUS-008129,Bright Trading,Mid,14,42.38,2026-03-25,2027-03-25,False
BUS-008130,Quantum Foods,Mid,9,77.2,2025-08-15,2026-08-15,False
BUS-008131,Quantum Logistics,Free,1,0.0,2026-04-04,2027-04-04,False
BUS-008132,Acme Bakery,Mid,12,98.82,2024-10-31,2026-10-31,False
BUS-008133,Umbra Studios,Free,3,0.0,2023-10-22,2026-10-21,False
BUS-008134,Iron Health,Mid,16,85.47,2025-04-21,2027-04-21,False
BUS-008135,Pioneer Builders,Mid,8,79.7,2024-11-24,2026-11-24,False
BUS-008136,Bright Builders,Mid,7,79.54,2026-02-03,2027-02-03,True
BUS-008137,Apex Group,Mid,10,47.0,2023-11-29,2026-11-28,False
BUS-008138,Globex Media,Premium,80,187.53,2025-11-15,2026-11-15,False
BUS-008139,Iron Studios,Free,1,0.0,2025-07-31,2026-07-31,False
BUS-008140,Cobalt Foods,Mid,6,31.35,2023-12-14,2026-12-13,False
BUS-008141,Acme Studios,Mid,10,62.11,2025-12-19,2026-12-19,True
BUS-008142,Quantum Auto,Free,1,0.0,2023-07-09,2026-07-08,False
BUS-008143,Stellar Bakery,Free,3,0.0,2025-02-10,2027-02-10,False
BUS-008144,Vertex Foods,Premium,68,495.8,2026-01-12,2027-01-12,False
BUS-008145,Acme Logistics,Mid,9,35.87,2024-03-02,2027-03-02,False
BUS-008146,Umbra Studios,Free,1,0.0,2024-07-07,2026-07-07,False
BUS-008147,Bright Group,Free,2,0.0,2026-01-06,2027-01-06,False
BUS-008148,Acme Foods,Mid,4,89.56,2026-03-25,2027-03-25,False
BUS-008149,Cobalt Retail,Mid,14,69.76,2023-08-31,2026-08-30,False
BUS-008150,Stellar Retail,Mid,3,84.22,2024-01-01,2026-12-31,False
BUS-008151,Apex Supply,Mid,12,75.37,2024-05-25,2027-05-25,True
BUS-008152,Acme Trading,Mid,10,59.97,2024-06-06,2026-06-06,False
BUS-008153,Stellar Trading,Free,1,0.0,2026-01-15,2027-01-15,False
BUS-008154,Pioneer Trading,Free,3,0.0,2025-04-17,2027-04-17,False
BUS-008155,Pioneer Group,Mid,12,83.31,2026-02-20,2027-02-20,False
BUS-008156,Initech Studios,Premium,49,629.99,2024-09-22,2026-09-22,False
BUS-008157,Apex Trading,Free,2,0.0,2025-12-21,2026-12-21,False
BUS-008158,Globex Works,Free,3,0.0,2025-05-01,2027-05-01,False
BUS-008159,Umbra Health,Free,3,0.0,2025-09-06,2026-09-06,False
BUS-008160,Acme Foods,Mid,11,44.73,2023-07-29,2026-07-28,False
BUS-008161,Iron Builders,Free,1,0.0,2023-10-26,2026-10-25,False
BUS-008162,Bright Works,Mid,14,36.55,2025-09-03,2026-09-03,False
BUS-008163,Cedar Retail,Free,1,0.0,2026-02-10,2027-02-10,False
BUS-008164,Umbra Media,Mid,8,74.92,2025-03-23,2027-03-23,False
BUS-008165,Harbor Trading,Mid,8,75.12,2025-08-07,2026-08-07,False
BUS-008166,Stellar Trading,Mid,6,87.63,2024-02-18,2027-02-17,True
BUS-008167,Bright Works,Free,2,0.0,2024-09-15,2026-09-15,False
BUS-008168,Stellar Media,Premium,60,433.19,2024-04-12,2027-04-12,False
BUS-008169,Summit Retail,Premium,50,299.0,2023-07-28,2026-07-27,False
BUS-008170,Globex Works,Mid,5,64.75,2023-06-08,2026-06-07,True
BUS-008171,Stellar Partners,Free,3,0.0,2026-03-13,2027-03-13,False
BUS-008172,Acme Foods,Free,1,0.0,2025-09-10,2026-09-10,False
BUS-008173,Quantum Builders,Mid,15,90.58,2023-07-10,2026-07-09,True
BUS-008174,Iron Auto,Premium,61,155.78,2026-03-15,2027-03-15,False
BUS-008175,Umbra Supply,Free,3,0.0,2024-05-10,2027-05-10,False
BUS-008176,Cobalt Supply,Free,3,0.0,2026-03-28,2027-03-28,False
BUS-008177,Cedar Foods,Free,2,0.0,2026-01-26,2027-01-26,False
BUS-008178,Bright Studios,Mid,7,82.14,2024-02-08,2027-02-07,False
BUS-008179,Iron Studios,Free,1,0.0,2023-09-23,2026-09-22,False
BUS-008180,Cedar Trading,Free,1,0.0,2024-06-06,2026-06-06,False
BUS-008181,Vertex Health,Free,2,0.0,2026-03-26,2027-03-26,False
BUS-008182,Nova Logistics,Premium,62,363.42,2024-06-25,2026-06-25,False
BUS-008183,Cedar Retail,Mid,12,52.19,2023-07-01,2026-06-30,False
BUS-008184,Initech Trading,Mid,13,70.95,2024-10-19,2026-10-19,False
BUS-008185,Iron Group,Free,3,0.0,2024-09-09,2026-09-09,False
BUS-008186,Summit Builders,Free,3,0.0,2024-08-20,2026-08-20,False
BUS-008187,Iron Foods,Free,3,0.0,2025-01-30,2027-01-30,False
BUS-008188,Globex Media,Free,3,0.0,2026-02-18,2027-02-18,False
BUS-008189,Summit Works,Free,1,0.0,2023-09-19,2026-09-18,False
BUS-008190,Stellar Builders,Free,1,0.0,2025-10-02,2026-10-02,False
BUS-008191,Acme Consulting,Free,3,0.0,2026-04-02,2027-04-02,False
BUS-008192,Cobalt Media,Free,3,0.0,2025-05-30,2027-05-30,False
BUS-008193,Apex Logistics,Free,1,0.0,2024-09-07,2026-09-07,False
BUS-008194,Bright Partners,Free,1,0.0,2025-09-18,2026-09-18,False
BUS-008195,Bright Trading,Free,1,0.0,2023-05-29,2027-05-28,False
BUS-008196,Harbor Works,Free,2,0.0,2023-12-12,2026-12-11,False
BUS-008197,Nova Auto,Free,1,0.0,2024-08-07,2026-08-07,False
BUS-008198,Harbor Builders,Mid,8,68.67,2025-02-11,2027-02-11,False
BUS-008199,Harbor Labs,Mid,17,32.91,2024-08-27,2026-08-27,False
BUS-008200,Stellar Builders,Mid,17,70.2,2024-02-07,2027-02-06,False
BUS-008201,Umbra Builders,Free,2,0.0,2026-03-19,2027-03-19,False
BUS-008202,Globex Studios,Free,3,0.0,2024-02-23,2027-02-22,False
BUS-008203,Quantum Logistics,Mid,9,85.56,2025-01-28,2027-01-28,False
BUS-008204,Cobalt Labs,Free,1,0.0,2026-03-20,2027-03-20,False
BUS-008205,Globex Health,Free,3,0.0,2025-10-03,2026-10-03,False
BUS-008206,Initech Auto,Mid,14,64.73,2023-12-16,2026-12-15,False
BUS-008207,Quantum Builders,Free,3,0.0,2025-01-27,2027-01-27,False
BUS-008208,Cedar Auto,Mid,4,42.55,2023-05-20,2027-05-19,True
BUS-008209,Stellar Retail,Free,1,0.0,2023-06-29,2026-06-28,False
BUS-008210,Summit Studios,Mid,11,66.46,2024-08-19,2026-08-19,False
BUS-008211,Quantum Studios,Premium,13,424.71,2024-08-11,2026-08-11,False
BUS-008212,Globex Trading,Free,1,0.0,2024-05-06,2027-05-06,False
BUS-008213,Iron Media,Free,2,0.0,2023-11-01,2026-10-31,False
BUS-008214,Stellar Media,Free,1,0.0,2024-07-16,2026-07-16,False
BUS-008215,Globex Foods,Free,3,0.0,2024-03-10,2027-03-10,False
BUS-008216,Stellar Supply,Free,2,0.0,2025-03-03,2027-03-03,False
BUS-008217,Cobalt Builders,Free,1,0.0,2024-12-02,2026-12-02,False
BUS-008218,Bright Foods,Free,2,0.0,2025-10-26,2026-10-26,False
BUS-008219,Bright Logistics,Free,2,0.0,2023-11-22,2026-11-21,False
BUS-008220,Cedar Foods,Mid,11,91.67,2025-06-18,2026-06-18,False
BUS-008221,Initech Works,Free,3,0.0,2024-06-03,2027-06-03,False
BUS-008222,Pioneer Partners,Free,3,0.0,2023-10-27,2026-10-26,False
BUS-008223,Initech Builders,Free,1,0.0,2024-03-03,2027-03-03,False
BUS-008224,Cedar Logistics,Premium,60,167.69,2023-07-31,2026-07-30,False
BUS-008225,Nova Media,Mid,7,31.8,2026-01-01,2027-01-01,True
BUS-008226,Harbor Group,Free,3,0.0,2025-03-16,2027-03-16,False
BUS-008227,Apex Media,Mid,10,66.42,2023-09-07,2026-09-06,False
BUS-008228,Summit Partners,Free,1,0.0,2025-01-30,2027-01-30,False
BUS-008229,Acme Studios,Mid,7,54.12,2025-04-04,2027-04-04,False
BUS-008230,Pioneer Group,Free,1,0.0,2023-12-30,2026-12-29,False
BUS-008231,Cobalt Auto,Premium,33,492.04,2024-03-25,2027-03-25,False
BUS-008232,Cedar Media,Free,2,0.0,2024-04-07,2027-04-07,False
BUS-008233,Quantum Works,Mid,7,30.97,2024-08-18,2026-08-18,False
BUS-008234,Quantum Supply,Free,2,0.0,2024-06-29,2026-06-29,False
BUS-008235,Cedar Works,Mid,13,95.74,2025-04-28,2027-04-28,False
BUS-008236,Cobalt Supply,Free,2,0.0,2024-11-18,2026-11-18,False
BUS-008237,Acme Logistics,Free,3,0.0,2025-03-19,2027-03-19,False
BUS-008238,Iron Trading,Premium,93,431.1,2025-06-02,2027-06-02,False
BUS-008239,Harbor Studios,Free,1,0.0,2023-06-22,2026-06-21,False
BUS-008240,Quantum Builders,Premium,76,420.45,2024-05-11,2027-05-11,False
BUS-008241,Iron Foods,Mid,13,84.48,2025-01-29,2027-01-29,True
BUS-008242,Vertex Builders,Free,2,0.0,2024-10-28,2026-10-28,False
BUS-008243,Acme Health,Free,3,0.0,2024-11-19,2026-11-19,False
BUS-008244,Iron Supply,Mid,11,66.76,2026-01-29,2027-01-29,False
BUS-008245,Cobalt Consulting,Free,2,0.0,2025-05-13,2027-05-13,False
BUS-008246,Umbra Auto,Free,2,0.0,2025-10-04,2026-10-04,False
BUS-008247,Cobalt Logistics,Free,2,0.0,2025-04-03,2027-04-03,False
BUS-008248,Apex Consulting,Free,2,0.0,2025-08-26,2026-08-26,False
BUS-008249,Apex Partners,Free,2,0.0,2025-02-25,2027-02-25,False
BUS-008250,Summit Labs,Mid,6,81.94,2023-07-25,2026-07-24,False
BUS-008251,Bright Bakery,Mid,6,93.41,2025-09-06,2026-09-06,False
BUS-008252,Bright Partners,Free,2,0.0,2024-02-11,2027-02-10,False
BUS-008253,Nova Consulting,Premium,60,253.38,2025-11-30,2026-11-30,False
BUS-008254,Nova Builders,Free,3,0.0,2025-04-28,2027-04-28,False
BUS-008255,Iron Trading,Free,3,0.0,2023-12-19,2026-12-18,False
BUS-008256,Initech Builders,Premium,68,211.5,2023-11-09,2026-11-08,False
BUS-008257,Iron Studios,Free,3,0.0,2024-04-29,2027-04-29,False
BUS-008258,Vertex Retail,Free,3,0.0,2024-04-06,2027-04-06,False
BUS-008259,Acme Retail,Premium,29,508.59,2026-01-12,2027-01-12,False
BUS-008260,Iron Foods,Free,1,0.0,2025-02-02,2027-02-02,False
BUS-008261,Summit Partners,Free,2,0.0,2025-08-14,2026-08-14,False
BUS-008262,Harbor Consulting,Mid,16,82.93,2025-12-21,2026-12-21,False
BUS-008263,Initech Works,Premium,18,484.42,2024-06-21,2026-06-21,False
BUS-008264,Iron Labs,Free,3,0.0,2026-05-01,2027-05-01,False
BUS-008265,Stellar Bakery,Free,2,0.0,2023-12-11,2026-12-10,False
BUS-008266,Harbor Foods,Free,2,0.0,2024-09-02,2026-09-02,False
BUS-008267,Harbor Labs,Mid,6,58.02,2024-09-05,2026-09-05,True
BUS-008268,Initech Trading,Premium,56,296.9,2025-05-11,2027-05-11,False
BUS-008269,Apex Works,Free,2,0.0,2024-08-28,2026-08-28,False
BUS-008270,Summit Auto,Free,3,0.0,2025-12-14,2026-12-14,False
BUS-008271,Quantum Bakery,Mid,15,89.67,2023-10-28,2026-10-27,False
BUS-008272,Nova Auto,Mid,10,30.13,2023-12-09,2026-12-08,False
BUS-008273,Stellar Media,Mid,5,32.88,2024-11-06,2026-11-06,False
BUS-008274,Apex Partners,Free,2,0.0,2025-04-04,2027-04-04,False
BUS-008275,Bright Foods,Mid,11,78.05,2025-01-18,2027-01-18,False
BUS-008276,Summit Bakery,Free,2,0.0,2024-08-04,2026-08-04,False
BUS-008277,Nova Group,Free,2,0.0,2025-04-02,2027-04-02,False
BUS-008278,Apex Labs,Premium,34,488.72,2026-03-10,2027-03-10,False
BUS-008279,Nova Studios,Free,3,0.0,2024-09-08,2026-09-08,False
BUS-008280,Cedar Retail,Mid,4,72.99,2025-05-11,2027-05-11,False
BUS-008281,Cobalt Consulting,Mid,15,74.15,2026-01-22,2027-01-22,False
BUS-008282,Cobalt Studios,Free,3,0.0,2025-03-06,2027-03-06,False
BUS-008283,Stellar Studios,Premium,22,233.04,2026-03-28,2027-03-28,False
BUS-008284,Acme Auto,Mid,12,65.37,2026-02-10,2027-02-10,True
BUS-008285,Globex Supply,Mid,7,64.3,2023-12-14,2026-12-13,True
BUS-008286,Summit Labs,Free,1,0.0,2026-02-15,2027-02-15,False
BUS-008287,Bright Labs,Free,2,0.0,2024-10-28,2026-10-28,False
BUS-008288,Umbra Builders,Free,3,0.0,2025-03-20,2027-03-20,False
BUS-008289,Acme Auto,Free,1,0.0,2024-01-03,2027-01-02,False
BUS-008290,Umbra Bakery,Free,1,0.0,2025-04-19,2027-04-19,False
BUS-008291,Harbor Studios,Free,2,0.0,2024-11-06,2026-11-06,False
BUS-008292,Globex Logistics,Mid,15,77.84,2025-09-26,2026-09-26,False
BUS-008293,Cobalt Group,Free,2,0.0,2025-12-21,2026-12-21,False
BUS-008294,Acme Auto,Free,3,0.0,2025-08-14,2026-08-14,False
BUS-008295,Apex Labs,Premium,48,475.22,2025-03-13,2027-03-13,False
BUS-008296,Bright Labs,Premium,13,683.91,2025-12-03,2026-12-03,False
BUS-008297,Stellar Group,Free,1,0.0,2024-06-07,2026-06-07,False
BUS-008298,Stellar Health,Free,2,0.0,2024-09-14,2026-09-14,False
BUS-008299,Cobalt Retail,Free,1,0.0,2024-11-04,2026-11-04,False
BUS-008300,Globex Bakery,Free,1,0.0,2024-01-08,2027-01-07,False
BUS-008301,Acme Auto,Free,2,0.0,2025-03-18,2027-03-18,False
BUS-008302,Vertex Health,Free,2,0.0,2023-12-02,2026-12-01,False
BUS-008303,Summit Partners,Mid,11,68.28,2026-03-30,2027-03-30,False
BUS-008304,Harbor Media,Free,2,0.0,2024-10-16,2026-10-16,False
BUS-008305,Stellar Consulting,Free,1,0.0,2024-01-27,2027-01-26,False
BUS-008306,Summit Bakery,Mid,3,89.04,2023-10-25,2026-10-24,False
BUS-008307,Pioneer Retail,Free,3,0.0,2025-03-11,2027-03-11,False
BUS-008308,Initech Supply,Mid,13,30.1,2023-06-19,2026-06-18,False
BUS-008309,Pioneer Studios,Mid,9,64.83,2026-03-11,2027-03-11,False
BUS-008310,Apex Trading,Free,3,0.0,2024-06-23,2026-06-23,False
BUS-008311,Nova Labs,Free,1,0.0,2024-11-17,2026-11-17,False
BUS-008312,Harbor Media,Free,3,0.0,2025-07-16,2026-07-16,False
BUS-008313,Stellar Partners,Free,1,0.0,2026-02-01,2027-02-01,False
BUS-008314,Stellar Logistics,Free,2,0.0,2023-09-12,2026-09-11,False
BUS-008315,Summit Auto,Free,2,0.0,2024-01-17,2027-01-16,False
BUS-008316,Cedar Works,Free,1,0.0,2023-10-12,2026-10-11,False
BUS-008317,Acme Auto,Premium,19,632.27,2024-11-26,2026-11-26,False
BUS-008318,Initech Bakery,Mid,4,94.69,2026-04-05,2027-04-05,False
BUS-008319,Initech Partners,Free,3,0.0,2024-03-04,2027-03-04,False
BUS-008320,Pioneer Health,Premium,10,172.32,2024-10-16,2026-10-16,False
BUS-008321,Cedar Bakery,Mid,4,80.66,2025-08-01,2026-08-01,False
BUS-008322,Harbor Consulting,Free,3,0.0,2024-09-29,2026-09-29,False
BUS-008323,Nova Media,Free,1,0.0,2024-03-07,2027-03-07,False
BUS-008324,Nova Works,Mid,9,35.48,2024-10-31,2026-10-31,True
BUS-008325,Nova Bakery,Free,1,0.0,2025-04-09,2027-04-09,False
BUS-008326,Umbra Partners,Free,3,0.0,2024-11-27,2026-11-27,False
BUS-008327,Quantum Consulting,Mid,4,37.75,2024-08-12,2026-08-12,False
BUS-008328,Apex Media,Free,3,0.0,2026-02-16,2027-02-16,False
BUS-008329,Initech Studios,Premium,27,708.85,2024-01-13,2027-01-12,False
BUS-008330,Initech Trading,Free,2,0.0,2024-08-31,2026-08-31,False
BUS-008331,Stellar Foods,Free,1,0.0,2025-06-01,2027-06-01,False
BUS-008332,Apex Media,Premium,12,223.54,2023-10-16,2026-10-15,False
BUS-008333,Quantum Consulting,Premium,90,742.17,2023-09-26,2026-09-25,False
BUS-008334,Apex Health,Free,3,0.0,2025-04-06,2027-04-06,False
BUS-008335,Summit Supply,Free,1,0.0,2024-08-13,2026-08-13,False
BUS-008336,Cobalt Builders,Premium,32,631.17,2026-03-19,2027-03-19,False
BUS-008337,Acme Media,Mid,13,33.9,2025-03-21,2027-03-21,False
BUS-008338,Initech Group,Mid,8,30.52,2024-10-28,2026-10-28,True
BUS-008339,Harbor Works,Free,2,0.0,2025-06-26,2026-06-26,False
BUS-008340,Cobalt Consulting,Free,1,0.0,2026-03-12,2027-03-12,False
BUS-008341,Pioneer Logistics,Free,1,0.0,2026-01-21,2027-01-21,False
BUS-008342,Initech Auto,Premium,54,594.69,2023-06-27,2026-06-26,False
BUS-008343,Pioneer Auto,Free,1,0.0,2024-08-04,2026-08-04,False
BUS-008344,Quantum Media,Free,2,0.0,2024-11-26,2026-11-26,False
BUS-008345,Stellar Studios,Free,1,0.0,2023-08-17,2026-08-16,False
BUS-008346,Vertex Trading,Mid,5,48.51,2023-05-26,2027-05-25,False
BUS-008347,Iron Consulting,Mid,3,92.38,2025-11-30,2026-11-30,False
BUS-008348,Cedar Studios,Free,1,0.0,2024-12-21,2026-12-21,False
BUS-008349,Cobalt Bakery,Free,3,0.0,2024-06-16,2026-06-16,False
BUS-008350,Apex Studios,Premium,41,214.01,2024-04-21,2027-04-21,False
BUS-008351,Cedar Logistics,Mid,6,34.24,2026-01-01,2027-01-01,False
BUS-008352,Umbra Retail,Free,1,0.0,2025-09-10,2026-09-10,False
BUS-008353,Summit Consulting,Free,2,0.0,2024-08-23,2026-08-23,False
BUS-008354,Cobalt Labs,Free,1,0.0,2023-09-25,2026-09-24,False
BUS-008355,Nova Partners,Premium,57,351.49,2025-07-26,2026-07-26,False
BUS-008356,Bright Trading,Premium,13,715.46,2025-08-18,2026-08-18,False
BUS-008357,Iron Consulting,Mid,12,62.65,2023-09-09,2026-09-08,False
BUS-008358,Summit Logistics,Free,3,0.0,2023-11-23,2026-11-22,False
BUS-008359,Iron Group,Free,2,0.0,2026-04-03,2027-04-03,False
BUS-008360,Iron Supply,Mid,12,73.58,2023-10-22,2026-10-21,True
BUS-008361,Acme Trading,Free,3,0.0,2024-01-14,2027-01-13,False
BUS-008362,Cobalt Media,Free,1,0.0,2024-10-03,2026-10-03,False
BUS-008363,Nova Trading,Free,2,0.0,2025-04-23,2027-04-23,False
BUS-008364,Acme Health,Free,1,0.0,2023-08-18,2026-08-17,False
BUS-008365,Quantum Foods,Free,3,0.0,2024-04-08,2027-04-08,False
BUS-008366,Quantum Retail,Mid,17,39.68,2025-11-10,2026-11-10,False
BUS-008367,Apex Partners,Free,1,0.0,2023-12-03,2026-12-02,False
BUS-008368,Cobalt Trading,Free,2,0.0,2024-01-09,2027-01-08,False
BUS-008369,Harbor Logistics,Free,1,0.0,2023-05-21,2027-05-20,False
BUS-008370,Globex Retail,Mid,4,55.91,2023-10-18,2026-10-17,True
BUS-008371,Apex Labs,Free,2,0.0,2024-04-09,2027-04-09,False
BUS-008372,Stellar Supply,Free,2,0.0,2025-08-11,2026-08-11,False
BUS-008373,Summit Supply,Premium,48,353.35,2023-06-26,2026-06-25,False
BUS-008374,Iron Partners,Mid,16,44.45,2025-12-14,2026-12-14,False
BUS-008375,Acme Auto,Free,1,0.0,2023-06-06,2026-06-05,False
BUS-008376,Cobalt Builders,Mid,10,73.9,2025-12-17,2026-12-17,False
BUS-008377,Cedar Builders,Mid,7,33.44,2025-06-19,2026-06-19,False
BUS-008378,Iron Retail,Free,2,0.0,2025-01-16,2027-01-16,False
BUS-008379,Summit Health,Free,2,0.0,2026-01-18,2027-01-18,False
BUS-008380,Umbra Bakery,Free,2,0.0,2023-10-08,2026-10-07,False
BUS-008381,Initech Consulting,Free,1,0.0,2024-01-22,2027-01-21,False
BUS-008382,Iron Works,Mid,14,60.84,2025-02-07,2027-02-07,False
BUS-008383,Summit Auto,Free,2,0.0,2023-11-19,2026-11-18,False
BUS-008384,Umbra Bakery,Mid,10,92.72,2024-12-24,2026-12-24,False
BUS-008385,Summit Bakery,Free,2,0.0,2024-07-04,2026-07-04,False
BUS-008386,Iron Works,Mid,15,53.46,2024-05-14,2027-05-14,False
BUS-008387,Iron Trading,Mid,3,80.67,2025-12-31,2026-12-31,False
BUS-008388,Acme Labs,Mid,13,74.79,2024-06-13,2026-06-13,False
BUS-008389,Cedar Bakery,Free,1,0.0,2025-10-04,2026-10-04,False
BUS-008390,Vertex Bakery,Free,1,0.0,2024-05-15,2027-05-15,False
BUS-008391,Nova Builders,Mid,12,73.84,2024-05-03,2027-05-03,False
BUS-008392,Vertex Media,Free,2,0.0,2024-06-03,2027-06-03,False
BUS-008393,Pioneer Group,Premium,23,448.84,2024-09-20,2026-09-20,False
BUS-008394,Summit Studios,Free,3,0.0,2024-01-29,2027-01-28,False
BUS-008395,Nova Studios,Mid,14,48.88,2023-11-20,2026-11-19,False
BUS-008396,Cedar Logistics,Free,1,0.0,2026-01-19,2027-01-19,False
BUS-008397,Globex Works,Free,2,0.0,2024-01-24,2027-01-23,False
BUS-008398,Globex Bakery,Free,2,0.0,2025-06-18,2026-06-18,False
BUS-008399,Iron Foods,Mid,11,62.29,2026-01-28,2027-01-28,False
BUS-008400,Globex Foods,Free,2,0.0,2026-02-25,2027-02-25,False
BUS-008401,Apex Retail,Premium,25,590.86,2024-06-02,2027-06-02,False
BUS-008402,Pioneer Trading,Mid,3,56.21,2026-05-02,2027-05-02,False
BUS-008403,Umbra Media,Free,3,0.0,2024-02-29,2027-02-28,False
BUS-008404,Nova Retail,Premium,76,302.05,2024-05-15,2027-05-15,False
BUS-008405,Initech Bakery,Free,3,0.0,2024-11-09,2026-11-09,False
BUS-008406,Globex Supply,Premium,13,630.23,2025-05-20,2027-05-20,False
BUS-008407,Summit Trading,Free,3,0.0,2026-02-24,2027-02-24,False
BUS-008408,Umbra Auto,Premium,62,236.27,2025-04-18,2027-04-18,False
BUS-008409,Umbra Supply,Free,2,0.0,2024-07-28,2026-07-28,False
BUS-008410,Acme Media,Free,1,0.0,2024-01-20,2027-01-19,False
BUS-008411,Initech Builders,Free,2,0.0,2025-01-10,2027-01-10,False
BUS-008412,Cobalt Trading,Mid,6,48.93,2025-05-05,2027-05-05,False
BUS-008413,Iron Works,Premium,37,197.2,2026-02-01,2027-02-01,False
BUS-008414,Cedar Media,Free,1,0.0,2023-09-22,2026-09-21,False
BUS-008415,Cobalt Health,Premium,82,265.49,2024-02-05,2027-02-04,False
BUS-008416,Globex Logistics,Free,3,0.0,2024-02-10,2027-02-09,False
BUS-008417,Iron Retail,Free,2,0.0,2023-09-13,2026-09-12,False
BUS-008418,Initech Retail,Premium,76,184.41,2025-10-04,2026-10-04,False
BUS-008419,Nova Retail,Free,2,0.0,2025-05-17,2027-05-17,False
BUS-008420,Nova Retail,Free,2,0.0,2025-06-02,2027-06-02,False
BUS-008421,Cedar Health,Free,2,0.0,2026-02-03,2027-02-03,False
BUS-008422,Cedar Builders,Mid,15,32.1,2024-12-25,2026-12-25,False
BUS-008423,Cedar Bakery,Mid,12,57.94,2024-12-08,2026-12-08,False
BUS-008424,Pioneer Media,Premium,31,400.87,2024-02-13,2027-02-12,False
BUS-008425,Cobalt Trading,Mid,5,62.7,2024-12-13,2026-12-13,False
BUS-008426,Initech Supply,Free,2,0.0,2024-03-15,2027-03-15,False
BUS-008427,Apex Logistics,Mid,14,83.05,2024-08-04,2026-08-04,False
BUS-008428,Pioneer Builders,Free,3,0.0,2023-12-11,2026-12-10,False
BUS-008429,Cedar Retail,Free,3,0.0,2026-02-02,2027-02-02,False
BUS-008430,Bright Works,Free,1,0.0,2025-05-28,2027-05-28,False
BUS-008431,Harbor Group,Premium,14,348.09,2025-03-09,2027-03-09,False
BUS-008432,Cedar Supply,Mid,16,41.79,2023-10-24,2026-10-23,False
BUS-008433,Pioneer Logistics,Mid,15,52.78,2024-02-11,2027-02-10,True
BUS-008434,Apex Media,Free,3,0.0,2026-03-01,2027-03-01,False
BUS-008435,Cobalt Logistics,Mid,14,46.47,2025-04-18,2027-04-18,False
BUS-008436,Vertex Auto,Mid,4,87.0,2023-06-28,2026-06-27,False
BUS-008437,Initech Supply,Mid,5,77.71,2025-05-04,2027-05-04,False
BUS-008438,Nova Auto,Mid,5,83.39,2025-08-10,2026-08-10,False
BUS-008439,Iron Media,Free,2,0.0,2025-12-11,2026-12-11,False
BUS-008440,Apex Auto,Mid,10,97.67,2024-02-25,2027-02-24,True
BUS-008441,Pioneer Foods,Mid,5,41.19,2024-11-21,2026-11-21,False
BUS-008442,Stellar Foods,Free,1,0.0,2023-07-16,2026-07-15,False
BUS-008443,Stellar Partners,Premium,46,178.59,2025-03-19,2027-03-19,False
BUS-008444,Pioneer Consulting,Free,2,0.0,2025-09-16,2026-09-16,False
BUS-008445,Acme Labs,Premium,63,463.47,2024-03-12,2027-03-12,False
BUS-008446,Harbor Foods,Free,2,0.0,2024-01-01,2026-12-31,False
BUS-008447,Nova Partners,Free,1,0.0,2025-04-18,2027-04-18,False
BUS-008448,Acme Builders,Premium,11,519.55,2024-01-18,2027-01-17,False
BUS-008449,Globex Foods,Free,1,0.0,2025-06-20,2026-06-20,False
BUS-008450,Nova Bakery,Premium,67,631.03,2024-11-08,2026-11-08,False
BUS-008451,Iron Consulting,Free,2,0.0,2024-09-20,2026-09-20,False
BUS-008452,Vertex Studios,Free,3,0.0,2025-01-23,2027-01-23,False
BUS-008453,Harbor Builders,Mid,14,79.24,2024-10-11,2026-10-11,False
BUS-008454,Quantum Foods,Free,2,0.0,2025-08-20,2026-08-20,False
BUS-008455,Stellar Studios,Premium,83,673.29,2023-06-23,2026-06-22,False
BUS-008456,Initech Auto,Mid,3,77.53,2025-05-13,2027-05-13,False
BUS-008457,Acme Labs,Mid,4,74.14,2024-01-03,2027-01-02,False
BUS-008458,Stellar Foods,Mid,11,80.67,2024-11-12,2026-11-12,True
BUS-008459,Nova Builders,Free,1,0.0,2023-11-20,2026-11-19,False
BUS-008460,Cedar Studios,Mid,8,88.03,2025-04-19,2027-04-19,False
BUS-008461,Cobalt Consulting,Free,1,0.0,2025-08-03,2026-08-03,False
BUS-008462,Harbor Auto,Free,1,0.0,2025-10-08,2026-10-08,False
BUS-008463,Umbra Supply,Free,2,0.0,2026-01-22,2027-01-22,False
BUS-008464,Iron Builders,Mid,12,43.13,2025-04-19,2027-04-19,False
BUS-008465,Harbor Logistics,Free,1,0.0,2024-02-16,2027-02-15,False
BUS-008466,Vertex Health,Free,3,0.0,2024-02-07,2027-02-06,False
BUS-008467,Bright Group,Mid,15,52.75,2025-09-29,2026-09-29,False
BUS-008468,Harbor Studios,Mid,3,96.45,2024-06-05,2026-06-05,False
BUS-008469,Cobalt Logistics,Mid,9,57.66,2024-08-18,2026-08-18,False
BUS-008470,Nova Labs,Premium,21,457.22,2025-02-24,2027-02-24,False
BUS-008471,Initech Builders,Free,1,0.0,2025-09-03,2026-09-03,False
BUS-008472,Bright Retail,Premium,52,705.86,2026-01-13,2027-01-13,False
BUS-008473,Harbor Logistics,Free,3,0.0,2023-06-28,2026-06-27,False
BUS-008474,Pioneer Auto,Premium,68,679.35,2023-12-25,2026-12-24,False
BUS-008475,Bright Works,Mid,15,70.63,2024-03-19,2027-03-19,False
BUS-008476,Nova Retail,Free,3,0.0,2025-04-23,2027-04-23,False
BUS-008477,Umbra Health,Free,2,0.0,2024-05-23,2027-05-23,False
BUS-008478,Cedar Retail,Free,3,0.0,2026-04-25,2027-04-25,False
BUS-008479,Umbra Group,Premium,42,734.3,2024-09-04,2026-09-04,False
BUS-008480,Cobalt Works,Free,1,0.0,2025-09-01,2026-09-01,False
BUS-008481,Nova Consulting,Free,2,0.0,2024-10-22,2026-10-22,False
BUS-008482,Nova Bakery,Free,1,0.0,2024-08-25,2026-08-25,False
BUS-008483,Initech Labs,Mid,15,71.32,2023-08-26,2026-08-25,False
BUS-008484,Iron Media,Premium,42,416.25,2025-10-04,2026-10-04,False
BUS-008485,Pioneer Foods,Free,3,0.0,2025-05-08,2027-05-08,False
BUS-008486,Cobalt Bakery,Mid,8,31.03,2025-03-09,2027-03-09,False
BUS-008487,Harbor Logistics,Free,2,0.0,2025-03-06,2027-03-06,False
BUS-008488,Summit Foods,Premium,50,540.11,2025-03-17,2027-03-17,False
BUS-008489,Initech Supply,Free,2,0.0,2025-11-26,2026-11-26,False
BUS-008490,Cedar Works,Free,1,0.0,2024-05-21,2027-05-21,False
BUS-008491,Stellar Foods,Mid,14,55.1,2024-11-17,2026-11-17,False
BUS-008492,Harbor Health,Premium,91,453.55,2025-05-29,2027-05-29,False
BUS-008493,Nova Trading,Free,2,0.0,2025-07-20,2026-07-20,False
BUS-008494,Cedar Media,Free,3,0.0,2025-08-05,2026-08-05,False
BUS-008495,Pioneer Works,Mid,14,32.91,2023-06-20,2026-06-19,False
BUS-008496,Umbra Logistics,Free,3,0.0,2023-12-31,2026-12-30,False
BUS-008497,Summit Retail,Free,1,0.0,2024-04-08,2027-04-08,False
BUS-008498,Quantum Group,Free,2,0.0,2024-07-14,2026-07-14,False
BUS-008499,Bright Bakery,Free,1,0.0,2025-02-14,2027-02-14,False
BUS-008500,Initech Group,Mid,9,62.62,2024-09-16,2026-09-16,False
BUS-008501,Cedar Foods,Free,1,0.0,2024-07-21,2026-07-21,False
BUS-008502,Cobalt Foods,Free,3,0.0,2026-03-25,2027-03-25,False
BUS-008503,Cobalt Builders,Free,1,0.0,2025-08-17,2026-08-17,False
BUS-008504,Quantum Logistics,Free,2,0.0,2024-03-28,2027-03-28,False
BUS-008505,Acme Supply,Free,2,0.0,2024-08-23,2026-08-23,False
BUS-008506,Nova Trading,Mid,10,39.83,2023-12-14,2026-12-13,False
BUS-008507,Vertex Retail,Free,3,0.0,2023-12-06,2026-12-05,False
BUS-008508,Iron Works,Free,1,0.0,2024-03-23,2027-03-23,False
BUS-008509,Cedar Partners,Free,3,0.0,2024-03-07,2027-03-07,False
BUS-008510,Nova Auto,Premium,11,683.19,2025-09-07,2026-09-07,False
BUS-008511,Harbor Media,Free,1,0.0,2023-10-20,2026-10-19,False
BUS-008512,Summit Foods,Mid,7,57.38,2025-10-06,2026-10-06,False
BUS-008513,Globex Foods,Free,3,0.0,2024-10-25,2026-10-25,False
BUS-008514,Summit Auto,Mid,10,38.8,2024-03-20,2027-03-20,False
BUS-008515,Summit Logistics,Free,3,0.0,2026-01-07,2027-01-07,False
BUS-008516,Pioneer Supply,Free,2,0.0,2025-12-29,2026-12-29,False
BUS-008517,Stellar Media,Free,3,0.0,2026-01-09,2027-01-09,False
BUS-008518,Umbra Retail,Mid,5,65.5,2023-05-30,2027-05-29,False
BUS-008519,Cobalt Retail,Free,3,0.0,2023-12-11,2026-12-10,False
BUS-008520,Pioneer Bakery,Premium,49,271.6,2024-04-29,2027-04-29,False
BUS-008521,Bright Foods,Premium,69,679.23,2023-09-23,2026-09-22,False
BUS-008522,Nova Studios,Free,3,0.0,2024-02-22,2027-02-21,False
BUS-008523,Quantum Partners,Free,3,0.0,2024-10-29,2026-10-29,False
BUS-008524,Umbra Logistics,Mid,6,59.47,2025-05-08,2027-05-08,False
BUS-008525,Pioneer Retail,Free,1,0.0,2023-11-21,2026-11-20,False
BUS-008526,Pioneer Retail,Premium,53,508.18,2024-06-22,2026-06-22,False
BUS-008527,Harbor Studios,Mid,17,55.85,2026-01-27,2027-01-27,False
BUS-008528,Iron Studios,Mid,11,58.91,2025-12-30,2026-12-30,False
BUS-008529,Umbra Works,Free,2,0.0,2024-10-15,2026-10-15,False
BUS-008530,Initech Health,Mid,14,88.3,2024-08-30,2026-08-30,False
BUS-008531,Pioneer Builders,Premium,25,307.99,2025-12-10,2026-12-10,False
BUS-008532,Iron Supply,Free,1,0.0,2024-02-02,2027-02-01,False
BUS-008533,Cobalt Builders,Free,1,0.0,2024-04-26,2027-04-26,False
BUS-008534,Vertex Partners,Free,1,0.0,2024-04-07,2027-04-07,False
BUS-008535,Cedar Works,Mid,10,99.43,2026-03-25,2027-03-25,False
BUS-008536,Iron Works,Free,1,0.0,2026-01-22,2027-01-22,False
BUS-008537,Acme Labs,Mid,12,64.2,2025-11-28,2026-11-28,False
BUS-008538,Umbra Health,Free,3,0.0,2024-05-10,2027-05-10,False
BUS-008539,Cedar Group,Free,1,0.0,2025-01-22,2027-01-22,False
BUS-008540,Cedar Bakery,Free,3,0.0,2026-02-08,2027-02-08,False
BUS-008541,Nova Studios,Mid,4,64.93,2023-06-18,2026-06-17,True
BUS-008542,Initech Retail,Free,1,0.0,2024-07-23,2026-07-23,False
BUS-008543,Initech Health,Mid,3,42.55,2024-05-06,2027-05-06,True
BUS-008544,Vertex Trading,Free,3,0.0,2023-11-04,2026-11-03,False
BUS-008545,Stellar Labs,Mid,8,52.54,2024-12-28,2026-12-28,False
BUS-008546,Cobalt Health,Free,2,0.0,2024-05-28,2027-05-28,False
BUS-008547,Summit Studios,Free,3,0.0,2024-10-02,2026-10-02,False
BUS-008548,Summit Group,Mid,6,43.69,2024-12-17,2026-12-17,False
BUS-008549,Stellar Health,Free,3,0.0,2026-02-07,2027-02-07,False
BUS-008550,Stellar Trading,Mid,15,33.71,2025-07-26,2026-07-26,False
BUS-008551,Cedar Builders,Free,1,0.0,2024-01-25,2027-01-24,False
BUS-008552,Summit Bakery,Mid,3,44.09,2024-12-23,2026-12-23,False
BUS-008553,Stellar Health,Premium,97,440.42,2025-04-01,2027-04-01,False
BUS-008554,Iron Bakery,Mid,13,46.36,2026-02-07,2027-02-07,False
BUS-008555,Vertex Logistics,Free,1,0.0,2025-10-12,2026-10-12,False
BUS-008556,Vertex Foods,Mid,13,31.18,2023-11-28,2026-11-27,False
BUS-008557,Umbra Logistics,Free,2,0.0,2023-10-03,2026-10-02,False
BUS-008558,Quantum Foods,Mid,16,31.91,2025-12-31,2026-12-31,True
BUS-008559,Nova Auto,Premium,83,557.95,2026-04-22,2027-04-22,False
BUS-008560,Pioneer Group,Free,2,0.0,2024-12-29,2026-12-29,False
BUS-008561,Initech Retail,Free,3,0.0,2025-12-25,2026-12-25,False
BUS-008562,Apex Foods,Free,2,0.0,2025-04-21,2027-04-21,False
BUS-008563,Acme Consulting,Mid,12,79.1,2025-06-06,2026-06-06,False
BUS-008564,Nova Trading,Free,3,0.0,2024-11-13,2026-11-13,False
BUS-008565,Initech Builders,Free,2,0.0,2024-05-28,2027-05-28,False
BUS-008566,Acme Retail,Free,3,0.0,2026-02-03,2027-02-03,False
BUS-008567,Apex Foods,Mid,8,83.7,2025-07-25,2026-07-25,False
BUS-008568,Cobalt Foods,Mid,6,70.34,2025-11-02,2026-11-02,True
BUS-008569,Iron Supply,Free,3,0.0,2025-04-22,2027-04-22,False
BUS-008570,Globex Consulting,Premium,50,642.02,2024-09-06,2026-09-06,False
BUS-008571,Vertex Foods,Mid,12,57.24,2023-06-02,2027-06-01,False
BUS-008572,Vertex Labs,Premium,56,478.71,2024-06-25,2026-06-25,False
BUS-008573,Pioneer Health,Free,3,0.0,2025-09-17,2026-09-17,False
BUS-008574,Cobalt Studios,Free,2,0.0,2024-08-08,2026-08-08,False
BUS-008575,Pioneer Bakery,Free,2,0.0,2026-01-08,2027-01-08,False
BUS-008576,Stellar Studios,Mid,16,78.4,2023-09-23,2026-09-22,True
BUS-008577,Iron Media,Free,3,0.0,2023-10-22,2026-10-21,False
BUS-008578,Quantum Logistics,Mid,3,39.38,2024-12-06,2026-12-06,False
BUS-008579,Acme Builders,Free,1,0.0,2025-05-09,2027-05-09,False
BUS-008580,Cobalt Studios,Free,1,0.0,2025-01-19,2027-01-19,False
BUS-008581,Nova Works,Free,1,0.0,2026-01-12,2027-01-12,False
BUS-008582,Harbor Auto,Free,2,0.0,2023-10-30,2026-10-29,False
BUS-008583,Iron Trading,Premium,24,243.46,2025-02-19,2027-02-19,False
BUS-008584,Stellar Retail,Mid,10,83.38,2023-12-13,2026-12-12,False
BUS-008585,Apex Group,Mid,15,42.65,2024-05-20,2027-05-20,True
BUS-008586,Umbra Consulting,Free,3,0.0,2025-05-13,2027-05-13,False
BUS-008587,Umbra Retail,Free,2,0.0,2025-06-10,2026-06-10,False
BUS-008588,Vertex Auto,Free,2,0.0,2024-05-23,2027-05-23,False
BUS-008589,Vertex Media,Premium,54,388.66,2025-12-25,2026-12-25,False
BUS-008590,Initech Health,Mid,3,70.84,2024-08-20,2026-08-20,False
BUS-008591,Bright Retail,Free,1,0.0,2023-11-17,2026-11-16,False
BUS-008592,Bright Health,Mid,15,68.89,2025-05-10,2027-05-10,False
BUS-008593,Bright Group,Mid,8,68.04,2024-08-04,2026-08-04,False
BUS-008594,Acme Media,Mid,17,76.48,2023-07-22,2026-07-21,False
BUS-008595,Globex Supply,Free,2,0.0,2024-04-16,2027-04-16,False
BUS-008596,Cedar Media,Free,3,0.0,2024-01-09,2027-01-08,False
BUS-008597,Harbor Studios,Free,2,0.0,2026-04-24,2027-04-24,False
BUS-008598,Acme Health,Premium,52,397.7,2023-10-13,2026-10-12,False
BUS-008599,Pioneer Trading,Premium,64,307.4,2023-07-16,2026-07-15,False
BUS-008600,Bright Labs,Mid,11,33.3,2024-08-29,2026-08-29,False
BUS-008601,Vertex Auto,Mid,13,57.28,2023-07-01,2026-06-30,False
BUS-008602,Bright Studios,Free,2,0.0,2025-10-07,2026-10-07,False
BUS-008603,Vertex Consulting,Mid,8,30.0,2025-06-05,2026-06-05,True
BUS-008604,Quantum Labs,Free,1,0.0,2025-04-22,2027-04-22,False
BUS-008605,Cedar Supply,Free,3,0.0,2024-10-05,2026-10-05,False
BUS-008606,Quantum Media,Premium,27,688.82,2024-03-21,2027-03-21,False
BUS-008607,Iron Builders,Premium,22,682.12,2024-09-10,2026-09-10,False
BUS-008608,Nova Media,Mid,10,74.1,2024-07-28,2026-07-28,False
BUS-008609,Harbor Foods,Free,3,0.0,2024-12-28,2026-12-28,False
BUS-008610,Initech Group,Premium,39,348.9,2024-09-11,2026-09-11,False
BUS-008611,Cobalt Media,Mid,6,96.08,2024-06-08,2026-06-08,True
BUS-008612,Initech Logistics,Free,1,0.0,2026-02-03,2027-02-03,False
BUS-008613,Quantum Logistics,Free,2,0.0,2023-10-11,2026-10-10,False
BUS-008614,Quantum Retail,Free,2,0.0,2023-12-20,2026-12-19,False
BUS-008615,Globex Media,Free,1,0.0,2025-10-19,2026-10-19,False
BUS-008616,Apex Bakery,Mid,7,77.08,2024-07-14,2026-07-14,False
BUS-008617,Pioneer Partners,Mid,10,92.99,2024-10-30,2026-10-30,True
BUS-008618,Cedar Health,Free,3,0.0,2025-03-05,2027-03-05,False
BUS-008619,Vertex Logistics,Free,3,0.0,2024-10-23,2026-10-23,False
BUS-008620,Acme Health,Free,2,0.0,2025-06-05,2026-06-05,False
BUS-008621,Globex Works,Mid,17,65.96,2024-01-22,2027-01-21,False
BUS-008622,Harbor Trading,Free,1,0.0,2024-07-09,2026-07-09,False
BUS-008623,Stellar Works,Mid,7,38.36,2025-08-30,2026-08-30,False
BUS-008624,Acme Works,Free,2,0.0,2023-09-23,2026-09-22,False
BUS-008625,Apex Logistics,Mid,12,99.67,2026-03-05,2027-03-05,False
BUS-008626,Stellar Auto,Premium,64,502.18,2025-09-16,2026-09-16,False
BUS-008627,Stellar Supply,Mid,5,87.2,2024-11-13,2026-11-13,False
BUS-008628,Pioneer Consulting,Mid,8,98.48,2024-04-27,2027-04-27,False
BUS-008629,Bright Studios,Free,3,0.0,2025-12-29,2026-12-29,False
BUS-008630,Pioneer Supply,Premium,63,509.43,2025-09-20,2026-09-20,False
BUS-008631,Acme Consulting,Mid,13,92.38,2026-03-07,2027-03-07,False
BUS-008632,Acme Consulting,Free,1,0.0,2026-03-26,2027-03-26,False
BUS-008633,Cedar Auto,Mid,8,87.0,2025-07-27,2026-07-27,True
BUS-008634,Cobalt Retail,Premium,59,500.12,2024-06-19,2026-06-19,False
BUS-008635,Bright Retail,Mid,12,48.29,2025-04-01,2027-04-01,False
BUS-008636,Cedar Logistics,Free,2,0.0,2023-06-21,2026-06-20,False
BUS-008637,Cobalt Labs,Free,3,0.0,2023-09-08,2026-09-07,False
BUS-008638,Initech Bakery,Free,3,0.0,2025-11-04,2026-11-04,False
BUS-008639,Vertex Retail,Mid,6,85.75,2024-07-06,2026-07-06,False
BUS-008640,Vertex Builders,Free,2,0.0,2025-01-08,2027-01-08,False
BUS-008641,Iron Bakery,Free,2,0.0,2026-04-09,2027-04-09,False
BUS-008642,Bright Foods,Free,3,0.0,2023-08-15,2026-08-14,False
BUS-008643,Globex Logistics,Free,3,0.0,2023-08-15,2026-08-14,False
BUS-008644,Globex Studios,Free,1,0.0,2025-05-16,2027-05-16,False
BUS-008645,Summit Health,Free,1,0.0,2024-08-17,2026-08-17,False
BUS-008646,Cobalt Bakery,Mid,14,46.75,2024-07-22,2026-07-22,True
BUS-008647,Cobalt Bakery,Free,2,0.0,2024-05-11,2027-05-11,False
BUS-008648,Harbor Labs,Mid,3,86.09,2025-07-19,2026-07-19,False
BUS-008649,Summit Consulting,Free,3,0.0,2025-04-18,2027-04-18,False
BUS-008650,Globex Bakery,Free,1,0.0,2023-07-18,2026-07-17,False
BUS-008651,Umbra Foods,Free,3,0.0,2025-02-01,2027-02-01,False
BUS-008652,Stellar Builders,Free,3,0.0,2024-10-17,2026-10-17,False
BUS-008653,Cobalt Consulting,Free,1,0.0,2024-06-04,2026-06-04,False
BUS-008654,Cobalt Foods,Free,3,0.0,2025-10-30,2026-10-30,False
BUS-008655,Umbra Foods,Free,2,0.0,2023-06-03,2027-06-02,False
BUS-008656,Globex Logistics,Free,1,0.0,2025-06-06,2026-06-06,False
BUS-008657,Pioneer Health,Mid,8,89.97,2023-08-12,2026-08-11,False
BUS-008658,Apex Works,Free,1,0.0,2025-10-27,2026-10-27,False
BUS-008659,Vertex Trading,Free,1,0.0,2024-01-01,2026-12-31,False
BUS-008660,Cedar Labs,Free,1,0.0,2025-08-06,2026-08-06,False
BUS-008661,Bright Health,Free,3,0.0,2024-03-22,2027-03-22,False
BUS-008662,Nova Bakery,Mid,13,53.65,2025-02-22,2027-02-22,False
BUS-008663,Umbra Bakery,Mid,6,92.2,2024-06-22,2026-06-22,True
BUS-008664,Harbor Labs,Free,2,0.0,2024-03-23,2027-03-23,False
BUS-008665,Cedar Auto,Mid,16,69.44,2023-05-22,2027-05-21,False
BUS-008666,Iron Studios,Free,3,0.0,2024-10-12,2026-10-12,False
BUS-008667,Globex Health,Free,2,0.0,2025-07-08,2026-07-08,False
BUS-008668,Umbra Works,Free,2,0.0,2025-08-20,2026-08-20,False
BUS-008669,Cedar Supply,Mid,9,46.17,2024-11-24,2026-11-24,False
BUS-008670,Cedar Health,Free,2,0.0,2024-08-26,2026-08-26,False
BUS-008671,Summit Logistics,Free,2,0.0,2023-08-15,2026-08-14,False
BUS-008672,Apex Health,Mid,14,52.27,2024-07-24,2026-07-24,True
BUS-008673,Acme Builders,Free,1,0.0,2025-01-20,2027-01-20,False
BUS-008674,Summit Studios,Free,1,0.0,2023-09-03,2026-09-02,False
BUS-008675,Quantum Group,Free,3,0.0,2025-10-16,2026-10-16,False
BUS-008676,Quantum Retail,Mid,12,96.39,2024-06-07,2026-06-07,False
BUS-008677,Iron Bakery,Free,2,0.0,2025-08-06,2026-08-06,False
BUS-008678,Cedar Bakery,Premium,42,651.51,2025-06-04,2026-06-04,False
BUS-008679,Stellar Retail,Free,2,0.0,2026-05-01,2027-05-01,False
BUS-008680,Summit Partners,Free,1,0.0,2025-04-18,2027-04-18,False
BUS-008681,Nova Trading,Free,1,0.0,2023-10-15,2026-10-14,False
BUS-008682,Pioneer Retail,Free,1,0.0,2023-08-19,2026-08-18,False
BUS-008683,Quantum Consulting,Mid,3,96.01,2026-01-18,2027-01-18,False
BUS-008684,Iron Retail,Free,3,0.0,2023-08-06,2026-08-05,False
BUS-008685,Umbra Labs,Free,2,0.0,2025-06-12,2026-06-12,False
BUS-008686,Iron Auto,Free,3,0.0,2025-04-12,2027-04-12,False
BUS-008687,Bright Foods,Free,3,0.0,2025-05-02,2027-05-02,False
BUS-008688,Cedar Auto,Free,1,0.0,2023-05-20,2027-05-19,False
BUS-008689,Initech Bakery,Premium,17,484.06,2024-05-25,2027-05-25,False
BUS-008690,Umbra Partners,Premium,87,522.21,2025-04-28,2027-04-28,False
BUS-008691,Acme Group,Mid,14,69.22,2024-09-27,2026-09-27,True
BUS-008692,Harbor Retail,Free,1,0.0,2024-07-20,2026-07-20,False
BUS-008693,Iron Studios,Mid,6,43.13,2023-10-18,2026-10-17,False
BUS-008694,Nova Builders,Mid,7,33.53,2025-02-17,2027-02-17,False
BUS-008695,Initech Works,Mid,16,73.87,2026-02-28,2027-02-28,False
BUS-008696,Quantum Studios,Free,2,0.0,2025-04-05,2027-04-05,False
BUS-008697,Cobalt Consulting,Free,1,0.0,2026-04-27,2027-04-27,False
BUS-008698,Quantum Labs,Free,2,0.0,2023-07-10,2026-07-09,False
BUS-008699,Vertex Auto,Premium,25,687.36,2025-11-14,2026-11-14,False
BUS-008700,Initech Trading,Free,3,0.0,2023-12-02,2026-12-01,False
BUS-008701,Vertex Partners,Free,1,0.0,2023-07-09,2026-07-08,False
BUS-008702,Globex Works,Mid,7,50.36,2024-04-27,2027-04-27,False
BUS-008703,Pioneer Studios,Free,3,0.0,2025-11-28,2026-11-28,False
BUS-008704,Iron Partners,Mid,11,44.74,2025-11-01,2026-11-01,False
BUS-008705,Bright Supply,Free,2,0.0,2025-09-28,2026-09-28,False
BUS-008706,Globex Trading,Free,1,0.0,2025-09-28,2026-09-28,False
BUS-008707,Nova Works,Free,2,0.0,2026-03-23,2027-03-23,False
BUS-008708,Nova Foods,Free,1,0.0,2025-09-07,2026-09-07,False
BUS-008709,Cobalt Auto,Free,1,0.0,2024-06-08,2026-06-08,False
BUS-008710,Stellar Supply,Free,1,0.0,2026-03-26,2027-03-26,False
BUS-008711,Quantum Partners,Premium,78,359.29,2024-08-03,2026-08-03,False
BUS-008712,Initech Builders,Premium,40,479.21,2023-10-24,2026-10-23,False
BUS-008713,Globex Consulting,Mid,8,65.2,2024-02-29,2027-02-28,False
BUS-008714,Vertex Retail,Free,3,0.0,2025-11-26,2026-11-26,False
BUS-008715,Harbor Bakery,Free,2,0.0,2025-08-03,2026-08-03,False
BUS-008716,Globex Retail,Free,3,0.0,2023-06-02,2027-06-01,False
BUS-008717,Nova Foods,Premium,21,181.63,2024-03-16,2027-03-16,False
BUS-008718,Apex Works,Free,2,0.0,2026-02-18,2027-02-18,False
BUS-008719,Vertex Studios,Mid,11,80.59,2025-05-12,2027-05-12,False
BUS-008720,Cedar Partners,Mid,8,49.69,2024-02-19,2027-02-18,False
BUS-008721,Initech Health,Free,1,0.0,2023-12-01,2026-11-30,False
BUS-008722,Stellar Supply,Free,3,0.0,2026-01-15,2027-01-15,False
BUS-008723,Vertex Retail,Free,2,0.0,2024-10-04,2026-10-04,False
BUS-008724,Bright Works,Free,2,0.0,2023-11-22,2026-11-21,False
BUS-008725,Apex Logistics,Premium,26,250.42,2023-08-22,2026-08-21,False
BUS-008726,Acme Builders,Free,3,0.0,2023-11-15,2026-11-14,False
BUS-008727,Summit Consulting,Mid,15,53.47,2025-05-29,2027-05-29,False
BUS-008728,Nova Auto,Mid,8,71.82,2023-12-12,2026-12-11,False
BUS-008729,Apex Builders,Free,2,0.0,2026-01-17,2027-01-17,False
BUS-008730,Globex Retail,Free,1,0.0,2024-02-09,2027-02-08,False
BUS-008731,Quantum Logistics,Free,3,0.0,2023-08-14,2026-08-13,False
BUS-008732,Pioneer Supply,Free,1,0.0,2025-08-26,2026-08-26,False
BUS-008733,Initech Bakery,Mid,6,92.16,2024-04-06,2027-04-06,False
BUS-008734,Vertex Builders,Mid,13,81.17,2024-07-22,2026-07-22,False
BUS-008735,Cedar Retail,Free,2,0.0,2026-03-19,2027-03-19,False
BUS-008736,Bright Labs,Mid,10,72.77,2025-12-31,2026-12-31,False
BUS-008737,Harbor Auto,Free,3,0.0,2024-12-27,2026-12-27,False
BUS-008738,Bright Builders,Premium,74,536.94,2025-01-30,2027-01-30,False
BUS-008739,Pioneer Works,Free,3,0.0,2023-10-29,2026-10-28,False
BUS-008740,Pioneer Health,Mid,15,83.29,2023-08-19,2026-08-18,False
BUS-008741,Summit Retail,Premium,90,498.54,2026-01-06,2027-01-06,False
BUS-008742,Harbor Supply,Free,1,0.0,2023-08-31,2026-08-30,False
BUS-008743,Harbor Trading,Free,3,0.0,2023-07-26,2026-07-25,False
BUS-008744,Bright Partners,Mid,17,94.53,2023-05-30,2027-05-29,False
BUS-008745,Umbra Media,Premium,50,289.54,2023-06-22,2026-06-21,False
BUS-008746,Iron Builders,Free,3,0.0,2024-01-28,2027-01-27,False
BUS-008747,Vertex Health,Free,1,0.0,2025-02-03,2027-02-03,False
BUS-008748,Iron Media,Free,1,0.0,2025-06-22,2026-06-22,False
BUS-008749,Acme Labs,Free,2,0.0,2025-09-30,2026-09-30,False
BUS-008750,Apex Retail,Mid,14,85.78,2024-04-11,2027-04-11,False
BUS-008751,Pioneer Works,Free,3,0.0,2023-08-13,2026-08-12,False
BUS-008752,Globex Foods,Free,1,0.0,2025-04-29,2027-04-29,False
BUS-008753,Initech Health,Free,1,0.0,2026-03-24,2027-03-24,False
BUS-008754,Umbra Partners,Free,2,0.0,2024-10-21,2026-10-21,False
BUS-008755,Initech Trading,Free,3,0.0,2024-09-20,2026-09-20,False
BUS-008756,Acme Supply,Free,2,0.0,2024-07-02,2026-07-02,False
BUS-008757,Cedar Trading,Mid,14,45.55,2023-05-27,2027-05-26,False
BUS-008758,Initech Retail,Free,1,0.0,2023-10-13,2026-10-12,False
BUS-008759,Acme Works,Premium,41,719.76,2023-08-16,2026-08-15,False
BUS-008760,Iron Trading,Free,2,0.0,2024-01-12,2027-01-11,False
BUS-008761,Umbra Group,Mid,10,85.98,2025-01-10,2027-01-10,False
BUS-008762,Cobalt Health,Mid,15,40.02,2024-05-28,2027-05-28,False
BUS-008763,Globex Labs,Free,1,0.0,2025-11-13,2026-11-13,False
BUS-008764,Cobalt Health,Premium,91,515.55,2023-11-10,2026-11-09,False
BUS-008765,Globex Logistics,Free,3,0.0,2023-10-01,2026-09-30,False
BUS-008766,Apex Supply,Free,1,0.0,2024-04-06,2027-04-06,False
BUS-008767,Harbor Foods,Mid,4,68.09,2024-03-22,2027-03-22,True
BUS-008768,Umbra Labs,Mid,3,30.45,2025-12-28,2026-12-28,False
BUS-008769,Vertex Supply,Premium,27,229.45,2025-09-07,2026-09-07,False
BUS-008770,Globex Bakery,Mid,6,91.18,2026-02-08,2027-02-08,False
BUS-008771,Apex Retail,Premium,19,606.82,2025-12-16,2026-12-16,False
BUS-008772,Iron Group,Mid,14,71.16,2026-04-24,2027-04-24,False
BUS-008773,Umbra Health,Mid,17,63.38,2025-12-23,2026-12-23,True
BUS-008774,Vertex Studios,Mid,4,35.71,2023-12-15,2026-12-14,False
BUS-008775,Nova Media,Mid,8,37.85,2024-03-15,2027-03-15,False
BUS-008776,Bright Works,Free,2,0.0,2025-08-29,2026-08-29,False
BUS-008777,Acme Studios,Free,1,0.0,2023-08-16,2026-08-15,False
BUS-008778,Globex Consulting,Mid,7,89.77,2024-02-25,2027-02-24,False
BUS-008779,Nova Media,Mid,17,81.72,2025-11-14,2026-11-14,False
BUS-008780,Iron Auto,Mid,7,74.56,2026-01-21,2027-01-21,False
BUS-008781,Cedar Studios,Mid,8,30.14,2025-05-20,2027-05-20,False
BUS-008782,Vertex Foods,Free,1,0.0,2024-03-28,2027-03-28,False
BUS-008783,Summit Works,Free,2,0.0,2024-07-17,2026-07-17,False
BUS-008784,Nova Labs,Free,1,0.0,2025-04-02,2027-04-02,False
BUS-008785,Stellar Studios,Free,2,0.0,2025-11-01,2026-11-01,False
BUS-008786,Bright Works,Free,1,0.0,2023-05-27,2027-05-26,False
BUS-008787,Cedar Health,Free,3,0.0,2023-10-01,2026-09-30,False
BUS-008788,Cobalt Labs,Free,1,0.0,2025-05-05,2027-05-05,False
BUS-008789,Globex Health,Free,1,0.0,2025-12-29,2026-12-29,False
BUS-008790,Iron Group,Mid,6,32.19,2024-03-04,2027-03-04,False
BUS-008791,Vertex Group,Free,2,0.0,2026-03-01,2027-03-01,False
BUS-008792,Globex Builders,Premium,49,656.61,2025-12-12,2026-12-12,False
BUS-008793,Harbor Builders,Mid,10,38.61,2024-01-06,2027-01-05,False
BUS-008794,Summit Group,Premium,51,532.77,2024-11-08,2026-11-08,False
BUS-008795,Quantum Works,Free,2,0.0,2025-09-05,2026-09-05,False
BUS-008796,Vertex Works,Free,1,0.0,2024-11-29,2026-11-29,False
BUS-008797,Vertex Works,Free,3,0.0,2025-02-25,2027-02-25,False
BUS-008798,Apex Group,Mid,5,95.61,2025-05-14,2027-05-14,False
BUS-008799,Nova Partners,Premium,42,603.71,2024-09-19,2026-09-19,False
BUS-008800,Bright Health,Premium,86,612.27,2024-09-18,2026-09-18,False
BUS-008801,Stellar Labs,Free,2,0.0,2026-01-04,2027-01-04,False
BUS-008802,Bright Media,Mid,5,75.02,2024-08-28,2026-08-28,False
BUS-008803,Stellar Consulting,Mid,17,97.55,2024-09-10,2026-09-10,False
BUS-008804,Summit Media,Premium,37,231.87,2024-12-11,2026-12-11,False
BUS-008805,Vertex Studios,Mid,6,54.44,2024-01-01,2026-12-31,False
BUS-008806,Cobalt Auto,Mid,11,71.91,2024-01-05,2027-01-04,False
BUS-008807,Acme Foods,Free,3,0.0,2025-07-04,2026-07-04,False
BUS-008808,Iron Supply,Mid,12,68.3,2025-09-15,2026-09-15,False
BUS-008809,Pioneer Works,Free,3,0.0,2025-11-26,2026-11-26,False
BUS-008810,Summit Logistics,Free,1,0.0,2025-10-13,2026-10-13,False
BUS-008811,Umbra Supply,Free,1,0.0,2024-05-05,2027-05-05,False
BUS-008812,Vertex Logistics,Mid,6,34.84,2024-12-22,2026-12-22,False
BUS-008813,Apex Media,Free,3,0.0,2023-09-30,2026-09-29,False
BUS-008814,Stellar Works,Free,1,0.0,2024-03-25,2027-03-25,False
BUS-008815,Nova Bakery,Premium,56,163.61,2023-11-17,2026-11-16,False
BUS-008816,Globex Labs,Premium,57,188.61,2025-10-27,2026-10-27,False
BUS-008817,Nova Works,Mid,16,48.54,2025-02-06,2027-02-06,True
BUS-008818,Apex Media,Free,1,0.0,2026-04-06,2027-04-06,False
BUS-008819,Iron Group,Free,2,0.0,2025-07-09,2026-07-09,False
BUS-008820,Stellar Consulting,Mid,11,30.6,2023-05-23,2027-05-22,False
BUS-008821,Umbra Logistics,Premium,66,400.31,2025-01-26,2027-01-26,False
BUS-008822,Iron Media,Free,1,0.0,2025-12-30,2026-12-30,False
BUS-008823,Cobalt Logistics,Free,3,0.0,2023-07-09,2026-07-08,False
BUS-008824,Bright Health,Free,2,0.0,2025-04-19,2027-04-19,False
BUS-008825,Apex Builders,Free,1,0.0,2026-03-03,2027-03-03,False
BUS-008826,Stellar Logistics,Mid,17,37.84,2025-03-23,2027-03-23,False
BUS-008827,Harbor Health,Free,2,0.0,2025-08-02,2026-08-02,False
BUS-008828,Cedar Foods,Premium,55,469.38,2023-09-06,2026-09-05,False
BUS-008829,Cobalt Consulting,Mid,12,50.5,2024-06-15,2026-06-15,True
BUS-008830,Vertex Consulting,Mid,8,87.18,2023-10-09,2026-10-08,False
BUS-008831,Acme Builders,Premium,46,353.92,2024-09-07,2026-09-07,False
BUS-008832,Umbra Health,Free,1,0.0,2026-04-15,2027-04-15,False
BUS-008833,Cobalt Works,Mid,12,57.96,2025-09-22,2026-09-22,False
BUS-008834,Stellar Trading,Free,2,0.0,2024-04-03,2027-04-03,False
BUS-008835,Nova Group,Mid,10,79.24,2024-03-17,2027-03-17,False
BUS-008836,Quantum Labs,Mid,16,84.95,2025-01-04,2027-01-04,False
BUS-008837,Pioneer Auto,Free,3,0.0,2025-08-16,2026-08-16,False
BUS-008838,Pioneer Supply,Premium,86,350.8,2025-04-24,2027-04-24,False
BUS-008839,Stellar Bakery,Mid,10,88.99,2023-08-10,2026-08-09,False
BUS-008840,Summit Auto,Free,2,0.0,2025-06-15,2026-06-15,False
BUS-008841,Umbra Foods,Free,2,0.0,2026-02-28,2027-02-28,False
BUS-008842,Umbra Partners,Premium,24,187.51,2024-05-16,2027-05-16,False
BUS-008843,Stellar Group,Free,1,0.0,2024-04-17,2027-04-17,False
BUS-008844,Umbra Media,Free,2,0.0,2025-05-08,2027-05-08,False
BUS-008845,Summit Foods,Free,2,0.0,2024-08-10,2026-08-10,False
BUS-008846,Initech Foods,Mid,17,68.33,2025-12-12,2026-12-12,False
BUS-008847,Pioneer Logistics,Free,3,0.0,2025-02-17,2027-02-17,False
BUS-008848,Vertex Media,Premium,54,620.08,2024-10-11,2026-10-11,False
BUS-008849,Stellar Group,Free,3,0.0,2023-08-17,2026-08-16,False
BUS-008850,Bright Logistics,Mid,6,77.13,2025-03-17,2027-03-17,False
BUS-008851,Bright Partners,Mid,3,75.09,2025-07-19,2026-07-19,False
BUS-008852,Umbra Media,Mid,5,76.66,2023-09-11,2026-09-10,False
BUS-008853,Nova Trading,Free,3,0.0,2023-11-16,2026-11-15,False
BUS-008854,Apex Supply,Mid,10,90.29,2024-05-10,2027-05-10,True
BUS-008855,Harbor Supply,Mid,4,77.88,2025-08-14,2026-08-14,False
BUS-008856,Summit Logistics,Free,3,0.0,2024-10-18,2026-10-18,False
BUS-008857,Stellar Bakery,Free,3,0.0,2025-01-05,2027-01-05,False
BUS-008858,Harbor Health,Mid,4,36.1,2024-03-14,2027-03-14,False
BUS-008859,Umbra Trading,Premium,31,382.1,2025-08-21,2026-08-21,False
BUS-008860,Quantum Group,Free,3,0.0,2026-04-14,2027-04-14,False
BUS-008861,Umbra Media,Free,1,0.0,2024-04-08,2027-04-08,False
BUS-008862,Bright Auto,Premium,28,506.82,2025-11-03,2026-11-03,False
BUS-008863,Iron Foods,Free,1,0.0,2025-12-29,2026-12-29,False
BUS-008864,Summit Health,Mid,11,96.83,2025-11-25,2026-11-25,False
BUS-008865,Iron Health,Mid,7,51.55,2025-03-23,2027-03-23,True
BUS-008866,Cobalt Health,Mid,16,77.28,2023-10-24,2026-10-23,False
BUS-008867,Pioneer Bakery,Free,2,0.0,2023-12-26,2026-12-25,False
BUS-008868,Quantum Retail,Free,1,0.0,2024-02-02,2027-02-01,False
BUS-008869,Stellar Trading,Mid,17,55.68,2024-12-24,2026-12-24,False
BUS-008870,Iron Supply,Free,3,0.0,2024-05-11,2027-05-11,False
BUS-008871,Globex Consulting,Free,1,0.0,2023-10-19,2026-10-18,False
BUS-008872,Apex Group,Mid,16,53.56,2023-10-13,2026-10-12,False
BUS-008873,Acme Auto,Free,2,0.0,2024-05-03,2027-05-03,False
BUS-008874,Bright Auto,Mid,9,35.73,2026-01-28,2027-01-28,False
BUS-008875,Nova Supply,Free,3,0.0,2025-03-02,2027-03-02,False
BUS-008876,Cedar Logistics,Mid,7,64.75,2025-09-27,2026-09-27,False
BUS-008877,Cedar Retail,Free,2,0.0,2026-04-06,2027-04-06,False
BUS-008878,Apex Trading,Mid,11,49.85,2025-02-28,2027-02-28,False
BUS-008879,Acme Partners,Free,1,0.0,2025-06-20,2026-06-20,False
BUS-008880,Umbra Retail,Free,3,0.0,2025-02-15,2027-02-15,False
BUS-008881,Umbra Foods,Mid,12,74.2,2025-07-11,2026-07-11,False
BUS-008882,Nova Bakery,Mid,16,37.4,2023-08-30,2026-08-29,False
BUS-008883,Initech Works,Free,1,0.0,2025-10-17,2026-10-17,False
BUS-008884,Globex Group,Mid,10,59.47,2026-04-18,2027-04-18,True
BUS-008885,Nova Health,Mid,13,88.95,2025-08-21,2026-08-21,True
BUS-008886,Vertex Bakery,Mid,4,53.37,2023-06-08,2026-06-07,False
BUS-008887,Initech Partners,Premium,61,673.38,2024-06-13,2026-06-13,False
BUS-008888,Iron Health,Premium,35,196.62,2025-11-15,2026-11-15,False
BUS-008889,Cobalt Group,Mid,4,46.75,2025-07-27,2026-07-27,False
BUS-008890,Cobalt Group,Mid,15,86.11,2024-06-02,2027-06-02,False
BUS-008891,Harbor Group,Mid,4,36.5,2023-06-07,2026-06-06,False
BUS-008892,Stellar Bakery,Mid,9,73.82,2024-06-12,2026-06-12,True
BUS-008893,Harbor Builders,Free,2,0.0,2025-10-21,2026-10-21,False
BUS-008894,Vertex Logistics,Free,1,0.0,2024-01-09,2027-01-08,False
BUS-008895,Harbor Labs,Premium,34,322.4,2025-01-10,2027-01-10,False
BUS-008896,Acme Partners,Free,2,0.0,2024-02-01,2027-01-31,False
BUS-008897,Iron Media,Free,3,0.0,2024-01-04,2027-01-03,False
BUS-008898,Bright Media,Free,3,0.0,2024-09-06,2026-09-06,False
BUS-008899,Umbra Partners,Free,2,0.0,2025-07-17,2026-07-17,False
BUS-008900,Umbra Studios,Free,3,0.0,2025-05-07,2027-05-07,False
BUS-008901,Cobalt Builders,Premium,51,456.06,2023-08-06,2026-08-05,False
BUS-008902,Initech Media,Mid,17,84.53,2026-01-06,2027-01-06,False
BUS-008903,Pioneer Trading,Free,2,0.0,2024-03-19,2027-03-19,False
BUS-008904,Harbor Group,Free,3,0.0,2024-01-04,2027-01-03,False
BUS-008905,Cedar Health,Mid,17,60.02,2025-02-10,2027-02-10,False
BUS-008906,Quantum Health,Free,2,0.0,2025-11-25,2026-11-25,False
BUS-008907,Quantum Builders,Free,2,0.0,2025-01-01,2027-01-01,False
BUS-008908,Iron Studios,Premium,21,165.31,2024-04-10,2027-04-10,False
BUS-008909,Apex Auto,Mid,14,98.42,2023-11-04,2026-11-03,False
BUS-008910,Bright Partners,Free,1,0.0,2026-02-06,2027-02-06,False
BUS-008911,Apex Works,Mid,16,46.54,2025-01-12,2027-01-12,False
BUS-008912,Umbra Trading,Premium,72,422.49,2024-08-05,2026-08-05,False
BUS-008913,Cobalt Bakery,Premium,97,485.21,2025-03-15,2027-03-15,False
BUS-008914,Globex Labs,Mid,15,37.84,2025-04-19,2027-04-19,False
BUS-008915,Quantum Media,Free,2,0.0,2026-02-21,2027-02-21,False
BUS-008916,Cobalt Retail,Mid,11,42.82,2025-09-14,2026-09-14,False
BUS-008917,Acme Group,Mid,17,39.46,2026-01-16,2027-01-16,False
BUS-008918,Pioneer Bakery,Free,2,0.0,2023-11-24,2026-11-23,False
BUS-008919,Cobalt Works,Mid,11,95.25,2023-09-05,2026-09-04,False
BUS-008920,Pioneer Partners,Free,3,0.0,2024-08-19,2026-08-19,False
BUS-008921,Summit Logistics,Mid,17,54.89,2023-08-31,2026-08-30,True
BUS-008922,Bright Logistics,Free,3,0.0,2024-09-10,2026-09-10,False
BUS-008923,Vertex Foods,Mid,12,33.79,2024-03-26,2027-03-26,False
BUS-008924,Stellar Studios,Mid,12,86.21,2025-10-19,2026-10-19,True
BUS-008925,Bright Health,Mid,13,66.17,2024-02-10,2027-02-09,False
BUS-008926,Vertex Supply,Free,1,0.0,2025-01-21,2027-01-21,False
BUS-008927,Globex Media,Premium,52,186.28,2025-01-22,2027-01-22,False
BUS-008928,Vertex Trading,Premium,43,206.27,2024-10-23,2026-10-23,False
BUS-008929,Quantum Retail,Mid,9,56.17,2025-10-22,2026-10-22,False
BUS-008930,Pioneer Partners,Free,3,0.0,2024-10-03,2026-10-03,False
BUS-008931,Initech Labs,Free,1,0.0,2023-12-31,2026-12-30,False
BUS-008932,Cobalt Trading,Free,3,0.0,2025-06-01,2027-06-01,False
BUS-008933,Bright Works,Free,2,0.0,2025-03-09,2027-03-09,False
BUS-008934,Bright Partners,Free,1,0.0,2023-10-29,2026-10-28,False
BUS-008935,Harbor Health,Free,1,0.0,2025-03-29,2027-03-29,False
BUS-008936,Umbra Auto,Mid,9,82.54,2024-10-07,2026-10-07,False
BUS-008937,Summit Auto,Mid,17,76.56,2023-06-21,2026-06-20,False
BUS-008938,Globex Trading,Free,1,0.0,2025-05-04,2027-05-04,False
BUS-008939,Summit Trading,Free,2,0.0,2026-02-06,2027-02-06,False
BUS-008940,Umbra Works,Premium,13,670.59,2024-10-09,2026-10-09,False
BUS-008941,Vertex Foods,Free,2,0.0,2024-12-05,2026-12-05,False
BUS-008942,Nova Health,Mid,14,47.38,2025-11-27,2026-11-27,False
BUS-008943,Umbra Partners,Free,3,0.0,2023-11-16,2026-11-15,False
BUS-008944,Cobalt Partners,Premium,60,247.47,2025-12-02,2026-12-02,False
BUS-008945,Vertex Bakery,Mid,17,76.15,2024-09-09,2026-09-09,False
BUS-008946,Nova Partners,Free,1,0.0,2023-07-26,2026-07-25,False
BUS-008947,Harbor Logistics,Premium,79,610.17,2025-11-20,2026-11-20,False
BUS-008948,Bright Foods,Premium,53,740.74,2023-08-04,2026-08-03,False
BUS-008949,Globex Builders,Free,1,0.0,2024-10-21,2026-10-21,False
BUS-008950,Harbor Logistics,Mid,16,35.62,2023-12-27,2026-12-26,False
BUS-008951,Cobalt Trading,Mid,9,42.02,2025-10-28,2026-10-28,False
BUS-008952,Bright Consulting,Premium,50,705.61,2023-11-29,2026-11-28,False
BUS-008953,Iron Works,Mid,17,89.34,2023-11-12,2026-11-11,False
BUS-008954,Vertex Logistics,Free,2,0.0,2025-08-26,2026-08-26,False
BUS-008955,Cobalt Labs,Mid,12,97.72,2025-11-09,2026-11-09,False
BUS-008956,Vertex Works,Mid,15,98.64,2026-04-11,2027-04-11,True
BUS-008957,Vertex Works,Mid,9,84.24,2024-10-15,2026-10-15,False
BUS-008958,Acme Labs,Free,2,0.0,2025-03-29,2027-03-29,False
BUS-008959,Globex Group,Free,3,0.0,2023-07-22,2026-07-21,False
BUS-008960,Summit Logistics,Premium,46,404.18,2024-06-06,2026-06-06,False
BUS-008961,Cobalt Builders,Mid,16,67.84,2024-08-20,2026-08-20,False
BUS-008962,Nova Consulting,Mid,6,78.91,2026-04-19,2027-04-19,False
BUS-008963,Cobalt Labs,Free,2,0.0,2023-07-13,2026-07-12,False
BUS-008964,Cobalt Auto,Mid,6,62.93,2024-04-02,2027-04-02,False
BUS-008965,Stellar Labs,Mid,7,52.94,2024-03-04,2027-03-04,False
BUS-008966,Acme Bakery,Mid,7,82.31,2023-12-29,2026-12-28,False
BUS-008967,Pioneer Works,Free,1,0.0,2025-05-15,2027-05-15,False
BUS-008968,Nova Consulting,Free,2,0.0,2025-11-30,2026-11-30,False
BUS-008969,Pioneer Labs,Free,2,0.0,2025-01-01,2027-01-01,False
BUS-008970,Iron Foods,Mid,16,93.42,2024-04-07,2027-04-07,False
BUS-008971,Bright Group,Free,3,0.0,2025-06-30,2026-06-30,False
BUS-008972,Cobalt Works,Free,3,0.0,2024-12-02,2026-12-02,False
BUS-008973,Globex Partners,Free,1,0.0,2025-06-27,2026-06-27,False
BUS-008974,Harbor Group,Premium,17,179.37,2024-11-28,2026-11-28,False
BUS-008975,Quantum Supply,Free,3,0.0,2023-10-06,2026-10-05,False
BUS-008976,Stellar Foods,Mid,12,47.12,2025-01-31,2027-01-31,False
BUS-008977,Iron Group,Free,3,0.0,2025-03-29,2027-03-29,False
BUS-008978,Nova Auto,Mid,6,68.62,2024-02-08,2027-02-07,False
BUS-008979,Bright Bakery,Free,2,0.0,2025-02-28,2027-02-28,False
BUS-008980,Quantum Media,Premium,58,359.16,2025-07-18,2026-07-18,False
BUS-008981,Cobalt Partners,Free,3,0.0,2025-01-07,2027-01-07,False
BUS-008982,Nova Bakery,Free,3,0.0,2024-04-27,2027-04-27,False
BUS-008983,Apex Labs,Mid,11,31.75,2023-06-12,2026-06-11,False
BUS-008984,Pioneer Trading,Mid,17,44.6,2024-09-19,2026-09-19,False
BUS-008985,Nova Group,Free,2,0.0,2025-06-23,2026-06-23,False
BUS-008986,Iron Supply,Mid,9,42.96,2025-11-05,2026-11-05,False
BUS-008987,Bright Works,Free,3,0.0,2023-11-07,2026-11-06,False
BUS-008988,Initech Trading,Mid,6,79.09,2023-08-21,2026-08-20,True
BUS-008989,Cedar Group,Free,3,0.0,2023-11-20,2026-11-19,False
BUS-008990,Stellar Trading,Free,3,0.0,2025-01-23,2027-01-23,False
BUS-008991,Cedar Trading,Free,3,0.0,2023-08-13,2026-08-12,False
BUS-008992,Globex Foods,Mid,5,98.22,2025-07-21,2026-07-21,False
BUS-008993,Cobalt Retail,Free,2,0.0,2023-09-10,2026-09-09,False
BUS-008994,Umbra Group,Free,1,0.0,2024-10-21,2026-10-21,False
BUS-008995,Quantum Auto,Mid,4,44.8,2024-08-26,2026-08-26,True
BUS-008996,Stellar Auto,Premium,33,308.65,2024-01-30,2027-01-29,False
BUS-008997,Harbor Trading,Free,1,0.0,2024-02-12,2027-02-11,False
BUS-008998,Quantum Auto,Free,1,0.0,2024-08-30,2026-08-30,False
BUS-008999,Bright Group,Free,1,0.0,2026-03-10,2027-03-10,False
BUS-009000,Harbor Labs,Premium,99,491.07,2024-11-02,2026-11-02,False
BUS-009001,Summit Works,Premium,18,672.74,2026-03-07,2027-03-07,False
BUS-009002,Quantum Health,Mid,8,80.46,2023-08-10,2026-08-09,False
BUS-009003,Summit Supply,Premium,51,290.91,2024-03-14,2027-03-14,False
BUS-009004,Cobalt Works,Free,1,0.0,2023-08-10,2026-08-09,False
BUS-009005,Nova Group,Free,1,0.0,2025-06-09,2026-06-09,False
BUS-009006,Harbor Foods,Free,2,0.0,2025-11-12,2026-11-12,False
BUS-009007,Nova Partners,Free,1,0.0,2026-04-13,2027-04-13,False
BUS-009008,Globex Partners,Free,2,0.0,2024-04-20,2027-04-20,False
BUS-009009,Bright Foods,Mid,15,91.12,2023-09-14,2026-09-13,False
BUS-009010,Umbra Builders,Premium,98,173.22,2024-07-20,2026-07-20,False
BUS-009011,Acme Bakery,Free,3,0.0,2024-03-23,2027-03-23,False
BUS-009012,Nova Trading,Premium,76,684.53,2025-12-11,2026-12-11,False
BUS-009013,Acme Supply,Free,1,0.0,2026-01-13,2027-01-13,False
BUS-009014,Pioneer Auto,Mid,15,93.34,2025-11-20,2026-11-20,False
BUS-009015,Nova Builders,Premium,38,669.97,2025-06-17,2026-06-17,False
BUS-009016,Harbor Consulting,Free,2,0.0,2023-11-23,2026-11-22,False
BUS-009017,Summit Health,Free,1,0.0,2025-10-20,2026-10-20,False
BUS-009018,Pioneer Logistics,Free,1,0.0,2025-04-11,2027-04-11,False
BUS-009019,Stellar Trading,Premium,61,488.41,2025-03-23,2027-03-23,False
BUS-009020,Bright Media,Free,1,0.0,2024-07-25,2026-07-25,False
BUS-009021,Bright Auto,Mid,3,63.71,2024-05-19,2027-05-19,False
BUS-009022,Umbra Logistics,Mid,3,88.76,2025-03-03,2027-03-03,False
BUS-009023,Umbra Logistics,Mid,11,89.61,2024-09-15,2026-09-15,True
BUS-009024,Apex Foods,Free,1,0.0,2026-03-15,2027-03-15,False
BUS-009025,Iron Supply,Mid,5,34.85,2024-07-30,2026-07-30,True
BUS-009026,Acme Consulting,Free,3,0.0,2025-01-09,2027-01-09,False
BUS-009027,Globex Media,Mid,3,55.24,2025-12-02,2026-12-02,False
BUS-009028,Umbra Bakery,Free,1,0.0,2025-04-11,2027-04-11,False
BUS-009029,Cedar Auto,Free,2,0.0,2026-01-15,2027-01-15,False
BUS-009030,Initech Builders,Mid,11,69.71,2024-07-06,2026-07-06,False
BUS-009031,Bright Auto,Free,1,0.0,2024-12-25,2026-12-25,False
BUS-009032,Cobalt Trading,Premium,68,191.63,2025-04-17,2027-04-17,False
BUS-009033,Cobalt Trading,Mid,8,47.74,2023-10-11,2026-10-10,False
BUS-009034,Quantum Labs,Free,2,0.0,2025-06-25,2026-06-25,False
BUS-009035,Acme Health,Premium,16,650.21,2024-02-21,2027-02-20,False
BUS-009036,Pioneer Labs,Free,2,0.0,2025-09-25,2026-09-25,False
BUS-009037,Harbor Trading,Premium,27,654.03,2025-02-06,2027-02-06,False
BUS-009038,Apex Group,Free,3,0.0,2024-03-28,2027-03-28,False
BUS-009039,Pioneer Labs,Mid,16,98.97,2024-04-27,2027-04-27,True
BUS-009040,Bright Media,Mid,16,55.25,2024-04-01,2027-04-01,False
BUS-009041,Cobalt Foods,Free,3,0.0,2025-02-23,2027-02-23,False
BUS-009042,Iron Studios,Mid,17,72.13,2023-08-10,2026-08-09,False
BUS-009043,Harbor Studios,Premium,85,175.0,2025-04-09,2027-04-09,False
BUS-009044,Acme Bakery,Free,3,0.0,2024-03-02,2027-03-02,False
BUS-009045,Cedar Partners,Free,2,0.0,2023-12-21,2026-12-20,False
BUS-009046,Cedar Foods,Free,2,0.0,2025-04-16,2027-04-16,False
BUS-009047,Globex Studios,Free,1,0.0,2025-12-03,2026-12-03,False
BUS-009048,Quantum Partners,Free,2,0.0,2025-08-04,2026-08-04,False
BUS-009049,Quantum Foods,Free,3,0.0,2025-09-23,2026-09-23,False
BUS-009050,Umbra Builders,Free,3,0.0,2024-12-22,2026-12-22,False
BUS-009051,Cobalt Labs,Free,1,0.0,2024-12-09,2026-12-09,False
BUS-009052,Stellar Consulting,Free,2,0.0,2025-02-14,2027-02-14,False
BUS-009053,Pioneer Group,Free,2,0.0,2025-06-24,2026-06-24,False
BUS-009054,Bright Trading,Free,3,0.0,2024-02-20,2027-02-19,False
BUS-009055,Pioneer Auto,Mid,8,94.41,2026-02-10,2027-02-10,True
BUS-009056,Harbor Partners,Premium,99,602.2,2025-09-09,2026-09-09,False
BUS-009057,Cedar Foods,Mid,16,92.47,2025-10-27,2026-10-27,False
BUS-009058,Umbra Trading,Mid,14,82.24,2024-06-21,2026-06-21,False
BUS-009059,Umbra Health,Premium,68,522.6,2024-10-21,2026-10-21,False
BUS-009060,Pioneer Bakery,Premium,76,672.79,2025-09-12,2026-09-12,False
BUS-009061,Harbor Builders,Premium,44,406.61,2025-10-27,2026-10-27,False
BUS-009062,Acme Group,Free,1,0.0,2026-02-21,2027-02-21,False
BUS-009063,Apex Group,Premium,63,656.05,2024-02-14,2027-02-13,False
BUS-009064,Harbor Media,Free,2,0.0,2024-09-17,2026-09-17,False
BUS-009065,Quantum Partners,Free,3,0.0,2024-02-07,2027-02-06,False
BUS-009066,Pioneer Trading,Premium,73,405.34,2024-04-26,2027-04-26,False
BUS-009067,Summit Studios,Free,1,0.0,2024-10-17,2026-10-17,False
BUS-009068,Bright Consulting,Free,3,0.0,2025-10-07,2026-10-07,False
BUS-009069,Summit Bakery,Free,2,0.0,2024-10-30,2026-10-30,False
BUS-009070,Summit Supply,Free,2,0.0,2025-10-18,2026-10-18,False
BUS-009071,Stellar Media,Premium,80,460.04,2024-01-28,2027-01-27,False
BUS-009072,Stellar Retail,Free,1,0.0,2024-03-29,2027-03-29,False
BUS-009073,Stellar Logistics,Free,2,0.0,2025-11-17,2026-11-17,False
BUS-009074,Iron Labs,Mid,6,54.19,2025-09-14,2026-09-14,False
BUS-009075,Cobalt Retail,Free,3,0.0,2024-09-19,2026-09-19,False
BUS-009076,Iron Consulting,Free,2,0.0,2025-04-07,2027-04-07,False
BUS-009077,Apex Logistics,Mid,6,83.89,2025-09-21,2026-09-21,False
BUS-009078,Pioneer Media,Mid,16,58.51,2025-06-10,2026-06-10,False
BUS-009079,Umbra Retail,Mid,11,99.24,2024-10-22,2026-10-22,False
BUS-009080,Iron Health,Mid,15,51.99,2023-07-25,2026-07-24,False
BUS-009081,Stellar Partners,Free,1,0.0,2023-10-23,2026-10-22,False
BUS-009082,Umbra Partners,Free,3,0.0,2023-12-27,2026-12-26,False
BUS-009083,Cobalt Trading,Free,2,0.0,2023-11-17,2026-11-16,False
BUS-009084,Summit Builders,Free,3,0.0,2024-12-23,2026-12-23,False
BUS-009085,Globex Media,Free,1,0.0,2025-11-09,2026-11-09,False
BUS-009086,Nova Health,Free,2,0.0,2025-11-26,2026-11-26,False
BUS-009087,Bright Foods,Free,1,0.0,2023-06-17,2026-06-16,False
BUS-009088,Initech Group,Free,2,0.0,2026-04-22,2027-04-22,False
BUS-009089,Apex Builders,Mid,4,76.96,2026-01-26,2027-01-26,False
BUS-009090,Quantum Partners,Mid,4,51.3,2024-07-07,2026-07-07,False
BUS-009091,Pioneer Supply,Mid,8,89.02,2026-03-24,2027-03-24,True
BUS-009092,Summit Logistics,Mid,7,60.48,2025-09-23,2026-09-23,False
BUS-009093,Stellar Partners,Free,2,0.0,2025-01-23,2027-01-23,False
BUS-009094,Acme Logistics,Free,3,0.0,2024-10-28,2026-10-28,False
BUS-009095,Initech Labs,Free,1,0.0,2023-08-02,2026-08-01,False
BUS-009096,Umbra Health,Mid,10,37.79,2024-03-29,2027-03-29,False
BUS-009097,Umbra Builders,Premium,23,336.98,2024-04-30,2027-04-30,False
BUS-009098,Stellar Partners,Mid,14,75.61,2024-07-04,2026-07-04,False
BUS-009099,Vertex Supply,Premium,59,479.43,2023-09-21,2026-09-20,False
BUS-009100,Globex Builders,Free,1,0.0,2023-06-10,2026-06-09,False
BUS-009101,Initech Supply,Free,3,0.0,2023-06-07,2026-06-06,False
BUS-009102,Stellar Labs,Mid,7,67.06,2023-09-18,2026-09-17,False
BUS-009103,Apex Builders,Mid,12,32.2,2026-03-30,2027-03-30,False
BUS-009104,Acme Labs,Free,1,0.0,2025-01-06,2027-01-06,False
BUS-009105,Pioneer Bakery,Free,1,0.0,2024-11-15,2026-11-15,False
BUS-009106,Cobalt Foods,Mid,12,33.33,2025-11-14,2026-11-14,False
BUS-009107,Cobalt Supply,Free,1,0.0,2025-05-06,2027-05-06,False
BUS-009108,Vertex Consulting,Free,1,0.0,2023-10-12,2026-10-11,False
BUS-009109,Bright Media,Free,2,0.0,2025-02-04,2027-02-04,False
BUS-009110,Apex Trading,Free,1,0.0,2025-07-09,2026-07-09,False
BUS-009111,Iron Foods,Free,1,0.0,2024-11-17,2026-11-17,False
BUS-009112,Vertex Group,Free,2,0.0,2025-07-20,2026-07-20,False
BUS-009113,Globex Auto,Mid,13,93.76,2024-11-18,2026-11-18,False
BUS-009114,Summit Auto,Premium,82,430.94,2025-04-11,2027-04-11,False
BUS-009115,Bright Health,Free,3,0.0,2024-05-24,2027-05-24,False
BUS-009116,Globex Labs,Free,1,0.0,2024-03-18,2027-03-18,False
BUS-009117,Acme Media,Mid,12,79.46,2025-06-18,2026-06-18,False
BUS-009118,Umbra Supply,Free,3,0.0,2024-12-24,2026-12-24,False
BUS-009119,Stellar Group,Free,1,0.0,2025-11-03,2026-11-03,False
BUS-009120,Vertex Auto,Free,2,0.0,2026-01-23,2027-01-23,False
BUS-009121,Bright Studios,Premium,32,406.81,2026-02-07,2027-02-07,False
BUS-009122,Vertex Retail,Free,3,0.0,2025-04-24,2027-04-24,False
BUS-009123,Iron Retail,Free,1,0.0,2024-04-27,2027-04-27,False
BUS-009124,Summit Auto,Free,3,0.0,2024-07-20,2026-07-20,False
BUS-009125,Harbor Logistics,Premium,81,489.14,2025-06-20,2026-06-20,False
BUS-009126,Cedar Works,Mid,7,90.7,2024-07-14,2026-07-14,False
BUS-009127,Harbor Bakery,Free,2,0.0,2024-04-14,2027-04-14,False
BUS-009128,Bright Retail,Free,3,0.0,2024-06-21,2026-06-21,False
BUS-009129,Bright Group,Free,2,0.0,2023-08-04,2026-08-03,False
BUS-009130,Stellar Logistics,Free,2,0.0,2026-01-05,2027-01-05,False
BUS-009131,Cobalt Auto,Mid,4,41.74,2025-12-09,2026-12-09,False
BUS-009132,Summit Health,Mid,13,84.39,2024-11-14,2026-11-14,False
BUS-009133,Harbor Works,Mid,6,87.72,2024-06-16,2026-06-16,False
BUS-009134,Quantum Group,Free,3,0.0,2023-05-22,2027-05-21,False
BUS-009135,Pioneer Studios,Premium,35,487.16,2025-08-17,2026-08-17,False
BUS-009136,Globex Retail,Free,2,0.0,2025-02-18,2027-02-18,False
BUS-009137,Vertex Logistics,Premium,98,299.34,2024-06-08,2026-06-08,False
BUS-009138,Summit Supply,Free,2,0.0,2025-03-30,2027-03-30,False
BUS-009139,Nova Builders,Free,1,0.0,2023-12-01,2026-11-30,False
BUS-009140,Harbor Group,Free,2,0.0,2023-09-03,2026-09-02,False
BUS-009141,Globex Retail,Premium,12,477.33,2025-11-28,2026-11-28,False
BUS-009142,Stellar Media,Mid,5,42.57,2025-10-06,2026-10-06,False
BUS-009143,Quantum Studios,Premium,23,257.32,2023-12-31,2026-12-30,False
BUS-009144,Cedar Bakery,Free,3,0.0,2024-05-07,2027-05-07,False
BUS-009145,Bright Foods,Free,1,0.0,2025-06-02,2027-06-02,False
BUS-009146,Cedar Media,Mid,9,82.07,2025-08-16,2026-08-16,True
BUS-009147,Harbor Trading,Free,2,0.0,2025-09-29,2026-09-29,False
BUS-009148,Cobalt Works,Free,1,0.0,2024-02-20,2027-02-19,False
BUS-009149,Initech Bakery,Free,3,0.0,2026-02-27,2027-02-27,False
BUS-009150,Summit Consulting,Mid,15,72.39,2025-03-04,2027-03-04,False
BUS-009151,Stellar Media,Free,1,0.0,2024-02-19,2027-02-18,False
BUS-009152,Globex Retail,Free,2,0.0,2024-01-07,2027-01-06,False
BUS-009153,Initech Trading,Free,2,0.0,2025-04-14,2027-04-14,False
BUS-009154,Quantum Consulting,Premium,53,416.66,2023-10-16,2026-10-15,False
BUS-009155,Pioneer Health,Free,3,0.0,2025-10-11,2026-10-11,False
BUS-009156,Cobalt Group,Free,1,0.0,2023-10-18,2026-10-17,False
BUS-009157,Stellar Media,Mid,5,74.1,2026-04-21,2027-04-21,False
BUS-009158,Acme Group,Free,1,0.0,2025-01-13,2027-01-13,False
BUS-009159,Acme Partners,Free,1,0.0,2024-03-31,2027-03-31,False
BUS-009160,Stellar Bakery,Mid,9,64.68,2024-02-22,2027-02-21,False
BUS-009161,Iron Builders,Premium,92,224.0,2024-09-17,2026-09-17,False
BUS-009162,Initech Labs,Free,1,0.0,2025-01-09,2027-01-09,False
BUS-009163,Pioneer Media,Free,2,0.0,2025-10-30,2026-10-30,False
BUS-009164,Apex Retail,Free,2,0.0,2023-06-05,2026-06-04,False
BUS-009165,Stellar Consulting,Premium,67,276.45,2025-03-12,2027-03-12,False
BUS-009166,Bright Group,Premium,14,228.34,2024-02-02,2027-02-01,False
BUS-009167,Cedar Retail,Free,3,0.0,2024-04-09,2027-04-09,False
BUS-009168,Initech Trading,Free,2,0.0,2025-06-08,2026-06-08,False
BUS-009169,Cedar Works,Mid,14,58.36,2025-11-13,2026-11-13,False
BUS-009170,Pioneer Health,Free,3,0.0,2024-01-31,2027-01-30,False
BUS-009171,Initech Trading,Mid,4,31.27,2024-05-10,2027-05-10,False
BUS-009172,Iron Media,Premium,97,183.02,2025-07-14,2026-07-14,False
BUS-009173,Iron Retail,Mid,3,69.01,2024-06-26,2026-06-26,False
BUS-009174,Vertex Retail,Premium,76,329.64,2024-11-27,2026-11-27,False
BUS-009175,Harbor Consulting,Free,3,0.0,2024-10-15,2026-10-15,False
BUS-009176,Nova Labs,Mid,5,54.19,2023-11-29,2026-11-28,True
BUS-009177,Globex Bakery,Mid,17,65.85,2026-02-02,2027-02-02,False
BUS-009178,Summit Labs,Free,2,0.0,2025-10-04,2026-10-04,False
BUS-009179,Acme Logistics,Free,1,0.0,2024-05-20,2027-05-20,False
BUS-009180,Apex Foods,Mid,13,48.64,2024-10-23,2026-10-23,False
BUS-009181,Bright Health,Mid,7,35.05,2025-04-25,2027-04-25,False
BUS-009182,Quantum Consulting,Free,2,0.0,2024-11-04,2026-11-04,False
BUS-009183,Acme Health,Free,1,0.0,2024-02-10,2027-02-09,False
BUS-009184,Iron Health,Free,1,0.0,2025-11-14,2026-11-14,False
BUS-009185,Apex Media,Mid,7,39.68,2025-01-04,2027-01-04,False
BUS-009186,Vertex Labs,Mid,5,61.65,2023-12-01,2026-11-30,False
BUS-009187,Summit Supply,Mid,11,75.33,2025-10-07,2026-10-07,True
BUS-009188,Globex Partners,Free,2,0.0,2025-06-12,2026-06-12,False
BUS-009189,Acme Group,Free,1,0.0,2023-09-19,2026-09-18,False
BUS-009190,Harbor Logistics,Mid,8,90.67,2025-10-09,2026-10-09,False
BUS-009191,Quantum Bakery,Free,2,0.0,2025-02-22,2027-02-22,False
BUS-009192,Stellar Foods,Free,1,0.0,2024-05-17,2027-05-17,False
BUS-009193,Apex Trading,Free,2,0.0,2026-05-01,2027-05-01,False
BUS-009194,Iron Partners,Free,3,0.0,2025-01-07,2027-01-07,False
BUS-009195,Stellar Works,Premium,80,426.46,2024-04-11,2027-04-11,False
BUS-009196,Umbra Media,Free,1,0.0,2026-02-21,2027-02-21,False
BUS-009197,Acme Retail,Free,1,0.0,2026-03-15,2027-03-15,False
BUS-009198,Bright Builders,Premium,33,352.0,2024-03-12,2027-03-12,False
BUS-009199,Stellar Foods,Free,2,0.0,2025-12-18,2026-12-18,False
BUS-009200,Initech Group,Free,1,0.0,2024-05-04,2027-05-04,False
BUS-009201,Summit Consulting,Free,3,0.0,2024-09-16,2026-09-16,False
BUS-009202,Stellar Logistics,Free,3,0.0,2023-12-01,2026-11-30,False
BUS-009203,Acme Retail,Free,1,0.0,2026-03-29,2027-03-29,False
BUS-009204,Pioneer Supply,Mid,13,96.06,2025-09-06,2026-09-06,False
BUS-009205,Initech Retail,Mid,6,90.12,2024-03-19,2027-03-19,False
BUS-009206,Harbor Logistics,Free,2,0.0,2025-03-30,2027-03-30,False
BUS-009207,Nova Retail,Mid,7,52.74,2025-04-23,2027-04-23,False
BUS-009208,Summit Media,Free,2,0.0,2025-02-15,2027-02-15,False
BUS-009209,Stellar Builders,Mid,16,80.17,2023-11-01,2026-10-31,False
BUS-009210,Quantum Foods,Mid,9,54.87,2023-11-19,2026-11-18,False
BUS-009211,Acme Supply,Free,1,0.0,2023-07-23,2026-07-22,False
BUS-009212,Initech Studios,Free,2,0.0,2024-09-21,2026-09-21,False
BUS-009213,Harbor Builders,Free,3,0.0,2025-11-29,2026-11-29,False
BUS-009214,Iron Retail,Free,2,0.0,2024-11-15,2026-11-15,False
BUS-009215,Acme Bakery,Free,2,0.0,2024-06-19,2026-06-19,False
BUS-009216,Acme Retail,Free,1,0.0,2023-07-21,2026-07-20,False
BUS-009217,Pioneer Studios,Mid,12,38.05,2025-10-07,2026-10-07,False
BUS-009218,Stellar Group,Free,3,0.0,2024-02-12,2027-02-11,False
BUS-009219,Initech Consulting,Premium,31,428.68,2025-06-26,2026-06-26,False
BUS-009220,Harbor Health,Premium,61,718.32,2024-11-15,2026-11-15,False
BUS-009221,Cobalt Group,Free,2,0.0,2023-12-30,2026-12-29,False
BUS-009222,Cobalt Consulting,Free,2,0.0,2024-02-26,2027-02-25,False
BUS-009223,Stellar Labs,Free,3,0.0,2024-01-19,2027-01-18,False
BUS-009224,Quantum Studios,Premium,21,564.55,2025-03-08,2027-03-08,False
BUS-009225,Umbra Works,Free,3,0.0,2025-08-01,2026-08-01,False
BUS-009226,Cobalt Bakery,Free,3,0.0,2024-01-01,2026-12-31,False
BUS-009227,Pioneer Bakery,Mid,9,34.94,2024-10-02,2026-10-02,False
BUS-009228,Bright Bakery,Free,2,0.0,2024-05-08,2027-05-08,False
BUS-009229,Harbor Studios,Premium,15,627.73,2024-10-02,2026-10-02,False
BUS-009230,Vertex Consulting,Free,2,0.0,2023-06-14,2026-06-13,False
BUS-009231,Initech Health,Premium,68,489.79,2024-01-28,2027-01-27,False
BUS-009232,Pioneer Consulting,Mid,15,30.75,2024-03-17,2027-03-17,False
BUS-009233,Iron Trading,Mid,6,41.06,2024-06-13,2026-06-13,False
BUS-009234,Bright Labs,Premium,74,350.99,2026-02-05,2027-02-05,False
BUS-009235,Summit Partners,Free,3,0.0,2025-02-03,2027-02-03,False
BUS-009236,Globex Studios,Mid,16,81.04,2025-12-10,2026-12-10,True
BUS-009237,Quantum Auto,Free,1,0.0,2025-07-24,2026-07-24,False
BUS-009238,Nova Studios,Mid,16,53.14,2025-10-17,2026-10-17,False
BUS-009239,Stellar Trading,Premium,14,428.82,2025-07-07,2026-07-07,False
BUS-009240,Pioneer Logistics,Mid,6,56.02,2025-07-01,2026-07-01,False
BUS-009241,Cobalt Partners,Free,1,0.0,2024-12-27,2026-12-27,False
BUS-009242,Vertex Works,Premium,41,474.64,2023-10-10,2026-10-09,False
BUS-009243,Vertex Foods,Mid,10,57.3,2023-11-20,2026-11-19,False
BUS-009244,Vertex Studios,Free,3,0.0,2024-09-11,2026-09-11,False
BUS-009245,Summit Builders,Mid,9,86.69,2024-01-20,2027-01-19,False
BUS-009246,Stellar Labs,Mid,15,65.63,2024-06-10,2026-06-10,False
BUS-009247,Initech Health,Premium,29,642.04,2024-03-13,2027-03-13,False
BUS-009248,Umbra Works,Mid,16,69.0,2024-08-31,2026-08-31,False
BUS-009249,Initech Logistics,Free,1,0.0,2023-06-17,2026-06-16,False
BUS-009250,Cedar Foods,Free,1,0.0,2023-06-09,2026-06-08,False
BUS-009251,Initech Bakery,Premium,37,501.01,2024-09-18,2026-09-18,False
BUS-009252,Quantum Retail,Mid,4,79.05,2023-11-19,2026-11-18,False
BUS-009253,Iron Builders,Free,2,0.0,2026-05-02,2027-05-02,False
BUS-009254,Vertex Works,Mid,8,33.7,2024-10-03,2026-10-03,False
BUS-009255,Acme Studios,Free,3,0.0,2025-05-29,2027-05-29,False
BUS-009256,Umbra Group,Mid,7,98.35,2024-11-10,2026-11-10,False
BUS-009257,Bright Consulting,Free,2,0.0,2025-02-22,2027-02-22,False
BUS-009258,Harbor Bakery,Free,1,0.0,2023-06-05,2026-06-04,False
BUS-009259,Nova Foods,Premium,93,541.02,2025-01-13,2027-01-13,False
BUS-009260,Acme Media,Free,1,0.0,2023-08-05,2026-08-04,False
BUS-009261,Initech Trading,Free,3,0.0,2024-09-09,2026-09-09,False
BUS-009262,Vertex Group,Free,2,0.0,2025-06-13,2026-06-13,False
BUS-009263,Harbor Studios,Premium,52,510.59,2025-08-27,2026-08-27,False
BUS-009264,Pioneer Logistics,Free,3,0.0,2025-02-28,2027-02-28,False
BUS-009265,Umbra Group,Mid,6,52.04,2023-06-11,2026-06-10,True
BUS-009266,Bright Builders,Free,2,0.0,2023-11-28,2026-11-27,False
BUS-009267,Globex Bakery,Mid,4,87.62,2025-05-20,2027-05-20,False
BUS-009268,Harbor Bakery,Mid,17,42.44,2025-10-10,2026-10-10,False
BUS-009269,Globex Bakery,Mid,11,55.73,2025-11-19,2026-11-19,False
BUS-009270,Stellar Auto,Free,1,0.0,2025-08-08,2026-08-08,False
BUS-009271,Vertex Labs,Free,2,0.0,2024-02-11,2027-02-10,False
BUS-009272,Umbra Studios,Free,2,0.0,2026-01-26,2027-01-26,False
BUS-009273,Apex Supply,Mid,8,60.02,2025-11-18,2026-11-18,False
BUS-009274,Apex Consulting,Free,2,0.0,2025-10-22,2026-10-22,False
BUS-009275,Iron Works,Free,3,0.0,2024-10-19,2026-10-19,False
BUS-009276,Quantum Health,Premium,79,196.03,2025-03-23,2027-03-23,False
BUS-009277,Pioneer Logistics,Free,2,0.0,2026-01-31,2027-01-31,False
BUS-009278,Cobalt Foods,Free,3,0.0,2024-11-27,2026-11-27,False
BUS-009279,Vertex Bakery,Premium,90,482.85,2025-04-21,2027-04-21,False
BUS-009280,Summit Consulting,Free,3,0.0,2025-11-24,2026-11-24,False
BUS-009281,Quantum Labs,Free,1,0.0,2024-08-26,2026-08-26,False
BUS-009282,Apex Works,Free,2,0.0,2024-08-09,2026-08-09,False
BUS-009283,Nova Media,Free,3,0.0,2024-09-04,2026-09-04,False
BUS-009284,Initech Works,Mid,6,51.02,2026-04-02,2027-04-02,False
BUS-009285,Quantum Builders,Free,3,0.0,2025-01-26,2027-01-26,False
BUS-009286,Umbra Auto,Free,1,0.0,2024-11-21,2026-11-21,False
BUS-009287,Globex Retail,Free,1,0.0,2025-03-25,2027-03-25,False
BUS-009288,Initech Partners,Free,2,0.0,2024-02-25,2027-02-24,False
BUS-009289,Apex Supply,Free,3,0.0,2025-09-29,2026-09-29,False
BUS-009290,Nova Labs,Mid,7,89.84,2024-08-06,2026-08-06,False
BUS-009291,Initech Bakery,Premium,76,443.25,2024-08-09,2026-08-09,False
BUS-009292,Nova Foods,Free,3,0.0,2024-02-19,2027-02-18,False
BUS-009293,Iron Studios,Mid,7,92.77,2026-01-10,2027-01-10,False
BUS-009294,Vertex Logistics,Premium,49,449.08,2023-10-03,2026-10-02,False
BUS-009295,Apex Studios,Mid,15,69.95,2025-03-29,2027-03-29,False
BUS-009296,Bright Labs,Free,3,0.0,2025-12-03,2026-12-03,False
BUS-009297,Umbra Partners,Premium,44,500.53,2024-09-08,2026-09-08,False
BUS-009298,Acme Logistics,Mid,5,90.5,2025-12-16,2026-12-16,False
BUS-009299,Bright Supply,Free,3,0.0,2024-02-25,2027-02-24,False
BUS-009300,Umbra Auto,Free,2,0.0,2025-08-03,2026-08-03,False
BUS-009301,Cedar Trading,Mid,12,45.08,2024-05-26,2027-05-26,False
BUS-009302,Initech Consulting,Mid,7,63.7,2024-04-15,2027-04-15,False
BUS-009303,Cedar Bakery,Mid,8,57.18,2024-05-25,2027-05-25,False
BUS-009304,Harbor Works,Mid,8,57.65,2023-12-27,2026-12-26,False
BUS-009305,Cobalt Labs,Mid,4,97.98,2025-09-03,2026-09-03,True
BUS-009306,Harbor Retail,Free,3,0.0,2026-03-29,2027-03-29,False
BUS-009307,Bright Consulting,Mid,12,59.59,2025-04-19,2027-04-19,False
BUS-009308,Pioneer Works,Free,2,0.0,2025-07-27,2026-07-27,False
BUS-009309,Quantum Retail,Free,2,0.0,2026-03-08,2027-03-08,False
BUS-009310,Cedar Trading,Free,3,0.0,2023-06-18,2026-06-17,False
BUS-009311,Stellar Labs,Mid,9,34.59,2023-12-04,2026-12-03,False
BUS-009312,Cobalt Auto,Mid,6,49.62,2025-07-11,2026-07-11,True
BUS-009313,Initech Foods,Free,1,0.0,2026-04-28,2027-04-28,False
BUS-009314,Acme Labs,Free,3,0.0,2025-02-14,2027-02-14,False
BUS-009315,Cobalt Group,Free,1,0.0,2024-12-14,2026-12-14,False
BUS-009316,Umbra Health,Free,2,0.0,2026-04-02,2027-04-02,False
BUS-009317,Harbor Labs,Free,2,0.0,2023-11-30,2026-11-29,False
BUS-009318,Cobalt Trading,Free,2,0.0,2023-10-26,2026-10-25,False
BUS-009319,Globex Studios,Mid,16,86.06,2026-01-29,2027-01-29,False
BUS-009320,Stellar Supply,Mid,10,81.48,2026-04-20,2027-04-20,False
BUS-009321,Stellar Group,Mid,4,84.44,2025-09-18,2026-09-18,False
BUS-009322,Apex Studios,Premium,77,602.51,2025-04-15,2027-04-15,False
BUS-009323,Bright Retail,Free,2,0.0,2025-11-23,2026-11-23,False
BUS-009324,Initech Works,Free,2,0.0,2023-09-05,2026-09-04,False
BUS-009325,Summit Consulting,Premium,68,340.97,2024-01-14,2027-01-13,False
BUS-009326,Iron Logistics,Mid,12,36.95,2024-10-24,2026-10-24,False
BUS-009327,Vertex Works,Mid,7,36.74,2025-07-25,2026-07-25,False
BUS-009328,Cobalt Media,Mid,10,32.48,2026-02-15,2027-02-15,False
BUS-009329,Cedar Health,Premium,15,343.26,2025-06-05,2026-06-05,False
BUS-009330,Pioneer Labs,Mid,11,35.62,2024-03-06,2027-03-06,False
BUS-009331,Stellar Works,Free,3,0.0,2025-09-15,2026-09-15,False
BUS-009332,Summit Consulting,Free,2,0.0,2025-11-20,2026-11-20,False
BUS-009333,Summit Retail,Free,1,0.0,2024-10-15,2026-10-15,False
BUS-009334,Summit Labs,Mid,17,82.3,2025-12-02,2026-12-02,False
BUS-009335,Cobalt Group,Free,1,0.0,2024-08-04,2026-08-04,False
BUS-009336,Vertex Retail,Mid,6,85.68,2023-11-15,2026-11-14,False
BUS-009337,Quantum Foods,Free,1,0.0,2023-08-22,2026-08-21,False
BUS-009338,Quantum Health,Free,3,0.0,2026-04-11,2027-04-11,False
BUS-009339,Apex Health,Free,2,0.0,2024-08-08,2026-08-08,False
BUS-009340,Globex Media,Mid,6,97.49,2025-05-04,2027-05-04,False
BUS-009341,Bright Bakery,Free,3,0.0,2024-03-03,2027-03-03,False
BUS-009342,Globex Partners,Free,3,0.0,2025-04-14,2027-04-14,False
BUS-009343,Cedar Supply,Mid,3,70.1,2025-11-30,2026-11-30,False
BUS-009344,Acme Auto,Free,1,0.0,2023-09-24,2026-09-23,False
BUS-009345,Pioneer Supply,Free,1,0.0,2025-02-17,2027-02-17,False
BUS-009346,Globex Trading,Mid,5,52.3,2024-02-10,2027-02-09,True
BUS-009347,Iron Media,Free,1,0.0,2024-05-25,2027-05-25,False
BUS-009348,Cedar Health,Free,1,0.0,2026-01-12,2027-01-12,False
BUS-009349,Apex Foods,Free,2,0.0,2023-12-13,2026-12-12,False
BUS-009350,Vertex Partners,Free,2,0.0,2023-10-28,2026-10-27,False
BUS-009351,Acme Consulting,Free,1,0.0,2025-04-16,2027-04-16,False
BUS-009352,Stellar Labs,Free,2,0.0,2025-05-03,2027-05-03,False
BUS-009353,Umbra Foods,Free,2,0.0,2026-03-06,2027-03-06,False
BUS-009354,Iron Consulting,Mid,14,57.47,2026-03-06,2027-03-06,False
BUS-009355,Cedar Retail,Free,1,0.0,2025-06-26,2026-06-26,False
BUS-009356,Cobalt Auto,Mid,5,45.92,2023-09-24,2026-09-23,False
BUS-009357,Apex Supply,Free,2,0.0,2024-10-27,2026-10-27,False
BUS-009358,Cedar Bakery,Premium,51,272.7,2025-04-18,2027-04-18,False
BUS-009359,Bright Trading,Premium,47,453.21,2025-06-19,2026-06-19,False
BUS-009360,Bright Auto,Premium,66,365.4,2024-09-26,2026-09-26,False
BUS-009361,Pioneer Supply,Free,3,0.0,2023-11-17,2026-11-16,False
BUS-009362,Iron Foods,Mid,8,36.14,2025-05-02,2027-05-02,False
BUS-009363,Pioneer Logistics,Free,3,0.0,2025-08-17,2026-08-17,False
BUS-009364,Cobalt Retail,Free,1,0.0,2025-04-24,2027-04-24,False
BUS-009365,Cobalt Supply,Free,1,0.0,2023-09-21,2026-09-20,False
BUS-009366,Cedar Health,Free,3,0.0,2025-12-16,2026-12-16,False
BUS-009367,Bright Retail,Mid,10,76.56,2023-11-13,2026-11-12,False
BUS-009368,Iron Consulting,Mid,13,80.47,2026-03-28,2027-03-28,False
BUS-009369,Globex Group,Free,3,0.0,2023-12-30,2026-12-29,False
BUS-009370,Summit Consulting,Mid,11,85.62,2024-03-13,2027-03-13,False
BUS-009371,Harbor Partners,Premium,52,561.63,2026-03-03,2027-03-03,False
BUS-009372,Vertex Studios,Free,2,0.0,2024-01-29,2027-01-28,False
BUS-009373,Apex Media,Mid,9,44.65,2024-01-22,2027-01-21,False
BUS-009374,Initech Foods,Mid,8,46.29,2025-08-06,2026-08-06,True
BUS-009375,Cobalt Trading,Mid,5,74.0,2023-07-12,2026-07-11,False
BUS-009376,Bright Media,Free,3,0.0,2023-12-06,2026-12-05,False
BUS-009377,Globex Bakery,Mid,17,74.73,2023-11-22,2026-11-21,False
BUS-009378,Quantum Group,Free,3,0.0,2024-05-18,2027-05-18,False
BUS-009379,Pioneer Consulting,Free,1,0.0,2024-06-18,2026-06-18,False
BUS-009380,Nova Builders,Free,2,0.0,2025-11-26,2026-11-26,False
BUS-009381,Cobalt Works,Premium,57,350.91,2024-04-25,2027-04-25,False
BUS-009382,Apex Foods,Premium,35,701.75,2025-09-12,2026-09-12,False
BUS-009383,Iron Bakery,Free,1,0.0,2025-06-13,2026-06-13,False
BUS-009384,Globex Trading,Free,3,0.0,2025-11-20,2026-11-20,False
BUS-009385,Globex Trading,Free,3,0.0,2024-10-12,2026-10-12,False
BUS-009386,Harbor Auto,Mid,11,47.78,2024-07-28,2026-07-28,False
BUS-009387,Summit Retail,Free,2,0.0,2024-12-15,2026-12-15,False
BUS-009388,Initech Retail,Free,1,0.0,2025-01-21,2027-01-21,False
BUS-009389,Quantum Group,Free,3,0.0,2025-12-20,2026-12-20,False
BUS-009390,Quantum Auto,Free,3,0.0,2024-11-13,2026-11-13,False
BUS-009391,Cobalt Retail,Mid,13,30.7,2024-10-25,2026-10-25,False
BUS-009392,Cedar Media,Free,2,0.0,2024-07-27,2026-07-27,False
BUS-009393,Stellar Works,Free,2,0.0,2025-09-27,2026-09-27,False
BUS-009394,Summit Supply,Free,1,0.0,2024-11-19,2026-11-19,False
BUS-009395,Apex Supply,Mid,11,49.36,2026-03-06,2027-03-06,False
BUS-009396,Stellar Trading,Premium,13,494.2,2023-09-20,2026-09-19,False
BUS-009397,Harbor Partners,Mid,5,94.53,2023-12-15,2026-12-14,False
BUS-009398,Summit Supply,Free,2,0.0,2024-11-02,2026-11-02,False
BUS-009399,Nova Trading,Premium,41,199.26,2024-10-08,2026-10-08,False
BUS-009400,Globex Logistics,Mid,5,62.1,2024-12-17,2026-12-17,False
BUS-009401,Initech Media,Mid,5,39.69,2025-04-27,2027-04-27,False
BUS-009402,Stellar Supply,Mid,5,75.18,2023-06-30,2026-06-29,False
BUS-009403,Summit Bakery,Free,1,0.0,2024-07-09,2026-07-09,False
BUS-009404,Acme Works,Mid,13,53.23,2025-01-19,2027-01-19,False
BUS-009405,Globex Trading,Free,2,0.0,2025-11-27,2026-11-27,False
BUS-009406,Acme Partners,Free,1,0.0,2023-12-04,2026-12-03,False
BUS-009407,Summit Foods,Free,2,0.0,2023-06-26,2026-06-25,False
BUS-009408,Summit Group,Free,2,0.0,2024-11-25,2026-11-25,False
BUS-009409,Initech Trading,Free,3,0.0,2025-02-10,2027-02-10,False
BUS-009410,Pioneer Builders,Mid,6,39.82,2025-01-14,2027-01-14,False
BUS-009411,Cobalt Foods,Free,3,0.0,2023-11-26,2026-11-25,False
BUS-009412,Vertex Logistics,Free,2,0.0,2024-06-01,2027-06-01,False
BUS-009413,Bright Studios,Mid,17,82.05,2024-06-05,2026-06-05,False
BUS-009414,Nova Logistics,Free,1,0.0,2025-10-26,2026-10-26,False
BUS-009415,Stellar Consulting,Free,2,0.0,2023-07-13,2026-07-12,False
BUS-009416,Nova Media,Mid,3,63.4,2025-09-02,2026-09-02,False
BUS-009417,Iron Trading,Free,3,0.0,2024-01-11,2027-01-10,False
BUS-009418,Summit Builders,Free,3,0.0,2025-04-18,2027-04-18,False
BUS-009419,Harbor Works,Premium,53,330.27,2023-09-17,2026-09-16,False
BUS-009420,Pioneer Group,Free,1,0.0,2025-09-21,2026-09-21,False
BUS-009421,Nova Health,Mid,16,64.05,2025-09-07,2026-09-07,False
BUS-009422,Bright Foods,Free,2,0.0,2024-07-24,2026-07-24,False
BUS-009423,Stellar Bakery,Mid,7,97.65,2024-09-24,2026-09-24,False
BUS-009424,Pioneer Partners,Mid,15,70.08,2025-04-06,2027-04-06,False
BUS-009425,Cobalt Auto,Free,1,0.0,2025-04-16,2027-04-16,False
BUS-009426,Initech Studios,Free,1,0.0,2023-08-03,2026-08-02,False
BUS-009427,Acme Consulting,Free,1,0.0,2025-09-20,2026-09-20,False
BUS-009428,Acme Partners,Free,2,0.0,2025-06-06,2026-06-06,False
BUS-009429,Cobalt Trading,Free,2,0.0,2024-08-13,2026-08-13,False
BUS-009430,Acme Bakery,Free,3,0.0,2024-08-02,2026-08-02,False
BUS-009431,Quantum Auto,Mid,9,76.41,2024-11-03,2026-11-03,False
BUS-009432,Acme Consulting,Free,1,0.0,2024-06-21,2026-06-21,False
BUS-009433,Cobalt Labs,Free,1,0.0,2025-08-30,2026-08-30,False
BUS-009434,Globex Auto,Mid,3,32.81,2025-07-22,2026-07-22,False
BUS-009435,Globex Foods,Free,3,0.0,2025-05-28,2027-05-28,False
BUS-009436,Acme Health,Mid,8,56.84,2026-01-24,2027-01-24,False
BUS-009437,Umbra Labs,Free,1,0.0,2023-11-01,2026-10-31,False
BUS-009438,Cedar Works,Premium,46,432.1,2025-04-28,2027-04-28,False
BUS-009439,Cobalt Retail,Mid,17,69.57,2025-10-12,2026-10-12,False
BUS-009440,Apex Auto,Mid,15,57.45,2024-07-10,2026-07-10,True
BUS-009441,Vertex Works,Free,2,0.0,2026-02-14,2027-02-14,False
BUS-009442,Quantum Auto,Premium,35,222.67,2026-03-25,2027-03-25,False
BUS-009443,Harbor Labs,Free,3,0.0,2024-08-17,2026-08-17,False
BUS-009444,Iron Trading,Free,1,0.0,2025-08-18,2026-08-18,False
BUS-009445,Cedar Logistics,Premium,98,553.39,2025-06-22,2026-06-22,False
BUS-009446,Harbor Group,Mid,9,72.59,2024-11-24,2026-11-24,False
BUS-009447,Iron Supply,Premium,58,472.12,2024-03-20,2027-03-20,False
BUS-009448,Umbra Builders,Mid,17,76.21,2024-11-30,2026-11-30,False
BUS-009449,Acme Labs,Free,3,0.0,2024-08-18,2026-08-18,False
BUS-009450,Stellar Works,Free,1,0.0,2025-09-22,2026-09-22,False
BUS-009451,Cedar Partners,Free,2,0.0,2023-06-24,2026-06-23,False
BUS-009452,Vertex Retail,Mid,3,83.05,2024-12-28,2026-12-28,False
BUS-009453,Quantum Partners,Premium,28,345.07,2025-02-02,2027-02-02,False
BUS-009454,Stellar Foods,Free,1,0.0,2025-07-19,2026-07-19,False
BUS-009455,Harbor Builders,Free,1,0.0,2025-09-10,2026-09-10,False
BUS-009456,Pioneer Works,Free,2,0.0,2024-01-26,2027-01-25,False
BUS-009457,Initech Trading,Free,2,0.0,2023-11-21,2026-11-20,False
BUS-009458,Umbra Supply,Mid,3,32.5,2024-05-15,2027-05-15,False
BUS-009459,Cobalt Foods,Free,3,0.0,2024-11-01,2026-11-01,False
BUS-009460,Initech Health,Mid,13,96.82,2024-08-25,2026-08-25,False
BUS-009461,Quantum Logistics,Free,2,0.0,2024-02-28,2027-02-27,False
BUS-009462,Globex Labs,Premium,99,358.59,2024-05-16,2027-05-16,False
BUS-009463,Harbor Works,Free,2,0.0,2023-07-19,2026-07-18,False
BUS-009464,Umbra Foods,Free,3,0.0,2025-02-24,2027-02-24,False
BUS-009465,Cedar Builders,Mid,11,39.51,2025-04-05,2027-04-05,False
BUS-009466,Acme Bakery,Free,3,0.0,2024-07-19,2026-07-19,False
BUS-009467,Summit Bakery,Mid,13,67.92,2024-12-20,2026-12-20,False
BUS-009468,Quantum Consulting,Free,2,0.0,2025-05-07,2027-05-07,False
BUS-009469,Globex Logistics,Premium,45,744.48,2023-10-19,2026-10-18,False
BUS-009470,Quantum Partners,Free,2,0.0,2024-12-09,2026-12-09,False
BUS-009471,Globex Auto,Mid,4,33.31,2024-04-24,2027-04-24,False
BUS-009472,Initech Consulting,Free,3,0.0,2023-08-12,2026-08-11,False
BUS-009473,Globex Studios,Free,1,0.0,2025-11-24,2026-11-24,False
BUS-009474,Iron Media,Premium,31,538.37,2023-08-24,2026-08-23,False
BUS-009475,Bright Labs,Free,3,0.0,2026-05-04,2027-05-04,False
BUS-009476,Apex Labs,Free,3,0.0,2023-11-28,2026-11-27,False
BUS-009477,Vertex Studios,Mid,8,56.9,2025-10-11,2026-10-11,True
BUS-009478,Bright Health,Premium,12,742.2,2024-08-01,2026-08-01,False
BUS-009479,Acme Partners,Free,3,0.0,2025-01-03,2027-01-03,False
BUS-009480,Stellar Bakery,Free,1,0.0,2024-03-23,2027-03-23,False
BUS-009481,Bright Bakery,Premium,84,668.91,2025-08-02,2026-08-02,False
BUS-009482,Cobalt Media,Free,2,0.0,2025-09-01,2026-09-01,False
BUS-009483,Cedar Supply,Mid,11,60.24,2024-12-08,2026-12-08,False
BUS-009484,Acme Group,Premium,95,560.45,2025-05-16,2027-05-16,False
BUS-009485,Harbor Foods,Mid,15,69.75,2025-06-25,2026-06-25,False
BUS-009486,Globex Works,Free,1,0.0,2024-05-18,2027-05-18,False
BUS-009487,Cedar Health,Free,3,0.0,2024-12-17,2026-12-17,False
BUS-009488,Pioneer Foods,Mid,14,89.97,2026-02-13,2027-02-13,False
BUS-009489,Initech Consulting,Free,3,0.0,2024-12-29,2026-12-29,False
BUS-009490,Iron Retail,Free,1,0.0,2023-10-20,2026-10-19,False
BUS-009491,Nova Logistics,Free,2,0.0,2025-04-15,2027-04-15,False
BUS-009492,Initech Partners,Premium,21,381.67,2023-09-07,2026-09-06,False
BUS-009493,Acme Foods,Free,1,0.0,2025-09-02,2026-09-02,False
BUS-009494,Cobalt Foods,Free,1,0.0,2026-01-15,2027-01-15,False
BUS-009495,Harbor Works,Free,2,0.0,2024-08-06,2026-08-06,False
BUS-009496,Acme Labs,Mid,7,37.38,2025-12-20,2026-12-20,False
BUS-009497,Globex Consulting,Mid,3,82.62,2025-11-01,2026-11-01,False
BUS-009498,Acme Logistics,Mid,7,87.72,2026-03-28,2027-03-28,False
BUS-009499,Umbra Auto,Free,1,0.0,2025-06-07,2026-06-07,False
BUS-009500,Iron Partners,Mid,11,90.51,2025-11-26,2026-11-26,False
BUS-009501,Bright Health,Premium,44,323.15,2023-10-29,2026-10-28,False
BUS-009502,Summit Group,Free,1,0.0,2023-06-09,2026-06-08,False
BUS-009503,Apex Media,Mid,17,36.91,2025-03-29,2027-03-29,False
BUS-009504,Umbra Health,Mid,10,51.67,2026-02-02,2027-02-02,False
BUS-009505,Vertex Labs,Free,3,0.0,2025-09-03,2026-09-03,False
BUS-009506,Nova Supply,Premium,38,283.67,2023-05-31,2027-05-30,False
BUS-009507,Apex Logistics,Free,1,0.0,2023-09-15,2026-09-14,False
BUS-009508,Umbra Supply,Free,2,0.0,2024-01-13,2027-01-12,False
BUS-009509,Iron Works,Mid,12,89.07,2025-06-15,2026-06-15,False
BUS-009510,Apex Auto,Mid,13,88.7,2023-12-17,2026-12-16,False
BUS-009511,Pioneer Works,Free,2,0.0,2023-12-18,2026-12-17,False
BUS-009512,Cobalt Group,Free,2,0.0,2023-09-27,2026-09-26,False
BUS-009513,Acme Trading,Free,3,0.0,2023-07-01,2026-06-30,False
BUS-009514,Nova Retail,Premium,50,170.4,2024-01-13,2027-01-12,False
BUS-009515,Quantum Foods,Mid,6,84.62,2025-01-08,2027-01-08,False
BUS-009516,Vertex Group,Free,2,0.0,2025-10-25,2026-10-25,False
BUS-009517,Harbor Works,Free,3,0.0,2024-01-27,2027-01-26,False
BUS-009518,Cedar Supply,Free,1,0.0,2024-04-11,2027-04-11,False
BUS-009519,Nova Logistics,Free,3,0.0,2024-04-28,2027-04-28,False
BUS-009520,Stellar Labs,Premium,36,231.18,2024-12-11,2026-12-11,False
BUS-009521,Acme Consulting,Mid,11,85.87,2025-05-27,2027-05-27,False
BUS-009522,Harbor Partners,Premium,96,715.46,2024-05-25,2027-05-25,False
BUS-009523,Stellar Partners,Free,1,0.0,2026-01-12,2027-01-12,False
BUS-009524,Acme Group,Mid,3,60.7,2025-12-15,2026-12-15,False
BUS-009525,Pioneer Health,Free,3,0.0,2025-11-15,2026-11-15,False
BUS-009526,Initech Partners,Free,2,0.0,2024-09-10,2026-09-10,False
BUS-009527,Summit Supply,Free,2,0.0,2026-04-28,2027-04-28,False
BUS-009528,Vertex Health,Free,1,0.0,2023-11-16,2026-11-15,False
BUS-009529,Stellar Group,Mid,13,52.13,2024-03-23,2027-03-23,False
BUS-009530,Cedar Bakery,Free,3,0.0,2026-01-28,2027-01-28,False
BUS-009531,Iron Consulting,Free,1,0.0,2024-02-22,2027-02-21,False
BUS-009532,Vertex Partners,Free,3,0.0,2024-03-18,2027-03-18,False
BUS-009533,Nova Bakery,Free,3,0.0,2024-12-15,2026-12-15,False
BUS-009534,Iron Trading,Free,2,0.0,2023-12-18,2026-12-17,False
BUS-009535,Iron Bakery,Free,3,0.0,2025-11-29,2026-11-29,False
BUS-009536,Harbor Consulting,Free,1,0.0,2024-11-02,2026-11-02,False
BUS-009537,Acme Studios,Mid,3,63.34,2025-11-25,2026-11-25,False
BUS-009538,Apex Trading,Free,1,0.0,2025-10-02,2026-10-02,False
BUS-009539,Apex Bakery,Free,1,0.0,2024-08-03,2026-08-03,False
BUS-009540,Summit Logistics,Premium,91,203.93,2025-01-02,2027-01-02,False
BUS-009541,Initech Builders,Premium,71,689.48,2024-11-25,2026-11-25,False
BUS-009542,Summit Media,Free,2,0.0,2024-04-19,2027-04-19,False
BUS-009543,Stellar Media,Free,1,0.0,2024-12-14,2026-12-14,False
BUS-009544,Summit Logistics,Free,1,0.0,2024-01-06,2027-01-05,False
BUS-009545,Stellar Labs,Free,2,0.0,2024-01-24,2027-01-23,False
BUS-009546,Summit Supply,Mid,9,43.99,2023-06-20,2026-06-19,False
BUS-009547,Summit Builders,Free,1,0.0,2023-11-02,2026-11-01,False
BUS-009548,Acme Logistics,Free,1,0.0,2024-07-24,2026-07-24,False
BUS-009549,Apex Builders,Premium,21,397.93,2025-01-16,2027-01-16,False
BUS-009550,Bright Partners,Free,2,0.0,2023-11-25,2026-11-24,False
BUS-009551,Stellar Builders,Free,3,0.0,2025-10-14,2026-10-14,False
BUS-009552,Cedar Builders,Free,2,0.0,2025-07-02,2026-07-02,False
BUS-009553,Initech Media,Free,2,0.0,2024-10-19,2026-10-19,False
BUS-009554,Cedar Retail,Free,1,0.0,2026-03-30,2027-03-30,False
BUS-009555,Globex Supply,Premium,19,650.08,2024-10-14,2026-10-14,False
BUS-009556,Apex Auto,Premium,86,242.05,2024-11-23,2026-11-23,False
BUS-009557,Iron Logistics,Free,1,0.0,2025-07-12,2026-07-12,False
BUS-009558,Vertex Group,Free,2,0.0,2025-10-04,2026-10-04,False
BUS-009559,Cedar Partners,Mid,17,84.43,2025-01-07,2027-01-07,False
BUS-009560,Vertex Labs,Mid,14,72.7,2025-10-16,2026-10-16,False
BUS-009561,Apex Retail,Free,3,0.0,2025-10-22,2026-10-22,False
BUS-009562,Quantum Supply,Free,3,0.0,2025-06-28,2026-06-28,False
BUS-009563,Nova Group,Free,3,0.0,2025-02-08,2027-02-08,False
BUS-009564,Umbra Consulting,Free,3,0.0,2025-09-01,2026-09-01,False
BUS-009565,Stellar Labs,Mid,12,82.03,2025-07-22,2026-07-22,False
BUS-009566,Umbra Retail,Premium,64,253.91,2024-12-31,2026-12-31,False
BUS-009567,Pioneer Bakery,Premium,93,523.56,2024-11-01,2026-11-01,False
BUS-009568,Cobalt Works,Free,3,0.0,2025-11-03,2026-11-03,False
BUS-009569,Acme Partners,Free,3,0.0,2023-11-22,2026-11-21,False
BUS-009570,Nova Foods,Mid,4,36.64,2025-07-20,2026-07-20,False
BUS-009571,Umbra Foods,Free,3,0.0,2024-07-05,2026-07-05,False
BUS-009572,Bright Consulting,Mid,8,44.44,2024-03-31,2027-03-31,False
BUS-009573,Pioneer Labs,Mid,11,90.08,2025-07-27,2026-07-27,False
BUS-009574,Umbra Builders,Mid,14,95.07,2026-03-08,2027-03-08,False
BUS-009575,Vertex Logistics,Mid,13,64.75,2023-12-08,2026-12-07,False
BUS-009576,Summit Supply,Free,1,0.0,2024-09-17,2026-09-17,False
BUS-009577,Stellar Supply,Free,1,0.0,2024-02-05,2027-02-04,False
BUS-009578,Stellar Group,Free,2,0.0,2026-04-26,2027-04-26,False
BUS-009579,Quantum Studios,Premium,46,536.31,2023-11-17,2026-11-16,False
BUS-009580,Nova Builders,Premium,30,280.62,2025-07-24,2026-07-24,False
BUS-009581,Iron Retail,Free,2,0.0,2025-03-21,2027-03-21,False
BUS-009582,Vertex Media,Free,3,0.0,2025-11-25,2026-11-25,False
BUS-009583,Nova Partners,Free,2,0.0,2024-06-02,2027-06-02,False
BUS-009584,Acme Builders,Premium,79,318.07,2024-05-23,2027-05-23,False
BUS-009585,Iron Group,Free,2,0.0,2025-11-01,2026-11-01,False
BUS-009586,Initech Labs,Free,2,0.0,2024-10-31,2026-10-31,False
BUS-009587,Globex Supply,Free,3,0.0,2024-08-29,2026-08-29,False
BUS-009588,Quantum Studios,Mid,5,82.9,2025-02-14,2027-02-14,False
BUS-009589,Cedar Auto,Free,2,0.0,2025-01-14,2027-01-14,False
BUS-009590,Harbor Labs,Free,3,0.0,2024-04-09,2027-04-09,False
BUS-009591,Cedar Partners,Mid,13,78.82,2023-10-27,2026-10-26,False
BUS-009592,Harbor Works,Free,3,0.0,2025-08-30,2026-08-30,False
BUS-009593,Vertex Auto,Free,2,0.0,2023-12-19,2026-12-18,False
BUS-009594,Vertex Labs,Mid,3,37.25,2023-12-08,2026-12-07,False
BUS-009595,Iron Bakery,Free,3,0.0,2023-10-29,2026-10-28,False
BUS-009596,Vertex Health,Free,2,0.0,2023-09-03,2026-09-02,False
BUS-009597,Bright Bakery,Free,3,0.0,2025-08-13,2026-08-13,False
BUS-009598,Acme Media,Free,3,0.0,2025-01-03,2027-01-03,False
BUS-009599,Globex Consulting,Mid,11,39.35,2026-01-19,2027-01-19,False
BUS-009600,Acme Consulting,Free,2,0.0,2023-07-11,2026-07-10,False
BUS-009601,Pioneer Consulting,Free,1,0.0,2025-08-13,2026-08-13,False
BUS-009602,Stellar Auto,Mid,3,75.27,2024-10-21,2026-10-21,False
BUS-009603,Vertex Partners,Mid,10,69.54,2025-02-25,2027-02-25,True
BUS-009604,Vertex Media,Premium,84,228.42,2026-04-11,2027-04-11,False
BUS-009605,Vertex Partners,Free,1,0.0,2025-05-26,2027-05-26,False
BUS-009606,Quantum Media,Mid,17,85.86,2024-04-25,2027-04-25,False
BUS-009607,Vertex Group,Mid,14,86.65,2024-12-07,2026-12-07,False
BUS-009608,Acme Works,Mid,6,42.47,2025-05-20,2027-05-20,False
BUS-009609,Quantum Partners,Free,1,0.0,2026-04-09,2027-04-09,False
BUS-009610,Apex Media,Mid,4,64.35,2024-05-24,2027-05-24,True
BUS-009611,Pioneer Consulting,Free,2,0.0,2026-04-07,2027-04-07,False
BUS-009612,Pioneer Logistics,Premium,16,474.81,2025-09-07,2026-09-07,False
BUS-009613,Apex Trading,Mid,5,75.23,2023-06-25,2026-06-24,False
BUS-009614,Summit Builders,Free,3,0.0,2023-10-12,2026-10-11,False
BUS-009615,Pioneer Trading,Premium,23,617.55,2025-09-21,2026-09-21,False
BUS-009616,Cobalt Foods,Free,2,0.0,2023-07-14,2026-07-13,False
BUS-009617,Acme Bakery,Free,3,0.0,2024-05-30,2027-05-30,False
BUS-009618,Cedar Retail,Free,3,0.0,2023-12-14,2026-12-13,False
BUS-009619,Iron Group,Free,1,0.0,2025-07-31,2026-07-31,False
BUS-009620,Harbor Media,Mid,4,53.46,2025-04-22,2027-04-22,False
BUS-009621,Cobalt Trading,Mid,4,85.13,2024-08-24,2026-08-24,False
BUS-009622,Globex Foods,Free,1,0.0,2025-11-15,2026-11-15,False
BUS-009623,Quantum Auto,Free,1,0.0,2024-02-02,2027-02-01,False
BUS-009624,Cedar Labs,Mid,4,73.79,2023-09-15,2026-09-14,False
BUS-009625,Bright Group,Premium,90,201.99,2024-07-17,2026-07-17,False
BUS-009626,Quantum Works,Free,1,0.0,2024-10-24,2026-10-24,False
BUS-009627,Harbor Health,Free,1,0.0,2025-12-24,2026-12-24,False
BUS-009628,Harbor Builders,Free,1,0.0,2025-09-16,2026-09-16,False
BUS-009629,Apex Media,Mid,17,38.03,2025-07-06,2026-07-06,False
BUS-009630,Apex Group,Mid,8,38.23,2025-03-10,2027-03-10,False
BUS-009631,Quantum Logistics,Free,1,0.0,2024-10-11,2026-10-11,False
BUS-009632,Acme Labs,Free,2,0.0,2024-11-10,2026-11-10,False
BUS-009633,Acme Group,Mid,12,68.28,2025-09-07,2026-09-07,False
BUS-009634,Cedar Builders,Free,1,0.0,2025-04-28,2027-04-28,False
BUS-009635,Cedar Media,Free,2,0.0,2024-05-23,2027-05-23,False
BUS-009636,Umbra Partners,Free,3,0.0,2023-07-13,2026-07-12,False
BUS-009637,Harbor Logistics,Free,3,0.0,2024-06-27,2026-06-27,False
BUS-009638,Quantum Supply,Premium,86,217.67,2024-09-28,2026-09-28,False
BUS-009639,Cedar Retail,Mid,17,85.33,2025-02-21,2027-02-21,False
BUS-009640,Globex Trading,Free,2,0.0,2024-10-23,2026-10-23,False
BUS-009641,Harbor Supply,Mid,4,32.34,2026-04-23,2027-04-23,False
BUS-009642,Stellar Logistics,Mid,4,72.2,2025-02-16,2027-02-16,False
BUS-009643,Apex Supply,Free,3,0.0,2025-05-25,2027-05-25,False
BUS-009644,Globex Works,Free,3,0.0,2025-01-03,2027-01-03,False
BUS-009645,Bright Builders,Free,2,0.0,2026-03-10,2027-03-10,False
BUS-009646,Apex Works,Free,1,0.0,2026-01-01,2027-01-01,False
BUS-009647,Iron Supply,Free,3,0.0,2025-10-02,2026-10-02,False
BUS-009648,Vertex Labs,Free,1,0.0,2024-07-06,2026-07-06,False
BUS-009649,Cobalt Health,Free,2,0.0,2025-02-18,2027-02-18,False
BUS-009650,Initech Auto,Mid,8,78.34,2025-03-30,2027-03-30,False
BUS-009651,Cedar Foods,Premium,65,381.13,2024-06-23,2026-06-23,False
BUS-009652,Umbra Studios,Free,2,0.0,2023-06-25,2026-06-24,False
BUS-009653,Acme Partners,Mid,9,66.2,2023-06-17,2026-06-16,False
BUS-009654,Quantum Consulting,Mid,15,74.11,2024-03-26,2027-03-26,False
BUS-009655,Globex Retail,Free,3,0.0,2023-09-27,2026-09-26,False
BUS-009656,Umbra Works,Free,3,0.0,2023-05-25,2027-05-24,False
BUS-009657,Umbra Logistics,Mid,5,47.47,2025-05-16,2027-05-16,False
BUS-009658,Iron Works,Mid,14,88.43,2025-09-08,2026-09-08,True
BUS-009659,Acme Works,Free,2,0.0,2025-10-21,2026-10-21,False
BUS-009660,Apex Works,Premium,44,336.63,2024-11-11,2026-11-11,False
BUS-009661,Globex Builders,Free,3,0.0,2026-03-26,2027-03-26,False
BUS-009662,Iron Group,Premium,27,632.69,2024-05-28,2027-05-28,False
BUS-009663,Harbor Builders,Free,1,0.0,2025-04-23,2027-04-23,False
BUS-009664,Iron Auto,Free,2,0.0,2024-08-25,2026-08-25,False
BUS-009665,Cedar Labs,Free,2,0.0,2025-12-25,2026-12-25,False
BUS-009666,Acme Labs,Premium,18,741.82,2024-11-09,2026-11-09,False
BUS-009667,Summit Group,Free,3,0.0,2024-08-27,2026-08-27,False
BUS-009668,Nova Bakery,Free,3,0.0,2024-03-29,2027-03-29,False
BUS-009669,Stellar Trading,Free,1,0.0,2023-10-12,2026-10-11,False
BUS-009670,Apex Partners,Free,2,0.0,2024-02-25,2027-02-24,False
BUS-009671,Summit Consulting,Free,1,0.0,2024-11-25,2026-11-25,False
BUS-009672,Harbor Partners,Free,1,0.0,2025-10-04,2026-10-04,False
BUS-009673,Initech Bakery,Mid,10,30.63,2024-05-24,2027-05-24,False
BUS-009674,Cobalt Works,Premium,45,371.26,2026-01-05,2027-01-05,False
BUS-009675,Bright Trading,Mid,9,45.66,2026-02-06,2027-02-06,False
BUS-009676,Iron Bakery,Premium,82,233.43,2025-07-09,2026-07-09,False
BUS-009677,Quantum Auto,Mid,9,59.06,2025-03-08,2027-03-08,False
BUS-009678,Initech Works,Free,2,0.0,2026-05-02,2027-05-02,False
BUS-009679,Harbor Media,Premium,67,254.04,2024-01-02,2027-01-01,False
BUS-009680,Bright Bakery,Free,1,0.0,2025-08-17,2026-08-17,False
BUS-009681,Nova Works,Free,3,0.0,2024-11-18,2026-11-18,False
BUS-009682,Stellar Retail,Premium,10,199.34,2025-08-15,2026-08-15,False
BUS-009683,Harbor Foods,Mid,16,39.28,2026-01-07,2027-01-07,True
BUS-009684,Cobalt Health,Free,3,0.0,2024-02-07,2027-02-06,False
BUS-009685,Pioneer Foods,Free,2,0.0,2025-10-24,2026-10-24,False
BUS-009686,Apex Health,Free,1,0.0,2024-06-07,2026-06-07,False
BUS-009687,Iron Media,Mid,6,52.66,2024-01-06,2027-01-05,False
BUS-009688,Cedar Foods,Free,1,0.0,2023-06-27,2026-06-26,False
BUS-009689,Umbra Auto,Free,2,0.0,2025-06-30,2026-06-30,False
BUS-009690,Cedar Auto,Free,3,0.0,2024-01-06,2027-01-05,False
BUS-009691,Apex Retail,Premium,69,601.0,2024-03-21,2027-03-21,False
BUS-009692,Vertex Bakery,Mid,6,80.31,2025-03-06,2027-03-06,False
BUS-009693,Globex Works,Free,3,0.0,2023-06-18,2026-06-17,False
BUS-009694,Initech Media,Free,3,0.0,2025-06-19,2026-06-19,False
BUS-009695,Nova Auto,Free,2,0.0,2025-11-06,2026-11-06,False
BUS-009696,Stellar Health,Free,1,0.0,2025-04-09,2027-04-09,False
BUS-009697,Cobalt Logistics,Free,3,0.0,2025-11-26,2026-11-26,False
BUS-009698,Cobalt Group,Mid,7,48.63,2024-06-03,2027-06-03,False
BUS-009699,Stellar Group,Mid,17,70.73,2024-03-24,2027-03-24,True
BUS-009700,Cobalt Bakery,Free,1,0.0,2025-10-07,2026-10-07,False
BUS-009701,Cobalt Builders,Mid,3,45.97,2024-04-13,2027-04-13,False
BUS-009702,Apex Auto,Free,2,0.0,2024-06-06,2026-06-06,False
BUS-009703,Stellar Labs,Premium,89,582.67,2025-05-16,2027-05-16,False
BUS-009704,Summit Consulting,Free,1,0.0,2025-04-21,2027-04-21,False
BUS-009705,Apex Supply,Free,2,0.0,2025-10-29,2026-10-29,False
BUS-009706,Pioneer Logistics,Free,1,0.0,2025-04-05,2027-04-05,False
BUS-009707,Initech Logistics,Mid,12,73.41,2025-06-11,2026-06-11,False
BUS-009708,Iron Labs,Free,3,0.0,2025-06-07,2026-06-07,False
BUS-009709,Bright Partners,Mid,12,95.18,2025-02-24,2027-02-24,False
BUS-009710,Globex Bakery,Free,2,0.0,2025-08-20,2026-08-20,False
BUS-009711,Initech Trading,Mid,4,64.91,2024-12-18,2026-12-18,True
BUS-009712,Globex Media,Mid,4,32.16,2024-11-13,2026-11-13,False
BUS-009713,Harbor Supply,Free,1,0.0,2024-08-05,2026-08-05,False
BUS-009714,Initech Labs,Premium,78,636.46,2024-05-25,2027-05-25,False
BUS-009715,Stellar Partners,Free,3,0.0,2024-05-01,2027-05-01,False
BUS-009716,Vertex Labs,Mid,5,39.48,2025-01-18,2027-01-18,False
BUS-009717,Summit Builders,Free,1,0.0,2025-04-28,2027-04-28,False
BUS-009718,Cobalt Group,Free,3,0.0,2026-03-20,2027-03-20,False
BUS-009719,Apex Media,Mid,14,79.76,2024-05-04,2027-05-04,False
BUS-009720,Vertex Bakery,Free,3,0.0,2024-05-13,2027-05-13,False
BUS-009721,Vertex Health,Free,1,0.0,2025-12-06,2026-12-06,False
BUS-009722,Iron Builders,Free,1,0.0,2024-11-20,2026-11-20,False
BUS-009723,Apex Trading,Mid,13,97.94,2025-12-21,2026-12-21,False
BUS-009724,Umbra Consulting,Mid,7,77.53,2023-09-24,2026-09-23,False
BUS-009725,Cedar Health,Free,1,0.0,2024-11-05,2026-11-05,False
BUS-009726,Summit Auto,Free,3,0.0,2024-08-24,2026-08-24,False
BUS-009727,Harbor Logistics,Mid,9,84.48,2024-08-07,2026-08-07,False
BUS-009728,Initech Builders,Mid,5,38.26,2024-04-11,2027-04-11,False
BUS-009729,Cobalt Logistics,Free,3,0.0,2026-01-11,2027-01-11,False
BUS-009730,Cedar Foods,Free,3,0.0,2025-11-11,2026-11-11,False
BUS-009731,Apex Bakery,Premium,26,414.4,2024-10-05,2026-10-05,False
BUS-009732,Harbor Builders,Premium,26,276.94,2024-05-14,2027-05-14,False
BUS-009733,Harbor Bakery,Free,3,0.0,2025-07-07,2026-07-07,False
BUS-009734,Iron Works,Mid,10,42.1,2026-04-13,2027-04-13,False
BUS-009735,Quantum Retail,Mid,13,45.24,2023-10-04,2026-10-03,False
BUS-009736,Vertex Trading,Free,3,0.0,2024-02-15,2027-02-14,False
BUS-009737,Initech Retail,Mid,8,97.8,2025-02-24,2027-02-24,False
BUS-009738,Initech Retail,Free,1,0.0,2023-06-11,2026-06-10,False
BUS-009739,Summit Media,Premium,51,157.89,2025-01-06,2027-01-06,False
BUS-009740,Apex Bakery,Free,2,0.0,2026-02-18,2027-02-18,False
BUS-009741,Cedar Group,Free,3,0.0,2025-11-08,2026-11-08,False
BUS-009742,Apex Group,Free,3,0.0,2024-06-20,2026-06-20,False
BUS-009743,Vertex Works,Free,2,0.0,2024-02-20,2027-02-19,False
BUS-009744,Umbra Health,Premium,32,335.86,2023-07-04,2026-07-03,False
BUS-009745,Pioneer Logistics,Free,2,0.0,2024-01-17,2027-01-16,False
BUS-009746,Globex Logistics,Mid,16,48.8,2023-10-21,2026-10-20,False
BUS-009747,Quantum Builders,Free,2,0.0,2025-02-23,2027-02-23,False
BUS-009748,Acme Logistics,Free,2,0.0,2024-06-20,2026-06-20,False
BUS-009749,Initech Health,Free,1,0.0,2025-07-22,2026-07-22,False
BUS-009750,Quantum Trading,Mid,6,35.52,2026-01-15,2027-01-15,False
BUS-009751,Nova Consulting,Mid,11,73.23,2025-01-10,2027-01-10,True
BUS-009752,Summit Logistics,Free,1,0.0,2025-06-01,2027-06-01,False
BUS-009753,Apex Retail,Mid,9,58.53,2023-11-18,2026-11-17,True
BUS-009754,Iron Health,Mid,5,68.69,2024-03-21,2027-03-21,False
BUS-009755,Cobalt Partners,Free,1,0.0,2026-04-20,2027-04-20,False
BUS-009756,Bright Consulting,Free,3,0.0,2024-09-10,2026-09-10,False
BUS-009757,Acme Bakery,Free,3,0.0,2024-05-18,2027-05-18,False
BUS-009758,Harbor Retail,Free,1,0.0,2024-04-19,2027-04-19,False
BUS-009759,Quantum Builders,Free,1,0.0,2024-06-11,2026-06-11,False
BUS-009760,Quantum Works,Mid,6,60.22,2024-11-21,2026-11-21,False
BUS-009761,Bright Health,Free,2,0.0,2024-07-01,2026-07-01,False
BUS-009762,Cedar Consulting,Free,1,0.0,2025-11-09,2026-11-09,False
BUS-009763,Harbor Partners,Free,1,0.0,2024-11-17,2026-11-17,False
BUS-009764,Harbor Foods,Free,2,0.0,2024-03-28,2027-03-28,False
BUS-009765,Pioneer Media,Free,2,0.0,2024-07-09,2026-07-09,False
BUS-009766,Pioneer Labs,Free,2,0.0,2024-09-28,2026-09-28,False
BUS-009767,Apex Trading,Free,3,0.0,2025-03-03,2027-03-03,False
BUS-009768,Summit Retail,Free,1,0.0,2023-07-10,2026-07-09,False
BUS-009769,Apex Labs,Premium,84,239.87,2024-01-23,2027-01-22,False
BUS-009770,Vertex Auto,Free,2,0.0,2024-06-06,2026-06-06,False
BUS-009771,Globex Media,Free,2,0.0,2025-03-30,2027-03-30,False
BUS-009772,Umbra Builders,Free,1,0.0,2023-12-16,2026-12-15,False
BUS-009773,Iron Labs,Premium,22,409.3,2025-01-11,2027-01-11,False
BUS-009774,Cedar Studios,Free,1,0.0,2023-07-22,2026-07-21,False
BUS-009775,Globex Consulting,Premium,15,674.97,2024-05-19,2027-05-19,False
BUS-009776,Iron Foods,Mid,7,86.27,2026-04-25,2027-04-25,False
BUS-009777,Globex Builders,Mid,10,63.16,2023-06-20,2026-06-19,False
BUS-009778,Pioneer Labs,Free,3,0.0,2025-10-11,2026-10-11,False
BUS-009779,Iron Health,Mid,16,48.57,2024-09-05,2026-09-05,False
BUS-009780,Umbra Builders,Mid,7,37.33,2024-08-13,2026-08-13,False
BUS-009781,Iron Partners,Free,3,0.0,2023-06-08,2026-06-07,False
BUS-009782,Apex Consulting,Mid,15,54.45,2025-11-27,2026-11-27,False
BUS-009783,Iron Trading,Free,1,0.0,2025-03-22,2027-03-22,False
BUS-009784,Summit Partners,Mid,9,68.83,2024-10-04,2026-10-04,False
BUS-009785,Summit Partners,Mid,14,46.49,2026-04-11,2027-04-11,False
BUS-009786,Vertex Health,Mid,12,37.0,2025-10-07,2026-10-07,False
BUS-009787,Iron Builders,Free,2,0.0,2023-08-04,2026-08-03,False
BUS-009788,Iron Builders,Free,2,0.0,2024-12-25,2026-12-25,False
BUS-009789,Harbor Group,Premium,58,607.99,2023-11-14,2026-11-13,False
BUS-009790,Apex Health,Free,2,0.0,2025-10-09,2026-10-09,False
BUS-009791,Umbra Supply,Free,1,0.0,2025-09-14,2026-09-14,False
BUS-009792,Nova Health,Mid,8,71.14,2024-04-04,2027-04-04,False
BUS-009793,Bright Partners,Free,2,0.0,2025-09-06,2026-09-06,False
BUS-009794,Harbor Group,Free,3,0.0,2025-06-03,2027-06-03,False
BUS-009795,Initech Labs,Mid,7,81.25,2025-03-13,2027-03-13,False
BUS-009796,Vertex Retail,Free,1,0.0,2026-03-10,2027-03-10,False
BUS-009797,Globex Logistics,Mid,15,48.76,2025-12-17,2026-12-17,False
BUS-009798,Initech Works,Free,1,0.0,2026-01-31,2027-01-31,False
BUS-009799,Cobalt Group,Mid,10,48.07,2025-10-26,2026-10-26,False
BUS-009800,Nova Retail,Free,3,0.0,2024-10-20,2026-10-20,False
BUS-009801,Harbor Studios,Mid,3,43.03,2025-12-17,2026-12-17,False
BUS-009802,Acme Partners,Free,2,0.0,2026-04-17,2027-04-17,False
BUS-009803,Pioneer Works,Free,1,0.0,2023-10-03,2026-10-02,False
BUS-009804,Summit Consulting,Free,1,0.0,2024-01-16,2027-01-15,False
BUS-009805,Iron Trading,Free,1,0.0,2024-08-08,2026-08-08,False
BUS-009806,Harbor Health,Premium,59,524.71,2025-09-25,2026-09-25,False
BUS-009807,Acme Partners,Free,2,0.0,2025-08-08,2026-08-08,False
BUS-009808,Quantum Bakery,Mid,5,70.02,2025-07-03,2026-07-03,True
BUS-009809,Bright Foods,Mid,11,75.36,2026-03-13,2027-03-13,False
BUS-009810,Pioneer Foods,Free,2,0.0,2024-10-15,2026-10-15,False
BUS-009811,Acme Retail,Mid,8,91.19,2026-01-29,2027-01-29,False
BUS-009812,Globex Studios,Premium,51,383.63,2023-07-12,2026-07-11,False
BUS-009813,Stellar Group,Mid,7,30.13,2025-06-24,2026-06-24,False
BUS-009814,Summit Bakery,Mid,13,56.5,2024-10-16,2026-10-16,False
BUS-009815,Cedar Health,Mid,13,91.72,2023-10-10,2026-10-09,False
BUS-009816,Quantum Partners,Free,1,0.0,2024-05-25,2027-05-25,False
BUS-009817,Bright Labs,Mid,5,58.06,2026-03-29,2027-03-29,False
BUS-009818,Nova Labs,Premium,26,299.48,2023-06-10,2026-06-09,False
BUS-009819,Cobalt Labs,Premium,12,158.27,2025-05-17,2027-05-17,False
BUS-009820,Cedar Group,Free,2,0.0,2025-07-24,2026-07-24,False
BUS-009821,Acme Studios,Free,2,0.0,2025-03-16,2027-03-16,False
BUS-009822,Nova Bakery,Free,1,0.0,2025-08-30,2026-08-30,False
BUS-009823,Harbor Retail,Free,1,0.0,2025-03-11,2027-03-11,False
BUS-009824,Cobalt Studios,Mid,17,42.22,2025-07-02,2026-07-02,False
BUS-009825,Cedar Logistics,Free,2,0.0,2025-07-25,2026-07-25,False
BUS-009826,Stellar Logistics,Premium,60,659.8,2023-06-13,2026-06-12,False
BUS-009827,Vertex Consulting,Free,3,0.0,2024-10-26,2026-10-26,False
BUS-009828,Vertex Health,Free,1,0.0,2025-08-18,2026-08-18,False
BUS-009829,Iron Logistics,Free,2,0.0,2025-09-02,2026-09-02,False
BUS-009830,Apex Retail,Free,3,0.0,2025-10-24,2026-10-24,False
BUS-009831,Quantum Works,Free,1,0.0,2024-12-29,2026-12-29,False
BUS-009832,Initech Builders,Premium,98,340.8,2025-05-04,2027-05-04,False
BUS-009833,Cedar Works,Free,2,0.0,2024-08-24,2026-08-24,False
BUS-009834,Globex Builders,Free,2,0.0,2026-03-08,2027-03-08,False
BUS-009835,Cedar Builders,Premium,88,701.03,2023-07-31,2026-07-30,False
BUS-009836,Iron Retail,Free,1,0.0,2024-06-01,2027-06-01,False
BUS-009837,Pioneer Trading,Free,2,0.0,2024-12-02,2026-12-02,False
BUS-009838,Quantum Studios,Free,2,0.0,2024-10-31,2026-10-31,False
BUS-009839,Acme Foods,Mid,15,93.32,2026-01-18,2027-01-18,False
BUS-009840,Quantum Group,Free,2,0.0,2023-08-10,2026-08-09,False
BUS-009841,Pioneer Works,Mid,9,63.81,2024-04-20,2027-04-20,False
BUS-009842,Iron Foods,Premium,21,586.32,2024-07-24,2026-07-24,False
BUS-009843,Stellar Partners,Free,2,0.0,2025-02-03,2027-02-03,False
BUS-009844,Summit Trading,Mid,12,97.65,2025-04-22,2027-04-22,False
BUS-009845,Iron Supply,Free,3,0.0,2024-09-19,2026-09-19,False
BUS-009846,Globex Works,Mid,12,41.81,2023-05-26,2027-05-25,True
BUS-009847,Pioneer Consulting,Mid,9,40.83,2026-02-20,2027-02-20,False
BUS-009848,Iron Media,Free,3,0.0,2025-08-05,2026-08-05,False
BUS-009849,Iron Studios,Free,2,0.0,2024-12-18,2026-12-18,False
BUS-009850,Initech Bakery,Free,2,0.0,2026-03-19,2027-03-19,False
BUS-009851,Harbor Supply,Free,3,0.0,2024-06-27,2026-06-27,False
BUS-009852,Quantum Auto,Free,2,0.0,2023-08-26,2026-08-25,False
BUS-009853,Summit Health,Free,2,0.0,2023-10-19,2026-10-18,False
BUS-009854,Globex Partners,Free,3,0.0,2023-06-29,2026-06-28,False
BUS-009855,Globex Foods,Premium,99,389.14,2023-08-02,2026-08-01,False
BUS-009856,Nova Foods,Free,1,0.0,2024-09-25,2026-09-25,False
BUS-009857,Quantum Health,Mid,14,30.14,2026-04-15,2027-04-15,False
BUS-009858,Umbra Media,Free,3,0.0,2023-08-26,2026-08-25,False
BUS-009859,Stellar Trading,Mid,15,77.92,2025-03-29,2027-03-29,False
BUS-009860,Pioneer Builders,Mid,6,65.67,2026-04-14,2027-04-14,False
BUS-009861,Quantum Bakery,Free,1,0.0,2023-11-13,2026-11-12,False
BUS-009862,Acme Builders,Free,3,0.0,2024-04-08,2027-04-08,False
BUS-009863,Cobalt Auto,Mid,11,73.89,2025-09-25,2026-09-25,False
BUS-009864,Nova Partners,Mid,12,62.37,2025-07-26,2026-07-26,False
BUS-009865,Quantum Supply,Free,3,0.0,2025-07-15,2026-07-15,False
BUS-009866,Globex Group,Free,3,0.0,2025-10-24,2026-10-24,False
BUS-009867,Iron Group,Free,2,0.0,2023-12-08,2026-12-07,False
BUS-009868,Apex Logistics,Premium,15,611.03,2025-12-25,2026-12-25,False
BUS-009869,Globex Works,Premium,42,477.2,2023-08-26,2026-08-25,False
BUS-009870,Cedar Builders,Mid,14,72.86,2024-01-22,2027-01-21,False
BUS-009871,Umbra Media,Mid,12,34.5,2024-05-16,2027-05-16,True
BUS-009872,Vertex Media,Free,1,0.0,2023-11-15,2026-11-14,False
BUS-009873,Acme Bakery,Free,2,0.0,2025-01-21,2027-01-21,False
BUS-009874,Harbor Health,Premium,15,465.26,2025-07-31,2026-07-31,False
BUS-009875,Nova Consulting,Free,1,0.0,2026-04-01,2027-04-01,False
BUS-009876,Pioneer Consulting,Mid,10,94.92,2025-05-01,2027-05-01,False
BUS-009877,Cobalt Studios,Free,2,0.0,2025-05-25,2027-05-25,False
BUS-009878,Quantum Health,Free,1,0.0,2024-11-05,2026-11-05,False
BUS-009879,Quantum Consulting,Free,2,0.0,2024-03-10,2027-03-10,False
BUS-009880,Iron Studios,Free,2,0.0,2024-04-16,2027-04-16,False
BUS-009881,Cedar Group,Free,2,0.0,2025-09-22,2026-09-22,False
BUS-009882,Apex Media,Free,1,0.0,2024-08-26,2026-08-26,False
BUS-009883,Quantum Builders,Mid,10,50.05,2025-12-31,2026-12-31,False
BUS-009884,Bright Health,Mid,11,96.81,2023-07-07,2026-07-06,False
BUS-009885,Cobalt Partners,Mid,9,85.2,2025-08-20,2026-08-20,False
BUS-009886,Acme Logistics,Mid,9,83.8,2024-07-07,2026-07-07,False
BUS-009887,Globex Partners,Free,1,0.0,2026-03-18,2027-03-18,False
BUS-009888,Vertex Group,Mid,10,67.83,2025-09-07,2026-09-07,False
BUS-009889,Initech Partners,Free,3,0.0,2024-12-08,2026-12-08,False
BUS-009890,Globex Logistics,Mid,3,44.54,2025-04-24,2027-04-24,False
BUS-009891,Cedar Health,Mid,6,73.75,2025-07-01,2026-07-01,True
BUS-009892,Summit Health,Premium,43,545.89,2024-05-18,2027-05-18,False
BUS-009893,Vertex Health,Premium,30,416.21,2023-07-27,2026-07-26,False
BUS-009894,Initech Works,Free,2,0.0,2023-10-06,2026-10-05,False
BUS-009895,Apex Works,Free,2,0.0,2024-02-22,2027-02-21,False
BUS-009896,Apex Bakery,Mid,12,82.2,2025-08-20,2026-08-20,False
BUS-009897,Stellar Works,Free,2,0.0,2025-05-31,2027-05-31,False
BUS-009898,Harbor Retail,Free,3,0.0,2025-08-09,2026-08-09,False
BUS-009899,Acme Logistics,Premium,79,445.4,2023-07-28,2026-07-27,False
BUS-009900,Initech Consulting,Free,1,0.0,2025-05-09,2027-05-09,False
BUS-009901,Pioneer Group,Premium,37,339.64,2025-09-18,2026-09-18,False
BUS-009902,Apex Consulting,Free,1,0.0,2025-05-15,2027-05-15,False
BUS-009903,Stellar Retail,Free,2,0.0,2025-10-07,2026-10-07,False
BUS-009904,Summit Health,Free,1,0.0,2023-06-30,2026-06-29,False
BUS-009905,Vertex Builders,Free,3,0.0,2025-04-24,2027-04-24,False
BUS-009906,Pioneer Studios,Free,1,0.0,2025-05-26,2027-05-26,False
BUS-009907,Vertex Trading,Free,2,0.0,2024-12-18,2026-12-18,False
BUS-009908,Umbra Studios,Mid,4,67.86,2023-07-15,2026-07-14,False
BUS-009909,Bright Group,Free,3,0.0,2024-02-11,2027-02-10,False
BUS-009910,Acme Retail,Premium,94,429.89,2025-03-08,2027-03-08,False
BUS-009911,Globex Retail,Premium,72,251.69,2024-11-05,2026-11-05,False
BUS-009912,Cobalt Group,Premium,70,360.19,2025-02-22,2027-02-22,False
BUS-009913,Umbra Health,Premium,97,471.02,2024-11-22,2026-11-22,False
BUS-009914,Umbra Health,Mid,4,79.91,2024-03-16,2027-03-16,False
BUS-009915,Cedar Group,Mid,4,73.66,2026-04-29,2027-04-29,False
BUS-009916,Initech Builders,Free,3,0.0,2024-06-15,2026-06-15,False
BUS-009917,Pioneer Retail,Free,2,0.0,2024-09-18,2026-09-18,False
BUS-009918,Iron Auto,Mid,3,95.5,2025-10-13,2026-10-13,True
BUS-009919,Vertex Studios,Premium,80,421.68,2023-09-07,2026-09-06,False
BUS-009920,Globex Studios,Premium,53,433.56,2024-07-16,2026-07-16,False
BUS-009921,Vertex Consulting,Premium,53,520.2,2025-09-06,2026-09-06,False
BUS-009922,Pioneer Media,Premium,31,373.69,2024-09-27,2026-09-27,False
BUS-009923,Nova Media,Mid,6,77.67,2023-10-20,2026-10-19,False
BUS-009924,Iron Studios,Free,2,0.0,2023-09-16,2026-09-15,False
BUS-009925,Cobalt Retail,Free,2,0.0,2023-11-12,2026-11-11,False
BUS-009926,Acme Supply,Mid,10,52.35,2025-11-21,2026-11-21,False
BUS-009927,Summit Labs,Free,2,0.0,2023-08-20,2026-08-19,False
BUS-009928,Iron Studios,Mid,12,88.52,2026-02-15,2027-02-15,False
BUS-009929,Cobalt Supply,Free,3,0.0,2025-09-18,2026-09-18,False
BUS-009930,Apex Logistics,Free,1,0.0,2025-02-13,2027-02-13,False
BUS-009931,Summit Builders,Free,3,0.0,2024-05-06,2027-05-06,False
BUS-009932,Initech Auto,Free,3,0.0,2025-04-26,2027-04-26,False
BUS-009933,Cedar Health,Free,1,0.0,2024-07-08,2026-07-08,False
BUS-009934,Vertex Studios,Free,3,0.0,2024-10-26,2026-10-26,False
BUS-009935,Globex Studios,Free,2,0.0,2024-02-02,2027-02-01,False
BUS-009936,Pioneer Logistics,Free,3,0.0,2025-01-10,2027-01-10,False
BUS-009937,Apex Retail,Free,2,0.0,2024-08-28,2026-08-28,False
BUS-009938,Pioneer Builders,Free,1,0.0,2026-01-30,2027-01-30,False
BUS-009939,Acme Builders,Free,1,0.0,2023-09-06,2026-09-05,False
BUS-009940,Cobalt Auto,Free,3,0.0,2025-10-02,2026-10-02,False
BUS-009941,Initech Trading,Mid,4,60.63,2023-12-22,2026-12-21,False
BUS-009942,Apex Retail,Free,2,0.0,2024-07-05,2026-07-05,False
BUS-009943,Iron Supply,Premium,19,603.3,2024-12-07,2026-12-07,False
BUS-009944,Harbor Trading,Free,1,0.0,2023-12-23,2026-12-22,False
BUS-009945,Pioneer Media,Free,3,0.0,2023-08-12,2026-08-11,False
BUS-009946,Cobalt Partners,Free,2,0.0,2025-04-01,2027-04-01,False
BUS-009947,Bright Trading,Premium,75,653.48,2023-12-14,2026-12-13,False
BUS-009948,Summit Health,Mid,8,35.46,2023-06-30,2026-06-29,False
BUS-009949,Iron Media,Mid,6,85.39,2025-11-14,2026-11-14,False
BUS-009950,Cobalt Works,Free,2,0.0,2024-09-27,2026-09-27,False
BUS-009951,Harbor Media,Free,1,0.0,2023-06-03,2027-06-02,False
BUS-009952,Pioneer Group,Mid,11,76.89,2024-08-03,2026-08-03,False
BUS-009953,Vertex Works,Free,3,0.0,2025-01-15,2027-01-15,False
BUS-009954,Harbor Group,Mid,7,35.76,2025-12-10,2026-12-10,False
BUS-009955,Globex Logistics,Free,2,0.0,2023-10-18,2026-10-17,False
BUS-009956,Vertex Supply,Premium,54,640.0,2024-03-11,2027-03-11,False
BUS-009957,Globex Auto,Free,3,0.0,2025-11-19,2026-11-19,False
BUS-009958,Acme Trading,Free,3,0.0,2025-07-02,2026-07-02,False
BUS-009959,Cedar Group,Mid,7,57.86,2025-10-08,2026-10-08,False
BUS-009960,Summit Retail,Free,3,0.0,2024-02-02,2027-02-01,False
BUS-009961,Stellar Retail,Premium,40,440.91,2024-06-30,2026-06-30,False
BUS-009962,Quantum Studios,Mid,6,45.87,2025-11-03,2026-11-03,False
BUS-009963,Harbor Consulting,Free,2,0.0,2023-06-23,2026-06-22,False
BUS-009964,Acme Supply,Free,3,0.0,2025-05-13,2027-05-13,False
BUS-009965,Cedar Partners,Free,2,0.0,2025-03-05,2027-03-05,False
BUS-009966,Acme Labs,Mid,17,78.85,2025-11-06,2026-11-06,True
BUS-009967,Acme Trading,Free,3,0.0,2025-11-17,2026-11-17,False
BUS-009968,Apex Group,Free,1,0.0,2023-12-30,2026-12-29,False
BUS-009969,Apex Builders,Mid,10,69.25,2023-06-29,2026-06-28,False
BUS-009970,Apex Studios,Free,3,0.0,2025-12-13,2026-12-13,False
BUS-009971,Pioneer Labs,Premium,98,441.76,2024-01-08,2027-01-07,False
BUS-009972,Vertex Auto,Free,3,0.0,2024-09-07,2026-09-07,False
BUS-009973,Nova Bakery,Free,1,0.0,2025-06-23,2026-06-23,False
BUS-009974,Stellar Works,Free,1,0.0,2024-04-10,2027-04-10,False
BUS-009975,Cobalt Logistics,Free,3,0.0,2025-06-18,2026-06-18,False
BUS-009976,Umbra Supply,Premium,69,668.58,2024-02-17,2027-02-16,False
BUS-009977,Stellar Labs,Free,1,0.0,2025-04-11,2027-04-11,False
BUS-009978,Cobalt Trading,Free,3,0.0,2026-01-25,2027-01-25,False
BUS-009979,Summit Supply,Free,2,0.0,2024-09-10,2026-09-10,False
BUS-009980,Apex Builders,Free,1,0.0,2024-09-05,2026-09-05,False
BUS-009981,Stellar Bakery,Mid,10,82.04,2026-04-15,2027-04-15,False
BUS-009982,Quantum Builders,Premium,36,283.58,2024-07-20,2026-07-20,False
BUS-009983,Acme Foods,Mid,9,42.11,2023-08-05,2026-08-04,False
BUS-009984,Umbra Supply,Free,1,0.0,2024-09-01,2026-09-01,False
BUS-009985,Apex Consulting,Free,3,0.0,2024-01-19,2027-01-18,False
BUS-009986,Stellar Studios,Premium,34,515.72,2023-10-18,2026-10-17,False
BUS-009987,Vertex Health,Free,2,0.0,2026-02-28,2027-02-28,False
BUS-009988,Pioneer Auto,Mid,16,84.47,2024-01-09,2027-01-08,False
BUS-009989,Initech Studios,Premium,93,549.84,2026-03-31,2027-03-31,False
BUS-009990,Cedar Auto,Free,3,0.0,2025-11-20,2026-11-20,False
BUS-009991,Pioneer Foods,Free,1,0.0,2024-06-14,2026-06-14,False
BUS-009992,Pioneer Builders,Premium,20,614.24,2024-03-02,2027-03-02,False
BUS-009993,Pioneer Bakery,Mid,10,34.07,2024-09-18,2026-09-18,False
BUS-009994,Acme Studios,Free,1,0.0,2025-12-11,2026-12-11,False
BUS-009995,Cobalt Labs,Free,1,0.0,2023-07-07,2026-07-06,False
BUS-009996,Summit Studios,Mid,4,47.28,2023-12-07,2026-12-06,True
BUS-009997,Globex Health,Free,1,0.0,2026-04-22,2027-04-22,False
BUS-009998,Pioneer Studios,Free,2,0.0,2023-09-12,2026-09-11,False
BUS-009999,Summit Group,Free,1,0.0,2023-05-23,2027-05-22,False
